id_ambulancia,t0,n_pm_w,n_cm_w,n_total_mant_w,dias_desde_ultima_interv,n_eventos_vehicular_w,n_eventos_electrico_w,n_eventos_equipamiento_w,n_episodios_downtime_w,downtime_total_dias_w,downtime_promedio_dias_w,disponibilidad_w,km_en_w,servicios_en_w,equipamiento_funcional,y_inoperativa_14
AMB-T2-001,2024-03-01,1,2,3,18,1,1,1,1,1.4,1.4,0.9767,7370.0,98,0,0
AMB-T2-001,2024-03-08,0,2,2,25,0,1,1,1,1.4,1.4,0.9767,7370.0,98,0,0
AMB-T2-001,2024-03-15,0,2,2,32,0,1,1,1,1.4,1.4,0.9767,7370.0,98,0,0
AMB-T2-001,2024-03-22,0,2,2,39,0,1,1,1,1.4,1.4,0.9767,7370.0,98,0,0
AMB-T2-001,2024-03-29,0,2,2,46,0,1,1,1,1.4,1.4,0.9767,7370.0,98,0,0
AMB-T2-001,2024-04-05,0,1,1,53,0,0,1,0,0.0,0.0,1.0,6963.0,102,0,0
AMB-T2-001,2024-04-12,0,0,0,60,0,0,0,0,0.0,0.0,1.0,6963.0,102,1,0
AMB-T2-001,2024-04-19,0,0,0,60,0,0,0,0,0.0,0.0,1.0,6963.0,102,1,0
AMB-T2-001,2024-04-26,0,0,0,60,0,0,0,0,0.0,0.0,1.0,6963.0,102,1,1
AMB-T2-001,2024-05-03,0,0,0,60,0,0,0,0,0.0,0.0,1.0,6689.0,118,1,1
AMB-T2-001,2024-05-10,0,1,1,0,1,0,0,1,4.1,4.1,0.9317,6689.0,118,1,0
AMB-T2-001,2024-05-17,0,1,1,7,1,0,0,1,4.1,4.1,0.9317,6689.0,118,1,0
AMB-T2-001,2024-05-24,0,1,1,14,1,0,0,1,4.1,4.1,0.9317,6689.0,118,1,1
AMB-T2-001,2024-05-31,0,1,1,21,1,0,0,1,4.1,4.1,0.9317,3187.0,60,1,1
AMB-T2-001,2024-06-07,0,2,2,1,1,1,0,2,4.6,2.3,0.9233,7294.0,118,1,0
AMB-T2-001,2024-06-14,0,2,2,8,1,1,0,2,4.6,2.3,0.9233,7294.0,118,1,0
AMB-T2-001,2024-06-21,0,2,2,15,1,1,0,2,4.6,2.3,0.9233,7294.0,118,1,0
AMB-T2-001,2024-06-28,0,2,2,22,1,1,0,2,4.6,2.3,0.9233,7294.0,118,1,0
AMB-T2-001,2024-07-05,1,2,3,3,2,1,0,2,4.6,2.3,0.9233,8328.0,109,1,0
AMB-T2-001,2024-07-12,1,1,2,10,1,1,0,1,0.5,0.5,0.9917,8328.0,109,1,0
AMB-T2-001,2024-07-19,1,1,2,17,1,1,0,1,0.5,0.5,0.9917,8328.0,109,1,0
AMB-T2-001,2024-07-26,1,1,2,24,1,1,0,1,0.5,0.5,0.9917,8328.0,109,1,0
AMB-T2-001,2024-08-02,1,1,2,31,1,1,0,1,0.5,0.5,0.9917,8646.0,113,1,0
AMB-T2-001,2024-08-09,1,0,1,38,1,0,0,0,0.0,0.0,1.0,8646.0,113,1,0
AMB-T2-001,2024-08-16,1,0,1,45,1,0,0,0,0.0,0.0,1.0,8646.0,113,1,0
AMB-T2-001,2024-08-23,1,0,1,52,1,0,0,0,0.0,0.0,1.0,8646.0,113,1,0
AMB-T2-001,2024-08-30,1,0,1,59,1,0,0,0,0.0,0.0,1.0,4425.0,62,1,0
AMB-T2-001,2024-09-06,0,0,0,60,0,0,0,0,0.0,0.0,1.0,9176.0,152,1,0
AMB-T2-001,2024-09-13,0,0,0,60,0,0,0,0,0.0,0.0,1.0,9176.0,152,1,0
AMB-T2-001,2024-09-20,0,0,0,60,0,0,0,0,0.0,0.0,1.0,9176.0,152,1,0
AMB-T2-001,2024-09-27,0,0,0,60,0,0,0,0,0.0,0.0,1.0,9176.0,152,1,0
AMB-T2-001,2024-10-04,0,0,0,60,0,0,0,0,0.0,0.0,1.0,8292.0,146,1,0
AMB-T2-001,2024-10-11,0,0,0,60,0,0,0,0,0.0,0.0,1.0,8292.0,146,1,1
AMB-T2-001,2024-10-18,0,0,0,60,0,0,0,0,0.0,0.0,1.0,8292.0,146,1,1
AMB-T2-001,2024-10-25,0,3,3,2,2,0,1,1,2.3,2.3,0.9617,8292.0,146,0,1
AMB-T2-001,2024-11-01,0,4,4,1,2,0,2,2,3.8,1.9,0.9367,7217.0,124,0,0
AMB-T2-001,2024-11-08,0,4,4,8,2,0,2,2,3.8,1.9,0.9367,7217.0,124,0,0
AMB-T2-001,2024-11-15,0,4,4,15,2,0,2,2,3.8,1.9,0.9367,7217.0,124,0,1
AMB-T2-001,2024-11-22,0,4,4,22,2,0,2,2,3.8,1.9,0.9367,7217.0,124,0,1
AMB-T2-001,2024-11-29,0,5,5,3,2,0,3,3,4.5,1.5,0.925,7217.0,124,0,1
AMB-T2-001,2024-12-06,0,6,6,5,2,0,4,4,6.0,1.5,0.9,8295.0,121,0,1
AMB-T2-001,2024-12-13,0,7,7,4,2,1,4,5,10.7,2.14,0.8217,8295.0,121,0,0
AMB-T2-001,2024-12-20,0,7,7,11,2,1,4,5,10.7,2.14,0.8217,8295.0,121,0,0
AMB-T2-001,2024-12-27,0,4,4,18,0,1,3,4,8.4,2.1,0.86,8295.0,121,0,0
AMB-T2-001,2025-01-03,0,3,3,25,0,1,2,3,6.9,2.3,0.885,8671.0,112,0,0
AMB-T2-001,2025-01-10,0,3,3,32,0,1,2,3,6.9,2.3,0.885,8671.0,112,0,0
AMB-T2-001,2025-01-17,1,3,4,4,0,1,3,3,6.9,2.3,0.885,8671.0,112,0,0
AMB-T2-001,2025-01-24,1,3,4,11,0,1,3,3,6.9,2.3,0.885,8671.0,112,0,0
AMB-T2-001,2025-01-31,1,1,2,18,0,1,1,1,4.7,4.7,0.9217,4052.0,59,1,0
AMB-T2-001,2025-02-07,1,0,1,25,0,0,1,0,0.0,0.0,1.0,8246.0,138,1,0
AMB-T2-001,2025-02-14,1,0,1,32,0,0,1,0,0.0,0.0,1.0,8246.0,138,1,0
AMB-T2-001,2025-02-21,1,0,1,39,0,0,1,0,0.0,0.0,1.0,8246.0,138,1,0
AMB-T2-001,2025-02-28,1,0,1,46,0,0,1,0,0.0,0.0,1.0,8246.0,138,1,1
AMB-T2-001,2025-03-07,1,0,1,53,0,0,1,0,0.0,0.0,1.0,7873.0,120,1,1
AMB-T2-001,2025-03-14,0,1,1,0,1,0,0,1,1.5,1.5,0.975,7873.0,120,1,0
AMB-T2-001,2025-03-21,0,1,1,7,1,0,0,1,1.5,1.5,0.975,7873.0,120,1,0
AMB-T2-001,2025-03-28,0,1,1,14,1,0,0,1,1.5,1.5,0.975,7873.0,120,1,0
AMB-T2-001,2025-04-04,0,1,1,21,1,0,0,1,1.5,1.5,0.975,7949.0,92,1,0
AMB-T2-001,2025-04-11,0,1,1,28,1,0,0,1,1.5,1.5,0.975,7949.0,92,1,1
AMB-T2-001,2025-04-18,0,1,1,35,1,0,0,1,1.5,1.5,0.975,7949.0,92,1,1
AMB-T2-001,2025-04-25,0,3,3,3,3,0,0,2,3.0,1.5,0.95,7949.0,92,1,0
AMB-T2-001,2025-05-02,0,4,4,5,4,0,0,2,3.0,1.5,0.95,8008.0,121,1,0
AMB-T2-001,2025-05-09,0,4,4,12,4,0,0,2,3.0,1.5,0.95,8008.0,121,1,0
AMB-T2-001,2025-05-16,0,3,3,19,3,0,0,1,1.5,1.5,0.975,8008.0,121,1,0
AMB-T2-001,2025-05-23,0,3,3,26,3,0,0,1,1.5,1.5,0.975,8008.0,121,1,0
AMB-T2-001,2025-05-30,0,3,3,33,3,0,0,1,1.5,1.5,0.975,8008.0,121,1,0
AMB-T2-001,2025-06-06,0,3,3,40,3,0,0,1,1.5,1.5,0.975,7740.0,130,1,0
AMB-T2-001,2025-06-13,0,4,4,3,4,0,0,1,1.5,1.5,0.975,7740.0,130,1,0
AMB-T2-001,2025-06-20,0,3,3,10,3,0,0,1,1.5,1.5,0.975,7740.0,130,1,0
AMB-T2-001,2025-06-27,0,1,1,17,1,0,0,0,0.0,0.0,1.0,7740.0,130,1,0
AMB-T2-001,2025-07-04,1,1,2,5,1,0,1,0,0.0,0.0,1.0,7480.0,86,1,0
AMB-T2-001,2025-07-11,1,1,2,12,1,0,1,0,0.0,0.0,1.0,7480.0,86,1,0
AMB-T2-001,2025-07-18,1,1,2,19,1,0,1,0,0.0,0.0,1.0,7480.0,86,1,0
AMB-T2-001,2025-07-25,1,1,2,26,1,0,1,0,0.0,0.0,1.0,7480.0,86,1,0
AMB-T2-001,2025-08-01,1,1,2,33,1,0,1,0,0.0,0.0,1.0,7720.0,84,1,0
AMB-T2-001,2025-08-08,1,1,2,40,1,0,1,0,0.0,0.0,1.0,7720.0,84,1,0
AMB-T2-001,2025-08-15,1,0,1,47,0,0,1,0,0.0,0.0,1.0,7720.0,84,1,0
AMB-T2-001,2025-08-22,1,0,1,54,0,0,1,0,0.0,0.0,1.0,7720.0,84,1,0
AMB-T2-001,2025-08-29,0,0,0,60,0,0,0,0,0.0,0.0,1.0,7720.0,84,1,0
AMB-T2-001,2025-09-05,0,0,0,60,0,0,0,0,0.0,0.0,1.0,8973.0,124,1,0
AMB-T2-001,2025-09-12,0,0,0,60,0,0,0,0,0.0,0.0,1.0,8973.0,124,1,0
AMB-T2-001,2025-09-19,0,0,0,60,0,0,0,0,0.0,0.0,1.0,8973.0,124,1,0
AMB-T2-001,2025-09-26,0,0,0,60,0,0,0,0,0.0,0.0,1.0,8973.0,124,1,1
AMB-T2-001,2025-10-03,0,0,0,60,0,0,0,0,0.0,0.0,1.0,8230.0,140,1,1
AMB-T2-001,2025-10-10,0,1,1,4,0,0,1,1,0.5,0.5,0.9917,8230.0,140,0,1
AMB-T2-001,2025-10-17,0,1,1,11,0,0,1,1,0.5,0.5,0.9917,8230.0,140,0,1
AMB-T2-001,2025-10-24,0,2,2,2,0,1,1,2,6.5,3.25,0.8917,8230.0,140,0,1
AMB-T2-001,2025-10-31,0,2,2,9,0,1,1,2,6.5,3.25,0.8917,3499.0,74,0,1
AMB-T2-001,2025-11-07,0,3,3,3,0,1,2,3,10.9,3.63,0.8183,8013.0,132,0,0
AMB-T2-001,2025-11-14,0,3,3,10,0,1,2,3,10.9,3.63,0.8183,8013.0,132,0,0
AMB-T2-001,2025-11-21,0,3,3,17,0,1,2,3,10.9,3.63,0.8183,8013.0,132,0,0
AMB-T2-001,2025-11-28,0,3,3,24,0,1,2,3,10.9,3.63,0.8183,8013.0,132,0,1
AMB-T2-001,2025-12-05,0,2,2,31,0,1,1,2,10.4,5.2,0.8267,9054.0,112,0,1
AMB-T2-001,2025-12-12,0,3,3,5,1,1,1,3,10.9,3.63,0.8183,9054.0,112,0,0
AMB-T2-002,2024-03-01,1,0,1,49,0,1,0,0,0.0,0.0,1.0,6531.0,120,1,0
AMB-T2-002,2024-03-08,1,0,1,56,0,1,0,0,0.0,0.0,1.0,6531.0,120,1,0
AMB-T2-002,2024-03-15,0,0,0,60,0,0,0,0,0.0,0.0,1.0,6531.0,120,1,0
AMB-T2-002,2024-03-22,0,0,0,60,0,0,0,0,0.0,0.0,1.0,6531.0,120,1,0
AMB-T2-002,2024-03-29,0,0,0,60,0,0,0,0,0.0,0.0,1.0,6531.0,120,1,0
AMB-T2-002,2024-04-05,0,0,0,60,0,0,0,0,0.0,0.0,1.0,5985.0,106,1,0
AMB-T2-002,2024-04-12,0,0,0,60,0,0,0,0,0.0,0.0,1.0,5985.0,106,1,0
AMB-T2-002,2024-04-19,0,0,0,60,0,0,0,0,0.0,0.0,1.0,5985.0,106,1,0
AMB-T2-002,2024-04-26,0,0,0,60,0,0,0,0,0.0,0.0,1.0,5985.0,106,1,0
AMB-T2-002,2024-05-03,0,0,0,60,0,0,0,0,0.0,0.0,1.0,5852.0,116,1,0
AMB-T2-002,2024-05-10,0,0,0,60,0,0,0,0,0.0,0.0,1.0,5852.0,116,1,0
AMB-T2-002,2024-05-17,0,0,0,60,0,0,0,0,0.0,0.0,1.0,5852.0,116,1,0
AMB-T2-002,2024-05-24,0,0,0,60,0,0,0,0,0.0,0.0,1.0,5852.0,116,1,0
AMB-T2-002,2024-05-31,0,0,0,60,0,0,0,0,0.0,0.0,1.0,2797.0,73,1,0
AMB-T2-002,2024-06-07,0,0,0,60,0,0,0,0,0.0,0.0,1.0,5482.0,138,1,0
AMB-T2-002,2024-06-14,0,0,0,60,0,0,0,0,0.0,0.0,1.0,5482.0,138,1,0
AMB-T2-002,2024-06-21,0,0,0,60,0,0,0,0,0.0,0.0,1.0,5482.0,138,1,0
AMB-T2-002,2024-06-28,0,0,0,60,0,0,0,0,0.0,0.0,1.0,5482.0,138,1,0
AMB-T2-002,2024-07-05,0,0,0,60,0,0,0,0,0.0,0.0,1.0,5134.0,121,1,0
AMB-T2-002,2024-07-12,0,0,0,60,0,0,0,0,0.0,0.0,1.0,5134.0,121,1,0
AMB-T2-002,2024-07-19,1,0,1,1,1,0,0,0,0.0,0.0,1.0,5134.0,121,1,0
AMB-T2-002,2024-07-26,1,0,1,8,1,0,0,0,0.0,0.0,1.0,5134.0,121,1,0
AMB-T2-002,2024-08-02,1,0,1,15,1,0,0,0,0.0,0.0,1.0,5757.0,125,1,0
AMB-T2-002,2024-08-09,1,0,1,22,1,0,0,0,0.0,0.0,1.0,5757.0,125,1,0
AMB-T2-002,2024-08-16,1,0,1,29,1,0,0,0,0.0,0.0,1.0,5757.0,125,1,0
AMB-T2-002,2024-08-23,1,0,1,36,1,0,0,0,0.0,0.0,1.0,5757.0,125,1,0
AMB-T2-002,2024-08-30,1,0,1,43,1,0,0,0,0.0,0.0,1.0,3308.0,69,1,1
AMB-T2-002,2024-09-06,1,0,1,50,1,0,0,0,0.0,0.0,1.0,6045.0,108,1,1
AMB-T2-002,2024-09-13,1,1,2,3,1,0,1,1,1.5,1.5,0.975,6045.0,108,0,0
AMB-T2-002,2024-09-20,0,1,1,10,0,0,1,1,1.5,1.5,0.975,6045.0,108,0,0
AMB-T2-002,2024-09-27,0,1,1,17,0,0,1,1,1.5,1.5,0.975,6045.0,108,0,0
AMB-T2-002,2024-10-04,0,1,1,24,0,0,1,1,1.5,1.5,0.975,5797.0,109,0,0
AMB-T2-002,2024-10-11,0,1,1,31,0,0,1,1,1.5,1.5,0.975,5797.0,109,0,0
AMB-T2-002,2024-10-18,0,1,1,38,0,0,1,1,1.5,1.5,0.975,5797.0,109,0,0
AMB-T2-002,2024-10-25,0,1,1,45,0,0,1,1,1.5,1.5,0.975,5797.0,109,0,0
AMB-T2-002,2024-11-01,0,1,1,52,0,0,1,1,1.5,1.5,0.975,5659.0,89,0,0
AMB-T2-002,2024-11-08,0,1,1,59,0,0,1,1,1.5,1.5,0.975,5659.0,89,0,0
AMB-T2-002,2024-11-15,0,1,1,6,0,1,0,0,0.0,0.0,1.0,5659.0,89,1,0
AMB-T2-002,2024-11-22,0,1,1,13,0,1,0,0,0.0,0.0,1.0,5659.0,89,1,1
AMB-T2-002,2024-11-29,0,1,1,20,0,1,0,0,0.0,0.0,1.0,5659.0,89,1,1
AMB-T2-002,2024-12-06,0,2,2,4,0,1,1,1,4.6,4.6,0.9233,5765.0,80,0,0
AMB-T2-002,2024-12-13,0,2,2,11,0,1,1,1,4.6,4.6,0.9233,5765.0,80,0,0
AMB-T2-002,2024-12-20,0,2,2,18,0,1,1,1,4.6,4.6,0.9233,5765.0,80,0,0
AMB-T2-002,2024-12-27,0,2,2,25,0,1,1,1,4.6,4.6,0.9233,5765.0,80,0,0
AMB-T2-002,2025-01-03,0,2,2,32,0,1,1,1,4.6,4.6,0.9233,5688.0,121,0,0
AMB-T2-002,2025-01-10,1,2,3,5,0,1,2,1,4.6,4.6,0.9233,5688.0,121,0,1
AMB-T2-002,2025-01-17,1,2,3,12,0,1,2,1,4.6,4.6,0.9233,5688.0,121,0,1
AMB-T2-002,2025-01-24,1,3,4,0,0,2,2,2,10.7,5.35,0.8217,5688.0,121,0,0
AMB-T2-002,2025-01-31,1,2,3,7,0,2,1,1,6.1,6.1,0.8983,2522.0,60,0,0
AMB-T2-002,2025-02-07,1,2,3,14,0,2,1,1,6.1,6.1,0.8983,5030.0,108,0,0
AMB-T2-002,2025-02-14,1,2,3,21,0,2,1,1,6.1,6.1,0.8983,5030.0,108,0,1
AMB-T2-002,2025-02-21,1,2,3,28,0,2,1,1,6.1,6.1,0.8983,5030.0,108,0,1
AMB-T2-002,2025-02-28,1,4,5,0,1,3,1,2,11.3,5.65,0.8117,5030.0,108,0,0
AMB-T2-002,2025-03-07,0,3,3,7,1,2,0,2,11.3,5.65,0.8117,6089.0,84,1,0
AMB-T2-002,2025-03-14,0,3,3,14,1,2,0,2,11.3,5.65,0.8117,6089.0,84,1,0
AMB-T2-002,2025-03-21,0,3,3,21,1,2,0,2,11.3,5.65,0.8117,6089.0,84,1,0
AMB-T2-002,2025-03-28,0,2,2,28,1,1,0,1,5.2,5.2,0.9133,6089.0,84,1,1
AMB-T2-002,2025-04-04,0,2,2,35,1,1,0,1,5.2,5.2,0.9133,6820.0,100,1,1
AMB-T2-002,2025-04-11,0,3,3,2,1,2,0,2,8.0,4.0,0.8667,6820.0,100,1,0
AMB-T2-002,2025-04-18,0,3,3,9,1,2,0,2,8.0,4.0,0.8667,6820.0,100,1,0
AMB-T2-002,2025-04-25,0,3,3,16,1,2,0,2,8.0,4.0,0.8667,6820.0,100,1,0
AMB-T2-002,2025-05-02,0,1,1,23,0,1,0,1,2.8,2.8,0.9533,6653.0,105,1,1
AMB-T2-002,2025-05-09,0,1,1,30,0,1,0,1,2.8,2.8,0.9533,6653.0,105,1,1
AMB-T2-002,2025-05-16,0,2,2,6,0,1,1,2,3.3,1.65,0.945,6653.0,105,0,0
AMB-T2-002,2025-05-23,0,2,2,13,0,1,1,2,3.3,1.65,0.945,6653.0,105,0,0
AMB-T2-002,2025-05-30,0,3,3,1,0,1,2,2,3.3,1.65,0.945,6653.0,105,0,0
AMB-T2-002,2025-06-06,0,3,3,8,0,1,2,2,3.3,1.65,0.945,7455.0,99,0,0
AMB-T2-002,2025-06-13,0,2,2,15,0,0,2,1,0.5,0.5,0.9917,7455.0,99,0,0
AMB-T2-002,2025-06-20,0,2,2,22,0,0,2,1,0.5,0.5,0.9917,7455.0,99,0,0
AMB-T2-002,2025-06-27,0,2,2,29,0,0,2,1,0.5,0.5,0.9917,7455.0,99,0,0
AMB-T2-002,2025-07-04,0,2,2,36,0,0,2,1,0.5,0.5,0.9917,6055.0,118,0,0
AMB-T2-002,2025-07-11,0,1,1,43,0,0,1,0,0.0,0.0,1.0,6055.0,118,0,0
AMB-T2-002,2025-07-18,1,1,2,4,0,0,2,0,0.0,0.0,1.0,6055.0,118,0,0
AMB-T2-002,2025-07-25,1,1,2,11,0,0,2,0,0.0,0.0,1.0,6055.0,118,0,0
AMB-T2-002,2025-08-01,1,0,1,18,0,0,1,0,0.0,0.0,1.0,4801.0,112,1,1
AMB-T2-002,2025-08-08,1,0,1,25,0,0,1,0,0.0,0.0,1.0,4801.0,112,1,1
AMB-T2-002,2025-08-15,1,1,2,3,1,0,1,1,5.2,5.2,0.9133,4801.0,112,1,1
AMB-T2-002,2025-08-22,1,1,2,10,1,0,1,2,10.1,5.05,0.8317,4801.0,112,1,0
AMB-T2-002,2025-08-29,1,1,2,17,1,0,1,2,10.1,5.05,0.8317,4801.0,112,1,0
AMB-T2-002,2025-09-05,1,1,2,24,1,0,1,2,10.1,5.05,0.8317,6522.0,95,1,1
AMB-T2-002,2025-09-12,0,1,1,31,1,0,0,2,10.1,5.05,0.8317,6522.0,95,1,1
AMB-T2-002,2025-09-19,0,1,1,38,1,0,0,3,11.8,3.93,0.8033,6522.0,95,1,1
AMB-T2-002,2025-09-26,0,2,2,5,1,0,1,3,11.8,3.93,0.8033,6522.0,95,0,1
AMB-T2-002,2025-10-03,0,3,3,5,1,1,1,4,14.7,3.68,0.755,5877.0,111,0,1
AMB-T2-002,2025-10-10,0,4,4,3,1,2,1,5,18.3,3.66,0.695,5877.0,111,0,1
AMB-T2-002,2025-10-17,0,3,3,10,0,2,1,4,13.1,3.28,0.7817,5877.0,111,0,1
AMB-T2-002,2025-10-24,0,4,4,1,0,3,1,4,11.3,2.82,0.8117,5877.0,111,0,0
AMB-T2-002,2025-10-31,0,4,4,8,0,3,1,4,11.3,2.82,0.8117,2142.0,68,0,0
AMB-T2-002,2025-11-07,0,4,4,15,0,3,1,4,11.3,2.82,0.8117,5971.0,117,0,0
AMB-T2-002,2025-11-14,0,4,4,22,0,3,1,4,11.3,2.82,0.8117,5971.0,117,0,0
AMB-T2-002,2025-11-21,0,4,4,2,0,4,0,3,9.6,3.2,0.84,5971.0,117,1,1
AMB-T2-002,2025-11-28,0,3,3,9,0,3,0,2,6.7,3.35,0.8883,5971.0,117,1,1
AMB-T2-002,2025-12-05,0,4,4,6,0,4,0,3,7.5,2.5,0.875,7471.0,94,1,0
AMB-T2-002,2025-12-12,0,3,3,13,0,3,0,2,3.9,1.95,0.935,7471.0,94,1,0
AMB-T2-003,2024-03-01,1,0,1,49,1,0,0,0,0.0,0.0,1.0,3225.0,67,1,0
AMB-T2-003,2024-03-08,1,0,1,56,1,0,0,0,0.0,0.0,1.0,3225.0,67,1,0
AMB-T2-003,2024-03-15,0,0,0,60,0,0,0,0,0.0,0.0,1.0,3225.0,67,1,0
AMB-T2-003,2024-03-22,0,0,0,60,0,0,0,0,0.0,0.0,1.0,3225.0,67,1,0
AMB-T2-003,2024-03-29,0,0,0,60,0,0,0,0,0.0,0.0,1.0,3225.0,67,1,0
AMB-T2-003,2024-04-05,0,0,0,60,0,0,0,0,0.0,0.0,1.0,3612.0,85,1,0
AMB-T2-003,2024-04-12,0,0,0,60,0,0,0,0,0.0,0.0,1.0,3612.0,85,1,0
AMB-T2-003,2024-04-19,0,0,0,60,0,0,0,0,0.0,0.0,1.0,3612.0,85,1,0
AMB-T2-003,2024-04-26,0,0,0,60,0,0,0,0,0.0,0.0,1.0,3612.0,85,1,0
AMB-T2-003,2024-05-03,0,0,0,60,0,0,0,0,0.0,0.0,1.0,3636.0,94,1,0
AMB-T2-003,2024-05-10,0,0,0,60,0,0,0,0,0.0,0.0,1.0,3636.0,94,1,0
AMB-T2-003,2024-05-17,0,0,0,60,0,0,0,0,0.0,0.0,1.0,3636.0,94,1,0
AMB-T2-003,2024-05-24,0,0,0,60,0,0,0,0,0.0,0.0,1.0,3636.0,94,1,1
AMB-T2-003,2024-05-31,0,0,0,60,0,0,0,0,0.0,0.0,1.0,1373.0,39,1,1
AMB-T2-003,2024-06-07,0,1,1,6,1,0,0,1,4.2,4.2,0.93,3825.0,49,1,0
AMB-T2-003,2024-06-14,0,1,1,13,1,0,0,1,4.2,4.2,0.93,3825.0,49,1,0
AMB-T2-003,2024-06-21,0,1,1,20,1,0,0,1,4.2,4.2,0.93,3825.0,49,1,0
AMB-T2-003,2024-06-28,0,1,1,27,1,0,0,1,4.2,4.2,0.93,3825.0,49,1,0
AMB-T2-003,2024-07-05,0,1,1,34,1,0,0,1,4.2,4.2,0.93,4772.0,53,1,0
AMB-T2-003,2024-07-12,0,1,1,41,1,0,0,1,4.2,4.2,0.93,4772.0,53,1,0
AMB-T2-003,2024-07-19,1,1,2,6,1,1,0,1,4.2,4.2,0.93,4772.0,53,1,0
AMB-T2-003,2024-07-26,1,1,2,13,1,1,0,1,4.2,4.2,0.93,4772.0,53,1,0
AMB-T2-003,2024-08-02,1,0,1,20,0,1,0,0,0.0,0.0,1.0,4747.0,75,1,0
AMB-T2-003,2024-08-09,1,0,1,27,0,1,0,0,0.0,0.0,1.0,4747.0,75,1,0
AMB-T2-003,2024-08-16,1,0,1,34,0,1,0,0,0.0,0.0,1.0,4747.0,75,1,0
AMB-T2-003,2024-08-23,1,0,1,41,0,1,0,0,0.0,0.0,1.0,4747.0,75,1,0
AMB-T2-003,2024-08-30,1,0,1,48,0,1,0,0,0.0,0.0,1.0,2427.0,32,1,0
AMB-T2-003,2024-09-06,1,0,1,55,0,1,0,0,0.0,0.0,1.0,4701.0,67,1,0
AMB-T2-003,2024-09-13,0,0,0,60,0,0,0,0,0.0,0.0,1.0,4701.0,67,1,0
AMB-T2-003,2024-09-20,0,0,0,60,0,0,0,0,0.0,0.0,1.0,4701.0,67,1,0
AMB-T2-003,2024-09-27,0,0,0,60,0,0,0,0,0.0,0.0,1.0,4701.0,67,1,0
AMB-T2-003,2024-10-04,0,0,0,60,0,0,0,0,0.0,0.0,1.0,3334.0,70,1,0
AMB-T2-003,2024-10-11,0,0,0,60,0,0,0,0,0.0,0.0,1.0,3334.0,70,1,0
AMB-T2-003,2024-10-18,0,0,0,60,0,0,0,0,0.0,0.0,1.0,3334.0,70,1,0
AMB-T2-003,2024-10-25,0,0,0,60,0,0,0,0,0.0,0.0,1.0,3334.0,70,1,0
AMB-T2-003,2024-11-01,0,0,0,60,0,0,0,0,0.0,0.0,1.0,2914.0,59,1,0
AMB-T2-003,2024-11-08,0,0,0,60,0,0,0,0,0.0,0.0,1.0,2914.0,59,1,0
AMB-T2-003,2024-11-15,0,0,0,60,0,0,0,0,0.0,0.0,1.0,2914.0,59,1,0
AMB-T2-003,2024-11-22,0,0,0,60,0,0,0,0,0.0,0.0,1.0,2914.0,59,1,0
AMB-T2-003,2024-11-29,0,0,0,60,0,0,0,0,0.0,0.0,1.0,2914.0,59,1,0
AMB-T2-003,2024-12-06,0,0,0,60,0,0,0,0,0.0,0.0,1.0,5419.0,72,1,0
AMB-T2-003,2024-12-13,0,0,0,60,0,0,0,0,0.0,0.0,1.0,5419.0,72,1,0
AMB-T2-003,2024-12-20,0,0,0,60,0,0,0,0,0.0,0.0,1.0,5419.0,72,1,0
AMB-T2-003,2024-12-27,0,0,0,60,0,0,0,0,0.0,0.0,1.0,5419.0,72,1,0
AMB-T2-003,2025-01-03,0,0,0,60,0,0,0,0,0.0,0.0,1.0,4949.0,85,1,0
AMB-T2-003,2025-01-10,0,0,0,60,0,0,0,0,0.0,0.0,1.0,4949.0,85,1,0
AMB-T2-003,2025-01-17,1,0,1,3,0,1,0,0,0.0,0.0,1.0,4949.0,85,1,0
AMB-T2-003,2025-01-24,1,0,1,10,0,1,0,0,0.0,0.0,1.0,4949.0,85,1,0
AMB-T2-003,2025-01-31,1,0,1,17,0,1,0,0,0.0,0.0,1.0,1384.0,37,1,0
AMB-T2-003,2025-02-07,1,0,1,24,0,1,0,0,0.0,0.0,1.0,4333.0,52,1,0
AMB-T2-003,2025-02-14,1,0,1,31,0,1,0,0,0.0,0.0,1.0,4333.0,52,1,0
AMB-T2-003,2025-02-21,1,0,1,38,0,1,0,0,0.0,0.0,1.0,4333.0,52,1,0
AMB-T2-003,2025-02-28,1,0,1,45,0,1,0,0,0.0,0.0,1.0,4333.0,52,1,0
AMB-T2-003,2025-03-07,1,0,1,52,0,1,0,0,0.0,0.0,1.0,5069.0,49,1,0
AMB-T2-003,2025-03-14,1,0,1,59,0,1,0,0,0.0,0.0,1.0,5069.0,49,1,0
AMB-T2-003,2025-03-21,0,0,0,60,0,0,0,0,0.0,0.0,1.0,5069.0,49,1,0
AMB-T2-003,2025-03-28,0,0,0,60,0,0,0,0,0.0,0.0,1.0,5069.0,49,1,0
AMB-T2-003,2025-04-04,0,0,0,60,0,0,0,0,0.0,0.0,1.0,3429.0,71,1,0
AMB-T2-003,2025-04-11,0,0,0,60,0,0,0,0,0.0,0.0,1.0,3429.0,71,1,0
AMB-T2-003,2025-04-18,0,0,0,60,0,0,0,0,0.0,0.0,1.0,3429.0,71,1,0
AMB-T2-003,2025-04-25,0,1,1,5,0,1,0,0,0.0,0.0,1.0,3429.0,71,1,0
AMB-T2-003,2025-05-02,0,1,1,12,0,1,0,0,0.0,0.0,1.0,4053.0,88,1,0
AMB-T2-003,2025-05-09,0,1,1,19,0,1,0,0,0.0,0.0,1.0,4053.0,88,1,0
AMB-T2-003,2025-05-16,0,1,1,26,0,1,0,0,0.0,0.0,1.0,4053.0,88,1,0
AMB-T2-003,2025-05-23,0,1,1,33,0,1,0,0,0.0,0.0,1.0,4053.0,88,1,0
AMB-T2-003,2025-05-30,0,1,1,40,0,1,0,0,0.0,0.0,1.0,4053.0,88,1,0
AMB-T2-003,2025-06-06,0,1,1,47,0,1,0,0,0.0,0.0,1.0,4668.0,114,1,1
AMB-T2-003,2025-06-13,0,1,1,54,0,1,0,0,0.0,0.0,1.0,4668.0,114,1,1
AMB-T2-003,2025-06-20,0,1,1,5,0,0,1,1,4.0,4.0,0.9333,4668.0,114,0,0
AMB-T2-003,2025-06-27,0,1,1,12,0,0,1,1,4.0,4.0,0.9333,4668.0,114,0,0
AMB-T2-003,2025-07-04,0,1,1,19,0,0,1,1,4.0,4.0,0.9333,2763.0,100,0,1
AMB-T2-003,2025-07-11,1,1,2,2,0,1,1,1,4.0,4.0,0.9333,2763.0,100,0,1
AMB-T2-003,2025-07-18,1,2,3,0,1,1,1,2,6.6,3.3,0.89,2763.0,100,0,0
AMB-T2-003,2025-07-25,1,2,3,7,1,1,1,2,6.6,3.3,0.89,2763.0,100,0,0
AMB-T2-003,2025-08-01,1,2,3,14,1,1,1,2,6.6,3.3,0.89,2065.0,71,0,0
AMB-T2-003,2025-08-08,1,2,3,21,1,1,1,2,6.6,3.3,0.89,2065.0,71,0,0
AMB-T2-003,2025-08-15,1,1,2,28,1,1,0,1,2.6,2.6,0.9567,2065.0,71,1,0
AMB-T2-003,2025-08-22,1,1,2,35,1,1,0,1,2.6,2.6,0.9567,2065.0,71,1,0
AMB-T2-003,2025-08-29,1,1,2,42,1,1,0,1,2.6,2.6,0.9567,2065.0,71,1,0
AMB-T2-003,2025-09-05,1,1,2,49,1,1,0,1,2.6,2.6,0.9567,2987.0,73,1,0
AMB-T2-003,2025-09-12,0,1,1,56,1,0,0,1,2.6,2.6,0.9567,2987.0,73,1,0
AMB-T2-003,2025-09-19,0,0,0,60,0,0,0,0,0.0,0.0,1.0,2987.0,73,1,0
AMB-T2-003,2025-09-26,0,0,0,60,0,0,0,0,0.0,0.0,1.0,2987.0,73,1,0
AMB-T2-003,2025-10-03,0,0,0,60,0,0,0,0,0.0,0.0,1.0,3759.0,62,1,0
AMB-T2-003,2025-10-10,0,0,0,60,0,0,0,0,0.0,0.0,1.0,3759.0,62,1,0
AMB-T2-003,2025-10-17,0,1,1,0,1,0,0,0,0.0,0.0,1.0,3759.0,62,1,0
AMB-T2-003,2025-10-24,0,1,1,7,1,0,0,0,0.0,0.0,1.0,3759.0,62,1,0
AMB-T2-003,2025-10-31,0,1,1,14,1,0,0,0,0.0,0.0,1.0,1998.0,23,1,0
AMB-T2-003,2025-11-07,0,1,1,21,1,0,0,0,0.0,0.0,1.0,3616.0,79,1,0
AMB-T2-003,2025-11-14,0,1,1,28,1,0,0,0,0.0,0.0,1.0,3616.0,79,1,0
AMB-T2-003,2025-11-21,0,1,1,35,1,0,0,0,0.0,0.0,1.0,3616.0,79,1,0
AMB-T2-003,2025-11-28,0,2,2,2,2,0,0,0,0.0,0.0,1.0,3616.0,79,1,0
AMB-T2-003,2025-12-05,0,2,2,9,2,0,0,0,0.0,0.0,1.0,3958.0,68,1,0
AMB-T2-003,2025-12-12,0,2,2,16,2,0,0,0,0.0,0.0,1.0,3958.0,68,1,0
AMB-T2-004,2024-03-01,1,0,1,52,1,0,0,0,0.0,0.0,1.0,5193.0,70,1,0
AMB-T2-004,2024-03-08,1,0,1,59,1,0,0,0,0.0,0.0,1.0,5193.0,70,1,0
AMB-T2-004,2024-03-15,0,0,0,60,0,0,0,0,0.0,0.0,1.0,5193.0,70,1,0
AMB-T2-004,2024-03-22,0,0,0,60,0,0,0,0,0.0,0.0,1.0,5193.0,70,1,0
AMB-T2-004,2024-03-29,0,0,0,60,0,0,0,0,0.0,0.0,1.0,5193.0,70,1,0
AMB-T2-004,2024-04-05,0,0,0,60,0,0,0,0,0.0,0.0,1.0,5172.0,54,1,0
AMB-T2-004,2024-04-12,0,0,0,60,0,0,0,0,0.0,0.0,1.0,5172.0,54,1,0
AMB-T2-004,2024-04-19,0,0,0,60,0,0,0,0,0.0,0.0,1.0,5172.0,54,1,0
AMB-T2-004,2024-04-26,0,0,0,60,0,0,0,0,0.0,0.0,1.0,5172.0,54,1,0
AMB-T2-004,2024-05-03,0,0,0,60,0,0,0,0,0.0,0.0,1.0,4820.0,62,1,0
AMB-T2-004,2024-05-10,0,0,0,60,0,0,0,0,0.0,0.0,1.0,4820.0,62,1,0
AMB-T2-004,2024-05-17,0,0,0,60,0,0,0,0,0.0,0.0,1.0,4820.0,62,1,1
AMB-T2-004,2024-05-24,0,0,0,60,0,0,0,0,0.0,0.0,1.0,4820.0,62,1,1
AMB-T2-004,2024-05-31,0,1,1,2,1,0,0,1,4.4,4.4,0.9267,2598.0,33,1,0
AMB-T2-004,2024-06-07,0,1,1,9,1,0,0,1,4.4,4.4,0.9267,4856.0,65,1,0
AMB-T2-004,2024-06-14,0,1,1,16,1,0,0,1,4.4,4.4,0.9267,4856.0,65,1,0
AMB-T2-004,2024-06-21,0,1,1,23,1,0,0,1,4.4,4.4,0.9267,4856.0,65,1,0
AMB-T2-004,2024-06-28,0,1,1,30,1,0,0,1,4.4,4.4,0.9267,4856.0,65,1,0
AMB-T2-004,2024-07-05,0,1,1,37,1,0,0,1,4.4,4.4,0.9267,4434.0,88,1,0
AMB-T2-004,2024-07-12,0,1,1,44,1,0,0,1,4.4,4.4,0.9267,4434.0,88,1,0
AMB-T2-004,2024-07-19,1,1,2,2,2,0,0,1,4.4,4.4,0.9267,4434.0,88,1,0
AMB-T2-004,2024-07-26,1,1,2,9,2,0,0,1,4.4,4.4,0.9267,4434.0,88,1,1
AMB-T2-004,2024-08-02,1,0,1,16,1,0,0,0,0.0,0.0,1.0,5850.0,96,1,1
AMB-T2-004,2024-08-09,1,1,2,4,2,0,0,1,0.8,0.8,0.9867,5850.0,96,1,0
AMB-T2-004,2024-08-16,1,1,2,11,2,0,0,1,0.8,0.8,0.9867,5850.0,96,1,0
AMB-T2-004,2024-08-23,1,1,2,18,2,0,0,1,0.8,0.8,0.9867,5850.0,96,1,0
AMB-T2-004,2024-08-30,1,1,2,25,2,0,0,1,0.8,0.8,0.9867,3674.0,40,1,0
AMB-T2-004,2024-09-06,1,1,2,32,2,0,0,1,0.8,0.8,0.9867,5854.0,56,1,0
AMB-T2-004,2024-09-13,1,1,2,39,2,0,0,1,0.8,0.8,0.9867,5854.0,56,1,0
AMB-T2-004,2024-09-20,0,1,1,46,1,0,0,1,0.8,0.8,0.9867,5854.0,56,1,0
AMB-T2-004,2024-09-27,0,1,1,53,1,0,0,1,0.8,0.8,0.9867,5854.0,56,1,0
AMB-T2-004,2024-10-04,0,0,0,60,0,0,0,0,0.0,0.0,1.0,3964.0,50,1,0
AMB-T2-004,2024-10-11,0,0,0,60,0,0,0,0,0.0,0.0,1.0,3964.0,50,1,0
AMB-T2-004,2024-10-18,0,0,0,60,0,0,0,0,0.0,0.0,1.0,3964.0,50,1,0
AMB-T2-004,2024-10-25,0,0,0,60,0,0,0,0,0.0,0.0,1.0,3964.0,50,1,1
AMB-T2-004,2024-11-01,0,0,0,60,0,0,0,0,0.0,0.0,1.0,3595.0,62,1,1
AMB-T2-004,2024-11-08,0,1,1,6,0,1,0,1,3.0,3.0,0.95,3595.0,62,1,0
AMB-T2-004,2024-11-15,0,1,1,13,0,1,0,1,3.0,3.0,0.95,3595.0,62,1,0
AMB-T2-004,2024-11-22,0,1,1,20,0,1,0,1,3.0,3.0,0.95,3595.0,62,1,0
AMB-T2-004,2024-11-29,0,1,1,27,0,1,0,1,3.0,3.0,0.95,3595.0,62,1,1
AMB-T2-004,2024-12-06,0,1,1,34,0,1,0,1,3.0,3.0,0.95,4996.0,64,1,1
AMB-T2-004,2024-12-13,0,2,2,1,1,1,0,2,6.6,3.3,0.89,4996.0,64,1,0
AMB-T2-004,2024-12-20,0,2,2,8,1,1,0,2,6.6,3.3,0.89,4996.0,64,1,1
AMB-T2-004,2024-12-27,0,2,2,15,1,1,0,2,6.6,3.3,0.89,4996.0,64,1,1
AMB-T2-004,2025-01-03,0,2,2,3,1,0,1,2,4.1,2.05,0.9317,5496.0,63,0,0
AMB-T2-004,2025-01-10,0,2,2,10,1,0,1,2,4.1,2.05,0.9317,5496.0,63,0,0
AMB-T2-004,2025-01-17,0,2,2,17,1,0,1,2,4.1,2.05,0.9317,5496.0,63,0,1
AMB-T2-004,2025-01-24,1,2,3,2,1,0,2,2,4.1,2.05,0.9317,5496.0,63,0,1
AMB-T2-004,2025-01-31,1,3,4,6,1,0,3,3,7.5,2.5,0.875,2311.0,27,0,0
AMB-T2-004,2025-02-07,1,3,4,13,1,0,3,3,7.5,2.5,0.875,5258.0,60,0,0
AMB-T2-004,2025-02-14,1,2,3,20,0,0,3,2,3.9,1.95,0.935,5258.0,60,0,0
AMB-T2-004,2025-02-21,1,2,3,27,0,0,3,2,3.9,1.95,0.935,5258.0,60,0,0
AMB-T2-004,2025-02-28,1,2,3,34,0,0,3,2,3.9,1.95,0.935,5258.0,60,0,0
AMB-T2-004,2025-03-07,1,1,2,41,0,0,2,1,3.4,3.4,0.9433,4875.0,50,0,0
AMB-T2-004,2025-03-14,1,1,2,48,0,0,2,1,3.4,3.4,0.9433,4875.0,50,0,0
AMB-T2-004,2025-03-21,1,1,2,55,0,0,2,1,3.4,3.4,0.9433,4875.0,50,0,0
AMB-T2-004,2025-03-28,0,0,0,60,0,0,0,0,0.0,0.0,1.0,4875.0,50,1,0
AMB-T2-004,2025-04-04,0,0,0,60,0,0,0,0,0.0,0.0,1.0,4131.0,46,1,0
AMB-T2-004,2025-04-11,0,0,0,60,0,0,0,0,0.0,0.0,1.0,4131.0,46,1,0
AMB-T2-004,2025-04-18,0,0,0,60,0,0,0,0,0.0,0.0,1.0,4131.0,46,1,0
AMB-T2-004,2025-04-25,0,0,0,60,0,0,0,0,0.0,0.0,1.0,4131.0,46,1,0
AMB-T2-004,2025-05-02,0,0,0,60,0,0,0,0,0.0,0.0,1.0,5454.0,87,1,0
AMB-T2-004,2025-05-09,0,0,0,60,0,0,0,0,0.0,0.0,1.0,5454.0,87,1,0
AMB-T2-004,2025-05-16,0,0,0,60,0,0,0,0,0.0,0.0,1.0,5454.0,87,1,0
AMB-T2-004,2025-05-23,0,0,0,60,0,0,0,0,0.0,0.0,1.0,5454.0,87,1,0
AMB-T2-004,2025-05-30,0,0,0,60,0,0,0,0,0.0,0.0,1.0,5454.0,87,1,0
AMB-T2-004,2025-06-06,0,0,0,60,0,0,0,0,0.0,0.0,1.0,4750.0,80,1,0
AMB-T2-004,2025-06-13,0,0,0,60,0,0,0,0,0.0,0.0,1.0,4750.0,80,1,0
AMB-T2-004,2025-06-20,0,1,1,6,0,1,0,0,0.0,0.0,1.0,4750.0,80,1,0
AMB-T2-004,2025-06-27,0,1,1,13,0,1,0,0,0.0,0.0,1.0,4750.0,80,1,0
AMB-T2-004,2025-07-04,0,1,1,20,0,1,0,0,0.0,0.0,1.0,3573.0,48,1,0
AMB-T2-004,2025-07-11,1,2,3,2,0,3,0,0,0.0,0.0,1.0,3573.0,48,1,0
AMB-T2-004,2025-07-18,1,2,3,9,0,3,0,0,0.0,0.0,1.0,3573.0,48,1,0
AMB-T2-004,2025-07-25,1,2,3,16,0,3,0,0,0.0,0.0,1.0,3573.0,48,1,0
AMB-T2-004,2025-08-01,1,2,3,23,0,3,0,0,0.0,0.0,1.0,4444.0,58,1,0
AMB-T2-004,2025-08-08,1,2,3,30,0,3,0,0,0.0,0.0,1.0,4444.0,58,1,0
AMB-T2-004,2025-08-15,1,1,2,37,0,2,0,0,0.0,0.0,1.0,4444.0,58,1,0
AMB-T2-004,2025-08-22,1,1,2,44,0,2,0,0,0.0,0.0,1.0,4444.0,58,1,0
AMB-T2-004,2025-08-29,1,1,2,51,0,2,0,0,0.0,0.0,1.0,4444.0,58,1,0
AMB-T2-004,2025-09-05,1,0,1,58,0,1,0,0,0.0,0.0,1.0,4778.0,80,1,0
AMB-T2-004,2025-09-12,0,0,0,60,0,0,0,0,0.0,0.0,1.0,4778.0,80,1,0
AMB-T2-004,2025-09-19,0,0,0,60,0,0,0,0,0.0,0.0,1.0,4778.0,80,1,0
AMB-T2-004,2025-09-26,0,0,0,60,0,0,0,0,0.0,0.0,1.0,4778.0,80,1,0
AMB-T2-004,2025-10-03,0,0,0,60,0,0,0,0,0.0,0.0,1.0,4009.0,95,1,0
AMB-T2-004,2025-10-10,0,0,0,60,0,0,0,0,0.0,0.0,1.0,4009.0,95,1,0
AMB-T2-004,2025-10-17,0,0,0,60,0,0,0,0,0.0,0.0,1.0,4009.0,95,1,0
AMB-T2-004,2025-10-24,0,0,0,60,0,0,0,0,0.0,0.0,1.0,4009.0,95,1,0
AMB-T2-004,2025-10-31,0,0,0,60,0,0,0,0,0.0,0.0,1.0,1601.0,47,1,0
AMB-T2-004,2025-11-07,0,0,0,60,0,0,0,0,0.0,0.0,1.0,3404.0,108,1,0
AMB-T2-004,2025-11-14,0,0,0,60,0,0,0,0,0.0,0.0,1.0,3404.0,108,1,0
AMB-T2-004,2025-11-21,0,1,1,1,0,0,1,0,0.0,0.0,1.0,3404.0,108,0,0
AMB-T2-004,2025-11-28,0,1,1,8,0,0,1,0,0.0,0.0,1.0,3404.0,108,0,0
AMB-T2-004,2025-12-05,0,1,1,15,0,0,1,0,0.0,0.0,1.0,5016.0,95,0,1
AMB-T2-004,2025-12-12,0,2,2,3,0,1,1,0,0.0,0.0,1.0,5016.0,95,0,1
AMB-T2-005,2024-03-01,1,1,2,53,0,0,2,0,0.0,0.0,1.0,8802.0,149,0,0
AMB-T2-005,2024-03-08,0,0,0,60,0,0,0,0,0.0,0.0,1.0,8802.0,149,1,1
AMB-T2-005,2024-03-15,0,0,0,60,0,0,0,0,0.0,0.0,1.0,8802.0,149,1,1
AMB-T2-005,2024-03-22,0,0,0,60,0,0,0,1,5.2,5.2,0.9133,8802.0,149,1,0
AMB-T2-005,2024-03-29,0,0,0,60,0,0,0,1,5.2,5.2,0.9133,8802.0,149,1,0
AMB-T2-005,2024-04-05,0,0,0,60,0,0,0,1,5.2,5.2,0.9133,7816.0,135,1,0
AMB-T2-005,2024-04-12,0,0,0,60,0,0,0,1,5.2,5.2,0.9133,7816.0,135,1,0
AMB-T2-005,2024-04-19,0,0,0,60,0,0,0,1,5.2,5.2,0.9133,7816.0,135,1,0
AMB-T2-005,2024-04-26,0,0,0,60,0,0,0,1,5.2,5.2,0.9133,7816.0,135,1,0
AMB-T2-005,2024-05-03,0,1,1,4,0,0,1,1,5.2,5.2,0.9133,7376.0,122,0,0
AMB-T2-005,2024-05-10,0,1,1,11,0,0,1,1,5.2,5.2,0.9133,7376.0,122,0,0
AMB-T2-005,2024-05-17,0,1,1,18,0,0,1,1,5.2,5.2,0.9133,7376.0,122,0,0
AMB-T2-005,2024-05-24,0,1,1,25,0,0,1,0,0.0,0.0,1.0,7376.0,122,0,0
AMB-T2-005,2024-05-31,0,1,1,32,0,0,1,0,0.0,0.0,1.0,3977.0,75,0,0
AMB-T2-005,2024-06-07,0,1,1,39,0,0,1,0,0.0,0.0,1.0,7274.0,137,0,0
AMB-T2-005,2024-06-14,0,1,1,46,0,0,1,0,0.0,0.0,1.0,7274.0,137,0,0
AMB-T2-005,2024-06-21,0,1,1,53,0,0,1,0,0.0,0.0,1.0,7274.0,137,0,0
AMB-T2-005,2024-06-28,0,0,0,60,0,0,0,0,0.0,0.0,1.0,7274.0,137,1,0
AMB-T2-005,2024-07-05,0,0,0,60,0,0,0,0,0.0,0.0,1.0,7980.0,104,1,0
AMB-T2-005,2024-07-12,0,0,0,60,0,0,0,0,0.0,0.0,1.0,7980.0,104,1,0
AMB-T2-005,2024-07-19,1,0,1,3,1,0,0,0,0.0,0.0,1.0,7980.0,104,1,0
AMB-T2-005,2024-07-26,1,0,1,10,1,0,0,0,0.0,0.0,1.0,7980.0,104,1,0
AMB-T2-005,2024-08-02,1,0,1,17,1,0,0,0,0.0,0.0,1.0,8685.0,97,1,1
AMB-T2-005,2024-08-09,1,0,1,24,1,0,0,0,0.0,0.0,1.0,8685.0,97,1,1
AMB-T2-005,2024-08-16,1,1,2,1,1,1,0,1,2.9,2.9,0.9517,8685.0,97,1,0
AMB-T2-005,2024-08-23,1,1,2,8,1,1,0,1,2.9,2.9,0.9517,8685.0,97,1,1
AMB-T2-005,2024-08-30,1,1,2,15,1,1,0,1,2.9,2.9,0.9517,4002.0,55,1,1
AMB-T2-005,2024-09-06,1,2,3,0,1,2,0,2,6.3,3.15,0.895,7938.0,125,1,0
AMB-T2-005,2024-09-13,1,2,3,7,1,2,0,2,6.3,3.15,0.895,7938.0,125,1,0
AMB-T2-005,2024-09-20,0,2,2,14,0,2,0,2,6.3,3.15,0.895,7938.0,125,1,0
AMB-T2-005,2024-09-27,0,2,2,21,0,2,0,2,6.3,3.15,0.895,7938.0,125,1,0
AMB-T2-005,2024-10-04,0,2,2,28,0,2,0,2,6.3,3.15,0.895,7930.0,119,1,0
AMB-T2-005,2024-10-11,0,3,3,2,0,3,0,2,6.3,3.15,0.895,7930.0,119,1,0
AMB-T2-005,2024-10-18,0,2,2,9,0,2,0,1,3.4,3.4,0.9433,7930.0,119,1,0
AMB-T2-005,2024-10-25,0,2,2,16,0,2,0,1,3.4,3.4,0.9433,7930.0,119,1,0
AMB-T2-005,2024-11-01,0,2,2,23,0,2,0,1,3.4,3.4,0.9433,7554.0,128,1,0
AMB-T2-005,2024-11-08,0,1,1,30,0,1,0,0,0.0,0.0,1.0,7554.0,128,1,0
AMB-T2-005,2024-11-15,0,1,1,37,0,1,0,0,0.0,0.0,1.0,7554.0,128,1,0
AMB-T2-005,2024-11-22,0,1,1,44,0,1,0,0,0.0,0.0,1.0,7554.0,128,1,0
AMB-T2-005,2024-11-29,0,1,1,51,0,1,0,0,0.0,0.0,1.0,7554.0,128,1,0
AMB-T2-005,2024-12-06,0,1,1,58,0,1,0,0,0.0,0.0,1.0,7618.0,151,1,0
AMB-T2-005,2024-12-13,0,0,0,60,0,0,0,0,0.0,0.0,1.0,7618.0,151,1,0
AMB-T2-005,2024-12-20,0,0,0,60,0,0,0,0,0.0,0.0,1.0,7618.0,151,1,0
AMB-T2-005,2024-12-27,0,0,0,60,0,0,0,0,0.0,0.0,1.0,7618.0,151,1,0
AMB-T2-005,2025-01-03,0,0,0,60,0,0,0,0,0.0,0.0,1.0,8069.0,143,1,0
AMB-T2-005,2025-01-10,0,0,0,60,0,0,0,0,0.0,0.0,1.0,8069.0,143,1,0
AMB-T2-005,2025-01-17,1,0,1,2,0,0,1,0,0.0,0.0,1.0,8069.0,143,1,0
AMB-T2-005,2025-01-24,1,1,2,1,1,0,1,0,0.0,0.0,1.0,8069.0,143,1,1
AMB-T2-005,2025-01-31,1,1,2,8,1,0,1,0,0.0,0.0,1.0,4011.0,71,1,1
AMB-T2-005,2025-02-07,1,3,4,1,3,0,1,2,7.3,3.65,0.8783,7634.0,123,1,0
AMB-T2-005,2025-02-14,1,3,4,8,3,0,1,2,7.3,3.65,0.8783,7634.0,123,1,0
AMB-T2-005,2025-02-21,1,3,4,15,3,0,1,2,7.3,3.65,0.8783,7634.0,123,1,0
AMB-T2-005,2025-02-28,1,3,4,22,3,0,1,2,7.3,3.65,0.8783,7634.0,123,1,0
AMB-T2-005,2025-03-07,1,3,4,29,3,0,1,2,7.3,3.65,0.8783,7942.0,127,1,0
AMB-T2-005,2025-03-14,1,3,4,36,3,0,1,2,7.3,3.65,0.8783,7942.0,127,1,0
AMB-T2-005,2025-03-21,0,3,3,43,3,0,0,2,7.3,3.65,0.8783,7942.0,127,1,0
AMB-T2-005,2025-03-28,0,2,2,50,2,0,0,2,7.3,3.65,0.8783,7942.0,127,1,0
AMB-T2-005,2025-04-04,0,2,2,57,2,0,0,2,7.3,3.65,0.8783,7631.0,130,1,0
AMB-T2-005,2025-04-11,0,0,0,60,0,0,0,0,0.0,0.0,1.0,7631.0,130,1,1
AMB-T2-005,2025-04-18,0,0,0,60,0,0,0,0,0.0,0.0,1.0,7631.0,130,1,1
AMB-T2-005,2025-04-25,0,1,1,4,0,1,0,1,2.9,2.9,0.9517,7631.0,130,1,0
AMB-T2-005,2025-05-02,0,1,1,11,0,1,0,1,2.9,2.9,0.9517,7075.0,136,1,0
AMB-T2-005,2025-05-09,0,1,1,18,0,1,0,1,2.9,2.9,0.9517,7075.0,136,1,0
AMB-T2-005,2025-05-16,0,2,2,6,0,2,0,1,2.9,2.9,0.9517,7075.0,136,1,0
AMB-T2-005,2025-05-23,0,2,2,13,0,2,0,1,2.9,2.9,0.9517,7075.0,136,1,0
AMB-T2-005,2025-05-30,0,2,2,20,0,2,0,1,2.9,2.9,0.9517,7075.0,136,1,0
AMB-T2-005,2025-06-06,0,2,2,27,0,2,0,1,2.9,2.9,0.9517,7962.0,127,1,0
AMB-T2-005,2025-06-13,0,2,2,34,0,2,0,1,2.9,2.9,0.9517,7962.0,127,1,0
AMB-T2-005,2025-06-20,0,1,1,41,0,1,0,0,0.0,0.0,1.0,7962.0,127,1,0
AMB-T2-005,2025-06-27,0,1,1,48,0,1,0,0,0.0,0.0,1.0,7962.0,127,1,0
AMB-T2-005,2025-07-04,0,1,1,55,0,1,0,0,0.0,0.0,1.0,8004.0,105,1,0
AMB-T2-005,2025-07-11,0,0,0,60,0,0,0,0,0.0,0.0,1.0,8004.0,105,1,0
AMB-T2-005,2025-07-18,1,0,1,3,0,1,0,0,0.0,0.0,1.0,8004.0,105,1,0
AMB-T2-005,2025-07-25,1,0,1,10,0,1,0,0,0.0,0.0,1.0,8004.0,105,1,0
AMB-T2-005,2025-08-01,1,0,1,17,0,1,0,0,0.0,0.0,1.0,6962.0,119,1,0
AMB-T2-005,2025-08-08,1,0,1,24,0,1,0,0,0.0,0.0,1.0,6962.0,119,1,1
AMB-T2-005,2025-08-15,1,0,1,31,0,1,0,0,0.0,0.0,1.0,6962.0,119,1,1
AMB-T2-005,2025-08-22,1,2,3,0,0,2,1,2,4.6,2.3,0.9233,6962.0,119,0,0
AMB-T2-005,2025-08-29,1,2,3,7,0,2,1,2,4.6,2.3,0.9233,6962.0,119,0,0
AMB-T2-005,2025-09-05,1,2,3,14,0,2,1,2,4.6,2.3,0.9233,6844.0,117,0,0
AMB-T2-005,2025-09-12,1,3,4,3,0,3,1,2,4.6,2.3,0.9233,6844.0,117,0,0
AMB-T2-005,2025-09-19,0,3,3,10,0,2,1,2,4.6,2.3,0.9233,6844.0,117,0,0
AMB-T2-005,2025-09-26,0,3,3,17,0,2,1,2,4.6,2.3,0.9233,6844.0,117,0,0
AMB-T2-005,2025-10-03,0,4,4,2,0,3,1,2,4.6,2.3,0.9233,7304.0,136,0,0
AMB-T2-005,2025-10-10,0,4,4,9,0,3,1,2,4.6,2.3,0.9233,7304.0,136,0,0
AMB-T2-005,2025-10-17,0,4,4,16,0,3,1,2,4.6,2.3,0.9233,7304.0,136,0,1
AMB-T2-005,2025-10-24,0,2,2,23,0,2,0,0,0.0,0.0,1.0,7304.0,136,1,1
AMB-T2-005,2025-10-31,0,3,3,1,0,3,0,1,2.8,2.8,0.9533,3617.0,79,1,0
AMB-T2-005,2025-11-07,0,3,3,8,0,3,0,1,2.8,2.8,0.9533,7260.0,141,1,0
AMB-T2-005,2025-11-14,0,2,2,15,0,2,0,1,2.8,2.8,0.9533,7260.0,141,1,0
AMB-T2-005,2025-11-21,0,2,2,22,0,2,0,1,2.8,2.8,0.9533,7260.0,141,1,0
AMB-T2-005,2025-11-28,0,2,2,29,0,2,0,1,2.8,2.8,0.9533,7260.0,141,1,0
AMB-T2-005,2025-12-05,0,1,1,36,0,1,0,1,2.8,2.8,0.9533,7469.0,117,1,0
AMB-T2-005,2025-12-12,0,1,1,43,0,1,0,1,2.8,2.8,0.9533,7469.0,117,1,0
AMB-T2-006,2024-03-01,0,0,0,60,0,0,0,0,0.0,0.0,1.0,3847.0,61,1,0
AMB-T2-006,2024-03-08,0,0,0,60,0,0,0,0,0.0,0.0,1.0,3847.0,61,1,0
AMB-T2-006,2024-03-15,0,0,0,60,0,0,0,0,0.0,0.0,1.0,3847.0,61,1,0
AMB-T2-006,2024-03-22,0,0,0,60,0,0,0,0,0.0,0.0,1.0,3847.0,61,1,0
AMB-T2-006,2024-03-29,0,0,0,60,0,0,0,0,0.0,0.0,1.0,3847.0,61,1,0
AMB-T2-006,2024-04-05,0,0,0,60,0,0,0,0,0.0,0.0,1.0,3692.0,73,1,1
AMB-T2-006,2024-04-12,0,0,0,60,0,0,0,0,0.0,0.0,1.0,3692.0,73,1,1
AMB-T2-006,2024-04-19,0,1,1,0,0,1,0,1,4.5,4.5,0.925,3692.0,73,1,1
AMB-T2-006,2024-04-26,0,2,2,3,0,2,0,2,9.1,4.55,0.8483,3692.0,73,1,0
AMB-T2-006,2024-05-03,0,2,2,10,0,2,0,2,9.1,4.55,0.8483,3916.0,69,1,0
AMB-T2-006,2024-05-10,0,2,2,17,0,2,0,2,9.1,4.55,0.8483,3916.0,69,1,0
AMB-T2-006,2024-05-17,0,2,2,24,0,2,0,2,9.1,4.55,0.8483,3916.0,69,1,0
AMB-T2-006,2024-05-24,0,2,2,31,0,2,0,2,9.1,4.55,0.8483,3916.0,69,1,0
AMB-T2-006,2024-05-31,0,2,2,38,0,2,0,2,9.1,4.55,0.8483,2062.0,36,1,0
AMB-T2-006,2024-06-07,0,2,2,45,0,2,0,2,9.1,4.55,0.8483,4359.0,65,1,0
AMB-T2-006,2024-06-14,0,2,2,52,0,2,0,2,9.1,4.55,0.8483,4359.0,65,1,0
AMB-T2-006,2024-06-21,1,1,2,2,0,1,1,1,4.6,4.6,0.9233,4359.0,65,1,0
AMB-T2-006,2024-06-28,1,0,1,9,0,0,1,0,0.0,0.0,1.0,4359.0,65,1,0
AMB-T2-006,2024-07-05,1,0,1,16,0,0,1,0,0.0,0.0,1.0,3712.0,45,1,0
AMB-T2-006,2024-07-12,1,0,1,23,0,0,1,0,0.0,0.0,1.0,3712.0,45,1,0
AMB-T2-006,2024-07-19,1,0,1,30,0,0,1,0,0.0,0.0,1.0,3712.0,45,1,0
AMB-T2-006,2024-07-26,1,0,1,37,0,0,1,0,0.0,0.0,1.0,3712.0,45,1,0
AMB-T2-006,2024-08-02,1,0,1,44,0,0,1,0,0.0,0.0,1.0,3987.0,56,1,0
AMB-T2-006,2024-08-09,1,0,1,51,0,0,1,0,0.0,0.0,1.0,3987.0,56,1,0
AMB-T2-006,2024-08-16,1,0,1,58,0,0,1,0,0.0,0.0,1.0,3987.0,56,1,0
AMB-T2-006,2024-08-23,0,0,0,60,0,0,0,0,0.0,0.0,1.0,3987.0,56,1,0
AMB-T2-006,2024-08-30,0,0,0,60,0,0,0,0,0.0,0.0,1.0,2572.0,40,1,0
AMB-T2-006,2024-09-06,0,0,0,60,0,0,0,0,0.0,0.0,1.0,4923.0,81,1,0
AMB-T2-006,2024-09-13,0,0,0,60,0,0,0,0,0.0,0.0,1.0,4923.0,81,1,0
AMB-T2-006,2024-09-20,0,0,0,60,0,0,0,0,0.0,0.0,1.0,4923.0,81,1,0
AMB-T2-006,2024-09-27,0,0,0,60,0,0,0,0,0.0,0.0,1.0,4923.0,81,1,1
AMB-T2-006,2024-10-04,0,0,0,60,0,0,0,0,0.0,0.0,1.0,4216.0,65,1,1
AMB-T2-006,2024-10-11,0,1,1,2,1,0,0,1,5.1,5.1,0.915,4216.0,65,1,0
AMB-T2-006,2024-10-18,0,1,1,9,1,0,0,1,5.1,5.1,0.915,4216.0,65,1,1
AMB-T2-006,2024-10-25,0,1,1,16,1,0,0,1,5.1,5.1,0.915,4216.0,65,1,1
AMB-T2-006,2024-11-01,0,2,2,4,1,1,0,2,7.6,3.8,0.8733,3238.0,42,1,0
AMB-T2-006,2024-11-08,0,2,2,11,1,1,0,2,7.6,3.8,0.8733,3238.0,42,1,0
AMB-T2-006,2024-11-15,0,2,2,18,1,1,0,2,7.6,3.8,0.8733,3238.0,42,1,0
AMB-T2-006,2024-11-22,0,2,2,25,1,1,0,2,7.6,3.8,0.8733,3238.0,42,1,0
AMB-T2-006,2024-11-29,0,2,2,32,1,1,0,2,7.6,3.8,0.8733,3238.0,42,1,0
AMB-T2-006,2024-12-06,0,2,2,39,1,1,0,2,7.6,3.8,0.8733,4062.0,43,1,0
AMB-T2-006,2024-12-13,0,1,1,46,0,1,0,1,2.5,2.5,0.9583,4062.0,43,1,1
AMB-T2-006,2024-12-20,1,1,2,0,0,1,1,1,2.5,2.5,0.9583,4062.0,43,1,1
AMB-T2-006,2024-12-27,1,1,2,4,1,0,1,1,0.5,0.5,0.9917,4062.0,43,1,1
AMB-T2-006,2025-01-03,1,1,2,11,1,0,1,1,0.5,0.5,0.9917,5283.0,54,1,1
AMB-T2-006,2025-01-10,1,2,3,1,2,0,1,2,5.5,2.75,0.9083,5283.0,54,1,1
AMB-T2-006,2025-01-17,1,2,3,8,2,0,1,2,5.5,2.75,0.9083,5283.0,54,1,1
AMB-T2-006,2025-01-24,1,3,4,0,2,0,2,3,9.9,3.3,0.835,5283.0,54,0,0
AMB-T2-006,2025-01-31,1,3,4,7,2,0,2,3,9.9,3.3,0.835,2594.0,29,0,0
AMB-T2-006,2025-02-07,1,3,4,14,2,0,2,3,9.9,3.3,0.835,4150.0,47,0,1
AMB-T2-006,2025-02-14,1,3,4,21,2,0,2,3,9.9,3.3,0.835,4150.0,47,0,1
AMB-T2-006,2025-02-21,0,3,3,0,1,0,2,3,11.6,3.87,0.8067,4150.0,47,0,0
AMB-T2-006,2025-02-28,0,3,3,7,1,0,2,3,11.6,3.87,0.8067,4150.0,47,0,0
AMB-T2-006,2025-03-07,0,3,3,14,1,0,2,3,11.6,3.87,0.8067,3165.0,66,0,0
AMB-T2-006,2025-03-14,0,2,2,21,0,0,2,2,6.6,3.3,0.89,3165.0,66,0,0
AMB-T2-006,2025-03-21,0,2,2,28,0,0,2,2,6.6,3.3,0.89,3165.0,66,0,0
AMB-T2-006,2025-03-28,0,1,1,35,0,0,1,1,2.2,2.2,0.9633,3165.0,66,0,0
AMB-T2-006,2025-04-04,0,1,1,42,0,0,1,1,2.2,2.2,0.9633,2920.0,104,0,0
AMB-T2-006,2025-04-11,0,1,1,49,0,0,1,1,2.2,2.2,0.9633,2920.0,104,0,1
AMB-T2-006,2025-04-18,0,1,1,56,0,0,1,1,2.2,2.2,0.9633,2920.0,104,0,1
AMB-T2-006,2025-04-25,0,1,1,0,1,0,0,1,4.6,4.6,0.9233,2920.0,104,1,0
AMB-T2-006,2025-05-02,0,2,2,3,2,0,0,1,4.6,4.6,0.9233,2768.0,96,1,0
AMB-T2-006,2025-05-09,0,2,2,10,2,0,0,1,4.6,4.6,0.9233,2768.0,96,1,0
AMB-T2-006,2025-05-16,0,2,2,17,2,0,0,1,4.6,4.6,0.9233,2768.0,96,1,0
AMB-T2-006,2025-05-23,0,2,2,24,2,0,0,1,4.6,4.6,0.9233,2768.0,96,1,0
AMB-T2-006,2025-05-30,0,2,2,31,2,0,0,1,4.6,4.6,0.9233,2768.0,96,1,0
AMB-T2-006,2025-06-06,0,3,3,5,2,1,0,1,4.6,4.6,0.9233,3331.0,67,1,0
AMB-T2-006,2025-06-13,0,3,3,12,2,1,0,1,4.6,4.6,0.9233,3331.0,67,1,0
AMB-T2-006,2025-06-20,0,3,3,19,2,1,0,1,4.6,4.6,0.9233,3331.0,67,1,0
AMB-T2-006,2025-06-27,0,3,3,1,1,1,1,0,0.0,0.0,1.0,3331.0,67,0,0
AMB-T2-006,2025-07-04,1,2,3,3,1,1,1,0,0.0,0.0,1.0,3073.0,57,0,0
AMB-T2-006,2025-07-11,1,2,3,10,1,1,1,0,0.0,0.0,1.0,3073.0,57,0,0
AMB-T2-006,2025-07-18,1,2,3,17,1,1,1,0,0.0,0.0,1.0,3073.0,57,0,0
AMB-T2-006,2025-07-25,1,2,3,24,1,1,1,0,0.0,0.0,1.0,3073.0,57,0,0
AMB-T2-006,2025-08-01,1,1,2,31,1,0,1,0,0.0,0.0,1.0,2466.0,41,0,0
AMB-T2-006,2025-08-08,1,1,2,38,1,0,1,0,0.0,0.0,1.0,2466.0,41,0,0
AMB-T2-006,2025-08-15,1,1,2,45,1,0,1,0,0.0,0.0,1.0,2466.0,41,0,0
AMB-T2-006,2025-08-22,1,1,2,52,1,0,1,0,0.0,0.0,1.0,2466.0,41,0,0
AMB-T2-006,2025-08-29,1,0,1,59,1,0,0,0,0.0,0.0,1.0,2466.0,41,1,0
AMB-T2-006,2025-09-05,0,0,0,60,0,0,0,0,0.0,0.0,1.0,3300.0,34,1,0
AMB-T2-006,2025-09-12,0,0,0,60,0,0,0,0,0.0,0.0,1.0,3300.0,34,1,0
AMB-T2-006,2025-09-19,0,1,1,6,0,1,0,0,0.0,0.0,1.0,3300.0,34,1,0
AMB-T2-006,2025-09-26,0,1,1,13,0,1,0,0,0.0,0.0,1.0,3300.0,34,1,0
AMB-T2-006,2025-10-03,0,1,1,20,0,1,0,0,0.0,0.0,1.0,5005.0,66,1,1
AMB-T2-006,2025-10-10,0,1,1,27,0,1,0,0,0.0,0.0,1.0,5005.0,66,1,1
AMB-T2-006,2025-10-17,0,2,2,4,1,1,0,1,0.6,0.6,0.99,5005.0,66,1,0
AMB-T2-006,2025-10-24,0,2,2,11,1,1,0,1,0.6,0.6,0.99,5005.0,66,1,0
AMB-T2-006,2025-10-31,0,2,2,18,1,1,0,1,0.6,0.6,0.99,2972.0,43,1,0
AMB-T2-006,2025-11-07,0,2,2,25,1,1,0,1,0.6,0.6,0.99,5952.0,66,1,1
AMB-T2-006,2025-11-14,0,2,2,1,1,0,1,1,0.6,0.6,0.99,5952.0,66,0,1
AMB-T2-006,2025-11-21,0,3,3,0,1,1,1,2,6.2,3.1,0.8967,5952.0,66,0,1
AMB-T2-006,2025-11-28,0,3,3,7,1,1,1,2,6.2,3.1,0.8967,5952.0,66,0,1
AMB-T2-006,2025-12-05,0,5,5,2,1,1,3,4,10.8,2.7,0.82,5023.0,33,0,0
AMB-T2-006,2025-12-12,0,4,4,9,0,1,3,3,10.2,3.4,0.83,5023.0,33,0,0
AMB-T2-007,2024-03-01,1,1,2,11,0,1,1,0,0.0,0.0,1.0,5245.0,50,1,1
AMB-T2-007,2024-03-08,0,1,1,18,0,1,0,0,0.0,0.0,1.0,5245.0,50,1,1
AMB-T2-007,2024-03-15,0,1,1,25,0,1,0,1,2.3,2.3,0.9617,5245.0,50,1,1
AMB-T2-007,2024-03-22,0,2,2,6,0,2,0,2,5.3,2.65,0.9117,5245.0,50,1,0
AMB-T2-007,2024-03-29,0,2,2,13,0,2,0,2,5.3,2.65,0.9117,5245.0,50,1,0
AMB-T2-007,2024-04-05,0,2,2,20,0,2,0,2,5.3,2.65,0.9117,5306.0,56,1,0
AMB-T2-007,2024-04-12,0,2,2,27,0,2,0,2,5.3,2.65,0.9117,5306.0,56,1,0
AMB-T2-007,2024-04-19,0,2,2,6,0,1,1,2,5.3,2.65,0.9117,5306.0,56,0,0
AMB-T2-007,2024-04-26,0,2,2,13,0,1,1,2,5.3,2.65,0.9117,5306.0,56,0,0
AMB-T2-007,2024-05-03,0,2,2,20,0,1,1,2,5.3,2.65,0.9117,6069.0,91,0,0
AMB-T2-007,2024-05-10,0,2,2,27,0,1,1,1,3.0,3.0,0.95,6069.0,91,0,0
AMB-T2-007,2024-05-17,0,1,1,34,0,0,1,0,0.0,0.0,1.0,6069.0,91,0,0
AMB-T2-007,2024-05-24,0,1,1,41,0,0,1,0,0.0,0.0,1.0,6069.0,91,0,0
AMB-T2-007,2024-05-31,0,1,1,48,0,0,1,0,0.0,0.0,1.0,3359.0,45,0,0
AMB-T2-007,2024-06-07,0,1,1,55,0,0,1,0,0.0,0.0,1.0,5837.0,99,0,0
AMB-T2-007,2024-06-14,0,0,0,60,0,0,0,0,0.0,0.0,1.0,5837.0,99,1,0
AMB-T2-007,2024-06-21,0,0,0,60,0,0,0,0,0.0,0.0,1.0,5837.0,99,1,0
AMB-T2-007,2024-06-28,0,0,0,60,0,0,0,0,0.0,0.0,1.0,5837.0,99,1,0
AMB-T2-007,2024-07-05,0,0,0,60,0,0,0,0,0.0,0.0,1.0,3620.0,88,1,0
AMB-T2-007,2024-07-12,0,0,0,60,0,0,0,0,0.0,0.0,1.0,3620.0,88,1,0
AMB-T2-007,2024-07-19,1,0,1,4,1,0,0,0,0.0,0.0,1.0,3620.0,88,1,0
AMB-T2-007,2024-07-26,1,0,1,11,1,0,0,0,0.0,0.0,1.0,3620.0,88,1,0
AMB-T2-007,2024-08-02,1,0,1,18,1,0,0,0,0.0,0.0,1.0,3239.0,74,1,0
AMB-T2-007,2024-08-09,1,0,1,25,1,0,0,0,0.0,0.0,1.0,3239.0,74,1,0
AMB-T2-007,2024-08-16,1,0,1,32,1,0,0,0,0.0,0.0,1.0,3239.0,74,1,0
AMB-T2-007,2024-08-23,1,0,1,39,1,0,0,0,0.0,0.0,1.0,3239.0,74,1,0
AMB-T2-007,2024-08-30,1,0,1,46,1,0,0,0,0.0,0.0,1.0,2097.0,40,1,0
AMB-T2-007,2024-09-06,1,1,2,0,1,1,0,0,0.0,0.0,1.0,3334.0,96,1,0
AMB-T2-007,2024-09-13,0,2,2,3,1,1,0,0,0.0,0.0,1.0,3334.0,96,1,0
AMB-T2-007,2024-09-20,0,2,2,10,1,1,0,0,0.0,0.0,1.0,3334.0,96,1,0
AMB-T2-007,2024-09-27,0,2,2,17,1,1,0,0,0.0,0.0,1.0,3334.0,96,1,0
AMB-T2-007,2024-10-04,0,2,2,24,1,1,0,0,0.0,0.0,1.0,3643.0,100,1,0
AMB-T2-007,2024-10-11,0,2,2,31,1,1,0,0,0.0,0.0,1.0,3643.0,100,1,0
AMB-T2-007,2024-10-18,0,2,2,38,1,1,0,0,0.0,0.0,1.0,3643.0,100,1,0
AMB-T2-007,2024-10-25,0,2,2,45,1,1,0,0,0.0,0.0,1.0,3643.0,100,1,0
AMB-T2-007,2024-11-01,0,2,2,52,1,1,0,0,0.0,0.0,1.0,5096.0,100,1,0
AMB-T2-007,2024-11-08,0,1,1,59,1,0,0,0,0.0,0.0,1.0,5096.0,100,1,0
AMB-T2-007,2024-11-15,0,0,0,60,0,0,0,0,0.0,0.0,1.0,5096.0,100,1,0
AMB-T2-007,2024-11-22,0,0,0,60,0,0,0,0,0.0,0.0,1.0,5096.0,100,1,0
AMB-T2-007,2024-11-29,0,0,0,60,0,0,0,0,0.0,0.0,1.0,5096.0,100,1,0
AMB-T2-007,2024-12-06,0,0,0,60,0,0,0,0,0.0,0.0,1.0,4129.0,98,1,0
AMB-T2-007,2024-12-13,0,0,0,60,0,0,0,0,0.0,0.0,1.0,4129.0,98,1,0
AMB-T2-007,2024-12-20,0,1,1,4,0,1,0,0,0.0,0.0,1.0,4129.0,98,1,0
AMB-T2-007,2024-12-27,0,1,1,11,0,1,0,0,0.0,0.0,1.0,4129.0,98,1,0
AMB-T2-007,2025-01-03,1,1,2,1,0,2,0,0,0.0,0.0,1.0,4683.0,81,1,0
AMB-T2-007,2025-01-10,1,1,2,8,0,2,0,0,0.0,0.0,1.0,4683.0,81,1,0
AMB-T2-007,2025-01-17,1,1,2,15,0,2,0,0,0.0,0.0,1.0,4683.0,81,1,1
AMB-T2-007,2025-01-24,1,1,2,22,0,2,0,0,0.0,0.0,1.0,4683.0,81,1,1
AMB-T2-007,2025-01-31,1,2,3,4,0,3,0,1,3.5,3.5,0.9417,3244.0,39,1,0
AMB-T2-007,2025-02-07,1,2,3,11,0,3,0,1,3.5,3.5,0.9417,5230.0,72,1,0
AMB-T2-007,2025-02-14,1,1,2,18,0,2,0,1,3.5,3.5,0.9417,5230.0,72,1,0
AMB-T2-007,2025-02-21,1,1,2,25,0,2,0,1,3.5,3.5,0.9417,5230.0,72,1,0
AMB-T2-007,2025-02-28,1,1,2,32,0,2,0,1,3.5,3.5,0.9417,5230.0,72,1,0
AMB-T2-007,2025-03-07,0,1,1,39,0,1,0,1,3.5,3.5,0.9417,4307.0,65,1,0
AMB-T2-007,2025-03-14,0,1,1,46,0,1,0,1,3.5,3.5,0.9417,4307.0,65,1,0
AMB-T2-007,2025-03-21,0,1,1,53,0,1,0,1,3.5,3.5,0.9417,4307.0,65,1,0
AMB-T2-007,2025-03-28,0,0,0,60,0,0,0,0,0.0,0.0,1.0,4307.0,65,1,0
AMB-T2-007,2025-04-04,0,0,0,60,0,0,0,0,0.0,0.0,1.0,4786.0,91,1,0
AMB-T2-007,2025-04-11,0,0,0,60,0,0,0,0,0.0,0.0,1.0,4786.0,91,1,0
AMB-T2-007,2025-04-18,0,0,0,60,0,0,0,0,0.0,0.0,1.0,4786.0,91,1,0
AMB-T2-007,2025-04-25,0,0,0,60,0,0,0,0,0.0,0.0,1.0,4786.0,91,1,0
AMB-T2-007,2025-05-02,0,0,0,60,0,0,0,0,0.0,0.0,1.0,4663.0,94,1,0
AMB-T2-007,2025-05-09,0,0,0,60,0,0,0,0,0.0,0.0,1.0,4663.0,94,1,0
AMB-T2-007,2025-05-16,0,0,0,60,0,0,0,0,0.0,0.0,1.0,4663.0,94,1,0
AMB-T2-007,2025-05-23,0,0,0,60,0,0,0,0,0.0,0.0,1.0,4663.0,94,1,1
AMB-T2-007,2025-05-30,0,0,0,60,0,0,0,0,0.0,0.0,1.0,4663.0,94,1,1
AMB-T2-007,2025-06-06,0,1,1,5,1,0,0,1,3.6,3.6,0.94,5030.0,73,1,0
AMB-T2-007,2025-06-13,0,1,1,12,1,0,0,1,3.6,3.6,0.94,5030.0,73,1,0
AMB-T2-007,2025-06-20,0,1,1,19,1,0,0,1,3.6,3.6,0.94,5030.0,73,1,0
AMB-T2-007,2025-06-27,1,1,2,5,1,0,1,1,3.6,3.6,0.94,5030.0,73,1,0
AMB-T2-007,2025-07-04,1,1,2,12,1,0,1,1,3.6,3.6,0.94,4591.0,78,1,0
AMB-T2-007,2025-07-11,1,1,2,19,1,0,1,1,3.6,3.6,0.94,4591.0,78,1,0
AMB-T2-007,2025-07-18,1,1,2,26,1,0,1,1,3.6,3.6,0.94,4591.0,78,1,0
AMB-T2-007,2025-07-25,1,2,3,3,1,0,2,1,3.6,3.6,0.94,4591.0,78,0,0
AMB-T2-007,2025-08-01,1,1,2,10,0,0,2,0,0.0,0.0,1.0,4256.0,92,0,0
AMB-T2-007,2025-08-08,1,1,2,17,0,0,2,0,0.0,0.0,1.0,4256.0,92,0,0
AMB-T2-007,2025-08-15,1,1,2,24,0,0,2,0,0.0,0.0,1.0,4256.0,92,0,1
AMB-T2-007,2025-08-22,0,1,1,31,0,0,1,0,0.0,0.0,1.0,4256.0,92,0,1
AMB-T2-007,2025-08-29,0,2,2,6,1,0,1,1,2.6,2.6,0.9567,4256.0,92,0,0
AMB-T2-007,2025-09-05,0,2,2,13,1,0,1,1,2.6,2.6,0.9567,4470.0,104,0,0
AMB-T2-007,2025-09-12,0,2,2,20,1,0,1,1,2.6,2.6,0.9567,4470.0,104,0,0
AMB-T2-007,2025-09-19,0,2,2,27,1,0,1,1,2.6,2.6,0.9567,4470.0,104,0,0
AMB-T2-007,2025-09-26,0,1,1,34,1,0,0,1,2.6,2.6,0.9567,4470.0,104,1,0
AMB-T2-007,2025-10-03,0,1,1,41,1,0,0,1,2.6,2.6,0.9567,4471.0,79,1,0
AMB-T2-007,2025-10-10,0,1,1,48,1,0,0,1,2.6,2.6,0.9567,4471.0,79,1,0
AMB-T2-007,2025-10-17,0,1,1,55,1,0,0,1,2.6,2.6,0.9567,4471.0,79,1,0
AMB-T2-007,2025-10-24,0,0,0,60,0,0,0,0,0.0,0.0,1.0,4471.0,79,1,0
AMB-T2-007,2025-10-31,0,0,0,60,0,0,0,0,0.0,0.0,1.0,2498.0,27,1,0
AMB-T2-007,2025-11-07,0,0,0,60,0,0,0,0,0.0,0.0,1.0,4269.0,91,1,0
AMB-T2-007,2025-11-14,0,0,0,60,0,0,0,0,0.0,0.0,1.0,4269.0,91,1,0
AMB-T2-007,2025-11-21,0,0,0,60,0,0,0,0,0.0,0.0,1.0,4269.0,91,1,0
AMB-T2-007,2025-11-28,0,0,0,60,0,0,0,0,0.0,0.0,1.0,4269.0,91,1,0
AMB-T2-007,2025-12-05,1,0,1,0,0,1,0,0,0.0,0.0,1.0,4231.0,116,1,0
AMB-T2-007,2025-12-12,1,0,1,7,0,1,0,0,0.0,0.0,1.0,4231.0,116,1,0
AMB-T2-008,2024-03-01,1,0,1,58,0,1,0,0,0.0,0.0,1.0,4363.0,70,1,0
AMB-T2-008,2024-03-08,0,0,0,60,0,0,0,0,0.0,0.0,1.0,4363.0,70,1,0
AMB-T2-008,2024-03-15,0,0,0,60,0,0,0,0,0.0,0.0,1.0,4363.0,70,1,0
AMB-T2-008,2024-03-22,0,0,0,60,0,0,0,0,0.0,0.0,1.0,4363.0,70,1,0
AMB-T2-008,2024-03-29,0,0,0,60,0,0,0,0,0.0,0.0,1.0,4363.0,70,1,0
AMB-T2-008,2024-04-05,0,0,0,60,0,0,0,0,0.0,0.0,1.0,4234.0,75,1,0
AMB-T2-008,2024-04-12,0,0,0,60,0,0,0,0,0.0,0.0,1.0,4234.0,75,1,0
AMB-T2-008,2024-04-19,0,0,0,60,0,0,0,0,0.0,0.0,1.0,4234.0,75,1,0
AMB-T2-008,2024-04-26,0,0,0,60,0,0,0,0,0.0,0.0,1.0,4234.0,75,1,0
AMB-T2-008,2024-05-03,0,0,0,60,0,0,0,0,0.0,0.0,1.0,4424.0,72,1,0
AMB-T2-008,2024-05-10,0,0,0,60,0,0,0,0,0.0,0.0,1.0,4424.0,72,1,0
AMB-T2-008,2024-05-17,0,0,0,60,0,0,0,0,0.0,0.0,1.0,4424.0,72,1,0
AMB-T2-008,2024-05-24,0,0,0,60,0,0,0,0,0.0,0.0,1.0,4424.0,72,1,0
AMB-T2-008,2024-05-31,0,0,0,60,0,0,0,0,0.0,0.0,1.0,2012.0,38,1,0
AMB-T2-008,2024-06-07,0,0,0,60,0,0,0,0,0.0,0.0,1.0,2972.0,65,1,0
AMB-T2-008,2024-06-14,0,0,0,60,0,0,0,0,0.0,0.0,1.0,2972.0,65,1,0
AMB-T2-008,2024-06-21,0,0,0,60,0,0,0,0,0.0,0.0,1.0,2972.0,65,1,0
AMB-T2-008,2024-06-28,0,0,0,60,0,0,0,0,0.0,0.0,1.0,2972.0,65,1,1
AMB-T2-008,2024-07-05,0,0,0,60,0,0,0,0,0.0,0.0,1.0,1977.0,66,1,1
AMB-T2-008,2024-07-12,1,0,1,4,0,0,1,1,7.6,7.6,0.8733,1977.0,66,1,0
AMB-T2-008,2024-07-19,1,1,2,3,1,0,1,1,7.6,7.6,0.8733,1977.0,66,1,0
AMB-T2-008,2024-07-26,1,1,2,10,1,0,1,1,7.6,7.6,0.8733,1977.0,66,1,0
AMB-T2-008,2024-08-02,1,1,2,17,1,0,1,1,7.6,7.6,0.8733,2617.0,52,1,0
AMB-T2-008,2024-08-09,1,1,2,24,1,0,1,1,7.6,7.6,0.8733,2617.0,52,1,0
AMB-T2-008,2024-08-16,1,1,2,31,1,0,1,1,7.6,7.6,0.8733,2617.0,52,1,0
AMB-T2-008,2024-08-23,1,1,2,38,1,0,1,1,7.6,7.6,0.8733,2617.0,52,1,0
AMB-T2-008,2024-08-30,1,1,2,45,1,0,1,1,7.6,7.6,0.8733,1600.0,13,1,0
AMB-T2-008,2024-09-06,0,1,1,52,1,0,0,1,7.6,7.6,0.8733,3129.0,47,1,0
AMB-T2-008,2024-09-13,0,1,1,59,1,0,0,0,0.0,0.0,1.0,3129.0,47,1,0
AMB-T2-008,2024-09-20,0,0,0,60,0,0,0,0,0.0,0.0,1.0,3129.0,47,1,0
AMB-T2-008,2024-09-27,0,0,0,60,0,0,0,0,0.0,0.0,1.0,3129.0,47,1,0
AMB-T2-008,2024-10-04,0,0,0,60,0,0,0,0,0.0,0.0,1.0,3411.0,52,1,0
AMB-T2-008,2024-10-11,0,0,0,60,0,0,0,0,0.0,0.0,1.0,3411.0,52,1,0
AMB-T2-008,2024-10-18,0,0,0,60,0,0,0,0,0.0,0.0,1.0,3411.0,52,1,0
AMB-T2-008,2024-10-25,0,0,0,60,0,0,0,0,0.0,0.0,1.0,3411.0,52,1,0
AMB-T2-008,2024-11-01,0,0,0,60,0,0,0,0,0.0,0.0,1.0,2864.0,51,1,0
AMB-T2-008,2024-11-08,0,0,0,60,0,0,0,0,0.0,0.0,1.0,2864.0,51,1,0
AMB-T2-008,2024-11-15,0,0,0,60,0,0,0,0,0.0,0.0,1.0,2864.0,51,1,0
AMB-T2-008,2024-11-22,0,0,0,60,0,0,0,0,0.0,0.0,1.0,2864.0,51,1,0
AMB-T2-008,2024-11-29,0,1,1,0,0,1,0,0,0.0,0.0,1.0,2864.0,51,1,0
AMB-T2-008,2024-12-06,0,1,1,7,0,1,0,0,0.0,0.0,1.0,2639.0,62,1,0
AMB-T2-008,2024-12-13,0,1,1,14,0,1,0,0,0.0,0.0,1.0,2639.0,62,1,0
AMB-T2-008,2024-12-20,0,1,1,21,0,1,0,0,0.0,0.0,1.0,2639.0,62,1,0
AMB-T2-008,2024-12-27,0,1,1,28,0,1,0,0,0.0,0.0,1.0,2639.0,62,1,0
AMB-T2-008,2025-01-03,1,1,2,1,1,1,0,0,0.0,0.0,1.0,3566.0,66,1,0
AMB-T2-008,2025-01-10,1,1,2,8,1,1,0,0,0.0,0.0,1.0,3566.0,66,1,0
AMB-T2-008,2025-01-17,1,1,2,15,1,1,0,0,0.0,0.0,1.0,3566.0,66,1,0
AMB-T2-008,2025-01-24,1,1,2,22,1,1,0,0,0.0,0.0,1.0,3566.0,66,1,0
AMB-T2-008,2025-01-31,1,0,1,29,1,0,0,0,0.0,0.0,1.0,1909.0,37,1,0
AMB-T2-008,2025-02-07,1,0,1,36,1,0,0,0,0.0,0.0,1.0,4422.0,70,1,0
AMB-T2-008,2025-02-14,1,0,1,43,1,0,0,0,0.0,0.0,1.0,4422.0,70,1,0
AMB-T2-008,2025-02-21,1,0,1,50,1,0,0,0,0.0,0.0,1.0,4422.0,70,1,0
AMB-T2-008,2025-02-28,1,1,2,4,2,0,0,0,0.0,0.0,1.0,4422.0,70,1,0
AMB-T2-008,2025-03-07,0,1,1,11,1,0,0,0,0.0,0.0,1.0,4326.0,65,1,0
AMB-T2-008,2025-03-14,0,1,1,18,1,0,0,0,0.0,0.0,1.0,4326.0,65,1,0
AMB-T2-008,2025-03-21,0,1,1,25,1,0,0,0,0.0,0.0,1.0,4326.0,65,1,0
AMB-T2-008,2025-03-28,0,1,1,32,1,0,0,0,0.0,0.0,1.0,4326.0,65,1,0
AMB-T2-008,2025-04-04,0,1,1,39,1,0,0,0,0.0,0.0,1.0,3615.0,44,1,0
AMB-T2-008,2025-04-11,0,1,1,46,1,0,0,0,0.0,0.0,1.0,3615.0,44,1,0
AMB-T2-008,2025-04-18,0,1,1,53,1,0,0,0,0.0,0.0,1.0,3615.0,44,1,0
AMB-T2-008,2025-04-25,0,0,0,60,0,0,0,0,0.0,0.0,1.0,3615.0,44,1,0
AMB-T2-008,2025-05-02,0,1,1,1,1,0,0,0,0.0,0.0,1.0,4462.0,55,1,0
AMB-T2-008,2025-05-09,0,1,1,8,1,0,0,0,0.0,0.0,1.0,4462.0,55,1,0
AMB-T2-008,2025-05-16,0,1,1,15,1,0,0,0,0.0,0.0,1.0,4462.0,55,1,0
AMB-T2-008,2025-05-23,0,1,1,22,1,0,0,0,0.0,0.0,1.0,4462.0,55,1,0
AMB-T2-008,2025-05-30,0,1,1,29,1,0,0,0,0.0,0.0,1.0,4462.0,55,1,0
AMB-T2-008,2025-06-06,0,1,1,36,1,0,0,0,0.0,0.0,1.0,5858.0,102,1,0
AMB-T2-008,2025-06-13,0,1,1,43,1,0,0,0,0.0,0.0,1.0,5858.0,102,1,0
AMB-T2-008,2025-06-20,0,1,1,50,1,0,0,0,0.0,0.0,1.0,5858.0,102,1,0
AMB-T2-008,2025-06-27,0,1,1,57,1,0,0,0,0.0,0.0,1.0,5858.0,102,1,0
AMB-T2-008,2025-07-04,1,0,1,1,1,0,0,0,0.0,0.0,1.0,4498.0,87,1,0
AMB-T2-008,2025-07-11,1,1,2,4,2,0,0,0,0.0,0.0,1.0,4498.0,87,1,0
AMB-T2-008,2025-07-18,1,1,2,11,2,0,0,0,0.0,0.0,1.0,4498.0,87,1,0
AMB-T2-008,2025-07-25,1,1,2,18,2,0,0,0,0.0,0.0,1.0,4498.0,87,1,0
AMB-T2-008,2025-08-01,1,1,2,25,2,0,0,0,0.0,0.0,1.0,4812.0,59,1,0
AMB-T2-008,2025-08-08,1,1,2,32,2,0,0,0,0.0,0.0,1.0,4812.0,59,1,0
AMB-T2-008,2025-08-15,1,1,2,39,2,0,0,0,0.0,0.0,1.0,4812.0,59,1,0
AMB-T2-008,2025-08-22,1,1,2,46,2,0,0,0,0.0,0.0,1.0,4812.0,59,1,0
AMB-T2-008,2025-08-29,1,1,2,53,2,0,0,0,0.0,0.0,1.0,4812.0,59,1,0
AMB-T2-008,2025-09-05,0,0,0,60,0,0,0,0,0.0,0.0,1.0,5664.0,44,1,0
AMB-T2-008,2025-09-12,0,0,0,60,0,0,0,0,0.0,0.0,1.0,5664.0,44,1,0
AMB-T2-008,2025-09-19,0,0,0,60,0,0,0,0,0.0,0.0,1.0,5664.0,44,1,0
AMB-T2-008,2025-09-26,0,0,0,60,0,0,0,0,0.0,0.0,1.0,5664.0,44,1,0
AMB-T2-008,2025-10-03,0,0,0,60,0,0,0,0,0.0,0.0,1.0,4247.0,68,1,0
AMB-T2-008,2025-10-10,0,0,0,60,0,0,0,0,0.0,0.0,1.0,4247.0,68,1,0
AMB-T2-008,2025-10-17,0,0,0,60,0,0,0,0,0.0,0.0,1.0,4247.0,68,1,0
AMB-T2-008,2025-10-24,0,0,0,60,0,0,0,0,0.0,0.0,1.0,4247.0,68,1,0
AMB-T2-008,2025-10-31,0,0,0,60,0,0,0,0,0.0,0.0,1.0,2095.0,55,1,0
AMB-T2-008,2025-11-07,0,0,0,60,0,0,0,0,0.0,0.0,1.0,4872.0,79,1,0
AMB-T2-008,2025-11-14,0,0,0,60,0,0,0,0,0.0,0.0,1.0,4872.0,79,1,0
AMB-T2-008,2025-11-21,0,0,0,60,0,0,0,0,0.0,0.0,1.0,4872.0,79,1,0
AMB-T2-008,2025-11-28,0,0,0,60,0,0,0,0,0.0,0.0,1.0,4872.0,79,1,0
AMB-T2-008,2025-12-05,0,0,0,60,0,0,0,0,0.0,0.0,1.0,4544.0,42,1,0
AMB-T2-008,2025-12-12,0,0,0,60,0,0,0,0,0.0,0.0,1.0,4544.0,42,1,0
AMB-T2-009,2024-03-01,1,2,3,4,1,1,1,1,3.9,3.9,0.935,4630.0,106,0,0
AMB-T2-009,2024-03-08,0,2,2,11,1,0,1,1,3.9,3.9,0.935,4630.0,106,0,0
AMB-T2-009,2024-03-15,0,2,2,18,1,0,1,1,3.9,3.9,0.935,4630.0,106,0,0
AMB-T2-009,2024-03-22,0,2,2,25,1,0,1,1,3.9,3.9,0.935,4630.0,106,0,0
AMB-T2-009,2024-03-29,0,2,2,32,1,0,1,1,3.9,3.9,0.935,4630.0,106,0,0
AMB-T2-009,2024-04-05,0,1,1,39,1,0,0,0,0.0,0.0,1.0,5324.0,81,1,0
AMB-T2-009,2024-04-12,0,1,1,46,1,0,0,0,0.0,0.0,1.0,5324.0,81,1,0
AMB-T2-009,2024-04-19,0,1,1,53,1,0,0,0,0.0,0.0,1.0,5324.0,81,1,0
AMB-T2-009,2024-04-26,0,0,0,60,0,0,0,0,0.0,0.0,1.0,5324.0,81,1,0
AMB-T2-009,2024-05-03,0,0,0,60,0,0,0,0,0.0,0.0,1.0,4655.0,56,1,0
AMB-T2-009,2024-05-10,0,0,0,60,0,0,0,0,0.0,0.0,1.0,4655.0,56,1,0
AMB-T2-009,2024-05-17,0,0,0,60,0,0,0,0,0.0,0.0,1.0,4655.0,56,1,0
AMB-T2-009,2024-05-24,0,0,0,60,0,0,0,0,0.0,0.0,1.0,4655.0,56,1,0
AMB-T2-009,2024-05-31,0,0,0,60,0,0,0,0,0.0,0.0,1.0,1778.0,27,1,0
AMB-T2-009,2024-06-07,0,0,0,60,0,0,0,0,0.0,0.0,1.0,2981.0,63,1,0
AMB-T2-009,2024-06-14,0,0,0,60,0,0,0,0,0.0,0.0,1.0,2981.0,63,1,0
AMB-T2-009,2024-06-21,0,0,0,60,0,0,0,0,0.0,0.0,1.0,2981.0,63,1,0
AMB-T2-009,2024-06-28,0,0,0,60,0,0,0,0,0.0,0.0,1.0,2981.0,63,1,0
AMB-T2-009,2024-07-05,0,0,0,60,0,0,0,0,0.0,0.0,1.0,1703.0,78,1,0
AMB-T2-009,2024-07-12,1,0,1,5,0,1,0,0,0.0,0.0,1.0,1703.0,78,1,0
AMB-T2-009,2024-07-19,1,0,1,12,0,1,0,0,0.0,0.0,1.0,1703.0,78,1,0
AMB-T2-009,2024-07-26,1,0,1,19,0,1,0,0,0.0,0.0,1.0,1703.0,78,1,0
AMB-T2-009,2024-08-02,1,0,1,26,0,1,0,0,0.0,0.0,1.0,2777.0,83,1,0
AMB-T2-009,2024-08-09,1,0,1,33,0,1,0,0,0.0,0.0,1.0,2777.0,83,1,0
AMB-T2-009,2024-08-16,1,0,1,40,0,1,0,0,0.0,0.0,1.0,2777.0,83,1,0
AMB-T2-009,2024-08-23,1,0,1,47,0,1,0,0,0.0,0.0,1.0,2777.0,83,1,0
AMB-T2-009,2024-08-30,1,1,2,0,0,2,0,0,0.0,0.0,1.0,2277.0,41,1,0
AMB-T2-009,2024-09-06,0,1,1,7,0,1,0,0,0.0,0.0,1.0,5145.0,79,1,0
AMB-T2-009,2024-09-13,0,1,1,14,0,1,0,0,0.0,0.0,1.0,5145.0,79,1,0
AMB-T2-009,2024-09-20,0,1,1,21,0,1,0,0,0.0,0.0,1.0,5145.0,79,1,0
AMB-T2-009,2024-09-27,0,1,1,28,0,1,0,0,0.0,0.0,1.0,5145.0,79,1,0
AMB-T2-009,2024-10-04,0,1,1,35,0,1,0,0,0.0,0.0,1.0,6080.0,81,1,0
AMB-T2-009,2024-10-11,0,1,1,42,0,1,0,0,0.0,0.0,1.0,6080.0,81,1,0
AMB-T2-009,2024-10-18,0,1,1,49,0,1,0,0,0.0,0.0,1.0,6080.0,81,1,0
AMB-T2-009,2024-10-25,0,1,1,56,0,1,0,0,0.0,0.0,1.0,6080.0,81,1,0
AMB-T2-009,2024-11-01,0,0,0,60,0,0,0,0,0.0,0.0,1.0,4991.0,76,1,0
AMB-T2-009,2024-11-08,0,0,0,60,0,0,0,0,0.0,0.0,1.0,4991.0,76,1,0
AMB-T2-009,2024-11-15,0,0,0,60,0,0,0,0,0.0,0.0,1.0,4991.0,76,1,0
AMB-T2-009,2024-11-22,0,0,0,60,0,0,0,0,0.0,0.0,1.0,4991.0,76,1,0
AMB-T2-009,2024-11-29,0,0,0,60,0,0,0,0,0.0,0.0,1.0,4991.0,76,1,0
AMB-T2-009,2024-12-06,0,0,0,60,0,0,0,0,0.0,0.0,1.0,2656.0,58,1,1
AMB-T2-009,2024-12-13,0,0,0,60,0,0,0,0,0.0,0.0,1.0,2656.0,58,1,1
AMB-T2-009,2024-12-20,0,1,1,2,0,0,1,1,3.5,3.5,0.9417,2656.0,58,0,0
AMB-T2-009,2024-12-27,0,1,1,9,0,0,1,1,3.5,3.5,0.9417,2656.0,58,0,0
AMB-T2-009,2025-01-03,0,1,1,16,0,0,1,1,3.5,3.5,0.9417,2882.0,67,0,0
AMB-T2-009,2025-01-10,0,1,1,23,0,0,1,1,3.5,3.5,0.9417,2882.0,67,0,0
AMB-T2-009,2025-01-17,1,1,2,4,1,0,1,1,3.5,3.5,0.9417,2882.0,67,0,1
AMB-T2-009,2025-01-24,1,1,2,11,1,0,1,1,3.5,3.5,0.9417,2882.0,67,0,1
AMB-T2-009,2025-01-31,1,3,4,1,1,1,2,2,5.7,2.85,0.905,2005.0,42,0,0
AMB-T2-009,2025-02-07,1,3,4,8,1,1,2,2,5.7,2.85,0.905,3788.0,62,0,0
AMB-T2-009,2025-02-14,1,3,4,15,1,1,2,2,5.7,2.85,0.905,3788.0,62,0,1
AMB-T2-009,2025-02-21,1,3,4,4,1,1,2,1,2.2,2.2,0.9633,3788.0,62,0,1
AMB-T2-009,2025-02-28,1,4,5,6,1,1,3,2,4.1,2.05,0.9317,3788.0,62,0,0
AMB-T2-009,2025-03-07,1,4,5,13,1,1,3,2,4.1,2.05,0.9317,2884.0,48,0,0
AMB-T2-009,2025-03-14,0,4,4,20,0,1,3,2,4.1,2.05,0.9317,2884.0,48,0,0
AMB-T2-009,2025-03-21,0,4,4,27,0,1,3,2,4.1,2.05,0.9317,2884.0,48,0,0
AMB-T2-009,2025-03-28,0,3,3,34,0,0,3,2,4.1,2.05,0.9317,2884.0,48,0,0
AMB-T2-009,2025-04-04,0,2,2,41,0,0,2,1,1.9,1.9,0.9683,4505.0,67,0,1
AMB-T2-009,2025-04-11,0,2,2,48,0,0,2,1,1.9,1.9,0.9683,4505.0,67,0,1
AMB-T2-009,2025-04-18,0,1,1,55,0,0,1,2,3.4,1.7,0.9433,4505.0,67,0,0
AMB-T2-009,2025-04-25,0,1,1,0,0,1,0,1,1.5,1.5,0.975,4505.0,67,1,0
AMB-T2-009,2025-05-02,0,1,1,7,0,1,0,1,1.5,1.5,0.975,6201.0,64,1,0
AMB-T2-009,2025-05-09,0,1,1,14,0,1,0,1,1.5,1.5,0.975,6201.0,64,1,0
AMB-T2-009,2025-05-16,0,1,1,21,0,1,0,1,1.5,1.5,0.975,6201.0,64,1,0
AMB-T2-009,2025-05-23,0,1,1,28,0,1,0,1,1.5,1.5,0.975,6201.0,64,1,0
AMB-T2-009,2025-05-30,0,1,1,35,0,1,0,1,1.5,1.5,0.975,6201.0,64,1,0
AMB-T2-009,2025-06-06,0,1,1,42,0,1,0,1,1.5,1.5,0.975,4086.0,46,1,0
AMB-T2-009,2025-06-13,0,1,1,49,0,1,0,1,1.5,1.5,0.975,4086.0,46,1,0
AMB-T2-009,2025-06-20,0,1,1,56,0,1,0,0,0.0,0.0,1.0,4086.0,46,1,0
AMB-T2-009,2025-06-27,0,0,0,60,0,0,0,0,0.0,0.0,1.0,4086.0,46,1,0
AMB-T2-009,2025-07-04,1,0,1,3,0,0,1,0,0.0,0.0,1.0,3464.0,32,1,0
AMB-T2-009,2025-07-11,1,0,1,10,0,0,1,0,0.0,0.0,1.0,3464.0,32,1,0
AMB-T2-009,2025-07-18,1,1,2,1,0,0,2,0,0.0,0.0,1.0,3464.0,32,0,0
AMB-T2-009,2025-07-25,1,1,2,8,0,0,2,0,0.0,0.0,1.0,3464.0,32,0,0
AMB-T2-009,2025-08-01,1,1,2,15,0,0,2,0,0.0,0.0,1.0,3804.0,39,0,0
AMB-T2-009,2025-08-08,1,1,2,22,0,0,2,0,0.0,0.0,1.0,3804.0,39,0,0
AMB-T2-009,2025-08-15,1,1,2,29,0,0,2,0,0.0,0.0,1.0,3804.0,39,0,0
AMB-T2-009,2025-08-22,1,1,2,36,0,0,2,0,0.0,0.0,1.0,3804.0,39,0,0
AMB-T2-009,2025-08-29,1,1,2,43,0,0,2,0,0.0,0.0,1.0,3804.0,39,0,0
AMB-T2-009,2025-09-05,0,1,1,50,0,0,1,0,0.0,0.0,1.0,3070.0,38,0,1
AMB-T2-009,2025-09-12,0,1,1,57,0,0,1,0,0.0,0.0,1.0,3070.0,38,0,1
AMB-T2-009,2025-09-19,0,1,1,1,0,0,1,1,4.7,4.7,0.9217,3070.0,38,0,0
AMB-T2-009,2025-09-26,0,1,1,8,0,0,1,1,4.7,4.7,0.9217,3070.0,38,0,0
AMB-T2-009,2025-10-03,0,1,1,15,0,0,1,1,4.7,4.7,0.9217,3848.0,46,0,0
AMB-T2-009,2025-10-10,0,1,1,22,0,0,1,1,4.7,4.7,0.9217,3848.0,46,0,0
AMB-T2-009,2025-10-17,0,1,1,29,0,0,1,1,4.7,4.7,0.9217,3848.0,46,0,0
AMB-T2-009,2025-10-24,0,1,1,36,0,0,1,1,4.7,4.7,0.9217,3848.0,46,0,0
AMB-T2-009,2025-10-31,0,1,1,43,0,0,1,1,4.7,4.7,0.9217,2407.0,36,0,0
AMB-T2-009,2025-11-07,0,1,1,50,0,0,1,1,4.7,4.7,0.9217,5108.0,58,0,0
AMB-T2-009,2025-11-14,0,1,1,57,0,0,1,1,4.7,4.7,0.9217,5108.0,58,0,0
AMB-T2-009,2025-11-21,0,0,0,60,0,0,0,0,0.0,0.0,1.0,5108.0,58,1,0
AMB-T2-009,2025-11-28,0,0,0,60,0,0,0,0,0.0,0.0,1.0,5108.0,58,1,0
AMB-T2-009,2025-12-05,0,0,0,60,0,0,0,0,0.0,0.0,1.0,5390.0,76,1,0
AMB-T2-009,2025-12-12,0,0,0,60,0,0,0,0,0.0,0.0,1.0,5390.0,76,1,0
AMB-T2-010,2024-03-01,1,2,3,37,0,2,1,1,4.5,4.5,0.925,4425.0,77,0,0
AMB-T2-010,2024-03-08,0,2,2,44,0,1,1,1,4.5,4.5,0.925,4425.0,77,0,0
AMB-T2-010,2024-03-15,0,2,2,51,0,1,1,1,4.5,4.5,0.925,4425.0,77,0,0
AMB-T2-010,2024-03-22,0,1,1,58,0,0,1,0,0.0,0.0,1.0,4425.0,77,0,0
AMB-T2-010,2024-03-29,0,0,0,60,0,0,0,0,0.0,0.0,1.0,4425.0,77,1,0
AMB-T2-010,2024-04-05,0,0,0,60,0,0,0,0,0.0,0.0,1.0,4255.0,100,1,0
AMB-T2-010,2024-04-12,0,0,0,60,0,0,0,0,0.0,0.0,1.0,4255.0,100,1,0
AMB-T2-010,2024-04-19,0,0,0,60,0,0,0,0,0.0,0.0,1.0,4255.0,100,1,0
AMB-T2-010,2024-04-26,0,0,0,60,0,0,0,0,0.0,0.0,1.0,4255.0,100,1,0
AMB-T2-010,2024-05-03,0,0,0,60,0,0,0,0,0.0,0.0,1.0,4484.0,87,1,0
AMB-T2-010,2024-05-10,0,0,0,60,0,0,0,0,0.0,0.0,1.0,4484.0,87,1,0
AMB-T2-010,2024-05-17,0,0,0,60,0,0,0,0,0.0,0.0,1.0,4484.0,87,1,1
AMB-T2-010,2024-05-24,0,0,0,60,0,0,0,0,0.0,0.0,1.0,4484.0,87,1,1
AMB-T2-010,2024-05-31,0,1,1,4,0,0,1,1,3.6,3.6,0.94,2151.0,34,0,1
AMB-T2-010,2024-06-07,0,2,2,5,1,0,1,2,8.9,4.45,0.8517,4227.0,59,0,1
AMB-T2-010,2024-06-14,0,3,3,0,1,1,1,3,9.4,3.13,0.8433,4227.0,59,0,0
AMB-T2-010,2024-06-21,0,3,3,7,1,1,1,3,9.4,3.13,0.8433,4227.0,59,0,1
AMB-T2-010,2024-06-28,0,3,3,14,1,1,1,3,9.4,3.13,0.8433,4227.0,59,0,1
AMB-T2-010,2024-07-05,1,6,7,1,1,3,3,6,21.0,3.5,0.65,4981.0,90,0,0
AMB-T2-010,2024-07-12,1,6,7,8,1,3,3,6,21.0,3.5,0.65,4981.0,90,0,0
AMB-T2-010,2024-07-19,1,6,7,15,1,3,3,6,21.0,3.5,0.65,4981.0,90,0,0
AMB-T2-010,2024-07-26,1,5,6,22,1,3,2,5,17.4,3.48,0.71,4981.0,90,0,0
AMB-T2-010,2024-08-02,1,4,5,29,0,3,2,4,12.1,3.02,0.7983,5092.0,95,0,0
AMB-T2-010,2024-08-09,1,4,5,36,0,3,2,4,12.1,3.02,0.7983,5092.0,95,0,1
AMB-T2-010,2024-08-16,1,3,4,43,0,2,2,3,11.6,3.87,0.8067,5092.0,95,0,1
AMB-T2-010,2024-08-23,1,4,5,6,1,2,2,4,16.5,4.12,0.725,5092.0,95,0,0
AMB-T2-010,2024-08-30,0,3,3,13,1,0,2,3,14.1,4.7,0.765,2187.0,30,0,0
AMB-T2-010,2024-09-06,0,1,1,20,1,0,0,1,4.9,4.9,0.9183,4156.0,60,1,0
AMB-T2-010,2024-09-13,0,1,1,27,1,0,0,1,4.9,4.9,0.9183,4156.0,60,1,0
AMB-T2-010,2024-09-20,0,1,1,34,1,0,0,1,4.9,4.9,0.9183,4156.0,60,1,0
AMB-T2-010,2024-09-27,0,1,1,41,1,0,0,1,4.9,4.9,0.9183,4156.0,60,1,0
AMB-T2-010,2024-10-04,0,1,1,48,1,0,0,1,4.9,4.9,0.9183,5375.0,60,1,0
AMB-T2-010,2024-10-11,0,1,1,55,1,0,0,1,4.9,4.9,0.9183,5375.0,60,1,0
AMB-T2-010,2024-10-18,0,0,0,60,0,0,0,0,0.0,0.0,1.0,5375.0,60,1,0
AMB-T2-010,2024-10-25,0,0,0,60,0,0,0,0,0.0,0.0,1.0,5375.0,60,1,0
AMB-T2-010,2024-11-01,0,0,0,60,0,0,0,0,0.0,0.0,1.0,5471.0,53,1,0
AMB-T2-010,2024-11-08,0,0,0,60,0,0,0,0,0.0,0.0,1.0,5471.0,53,1,0
AMB-T2-010,2024-11-15,0,0,0,60,0,0,0,0,0.0,0.0,1.0,5471.0,53,1,0
AMB-T2-010,2024-11-22,0,0,0,60,0,0,0,0,0.0,0.0,1.0,5471.0,53,1,0
AMB-T2-010,2024-11-29,0,0,0,60,0,0,0,0,0.0,0.0,1.0,5471.0,53,1,1
AMB-T2-010,2024-12-06,0,0,0,60,0,0,0,0,0.0,0.0,1.0,4657.0,61,1,1
AMB-T2-010,2024-12-13,0,1,1,2,0,0,1,1,3.3,3.3,0.945,4657.0,61,0,0
AMB-T2-010,2024-12-20,1,1,2,4,0,1,1,1,3.3,3.3,0.945,4657.0,61,0,0
AMB-T2-010,2024-12-27,1,1,2,11,0,1,1,1,3.3,3.3,0.945,4657.0,61,0,0
AMB-T2-010,2025-01-03,1,1,2,18,0,1,1,1,3.3,3.3,0.945,4326.0,66,0,0
AMB-T2-010,2025-01-10,1,1,2,25,0,1,1,1,3.3,3.3,0.945,4326.0,66,0,0
AMB-T2-010,2025-01-17,1,1,2,32,0,1,1,1,3.3,3.3,0.945,4326.0,66,0,0
AMB-T2-010,2025-01-24,1,1,2,39,0,1,1,1,3.3,3.3,0.945,4326.0,66,0,0
AMB-T2-010,2025-01-31,1,1,2,46,0,1,1,1,3.3,3.3,0.945,1734.0,28,0,0
AMB-T2-010,2025-02-07,1,1,2,53,0,1,1,1,3.3,3.3,0.945,5070.0,67,0,0
AMB-T2-010,2025-02-14,0,0,0,60,0,0,0,0,0.0,0.0,1.0,5070.0,67,1,0
AMB-T2-010,2025-02-21,0,0,0,60,0,0,0,0,0.0,0.0,1.0,5070.0,67,1,1
AMB-T2-010,2025-02-28,0,0,0,60,0,0,0,0,0.0,0.0,1.0,5070.0,67,1,1
AMB-T2-010,2025-03-07,0,1,1,5,1,0,0,1,5.1,5.1,0.915,5813.0,79,1,0
AMB-T2-010,2025-03-14,0,1,1,12,1,0,0,1,5.1,5.1,0.915,5813.0,79,1,0
AMB-T2-010,2025-03-21,0,1,1,19,1,0,0,1,5.1,5.1,0.915,5813.0,79,1,0
AMB-T2-010,2025-03-28,0,1,1,26,1,0,0,1,5.1,5.1,0.915,5813.0,79,1,0
AMB-T2-010,2025-04-04,0,1,1,33,1,0,0,1,5.1,5.1,0.915,5730.0,66,1,0
AMB-T2-010,2025-04-11,0,1,1,40,1,0,0,1,5.1,5.1,0.915,5730.0,66,1,1
AMB-T2-010,2025-04-18,0,1,1,47,1,0,0,1,5.1,5.1,0.915,5730.0,66,1,1
AMB-T2-010,2025-04-25,0,2,2,6,1,1,0,2,10.8,5.4,0.82,5730.0,66,1,0
AMB-T2-010,2025-05-02,0,1,1,13,0,1,0,1,5.7,5.7,0.905,5431.0,62,1,0
AMB-T2-010,2025-05-09,0,1,1,20,0,1,0,1,5.7,5.7,0.905,5431.0,62,1,0
AMB-T2-010,2025-05-16,0,1,1,27,0,1,0,1,5.7,5.7,0.905,5431.0,62,1,0
AMB-T2-010,2025-05-23,0,1,1,34,0,1,0,1,5.7,5.7,0.905,5431.0,62,1,0
AMB-T2-010,2025-05-30,0,1,1,41,0,1,0,1,5.7,5.7,0.905,5431.0,62,1,0
AMB-T2-010,2025-06-06,0,1,1,48,0,1,0,1,5.7,5.7,0.905,3562.0,63,1,0
AMB-T2-010,2025-06-13,0,1,1,55,0,1,0,1,5.7,5.7,0.905,3562.0,63,1,1
AMB-T2-010,2025-06-20,1,0,1,6,0,1,0,0,0.0,0.0,1.0,3562.0,63,1,1
AMB-T2-010,2025-06-27,1,2,3,0,1,1,1,2,11.0,5.5,0.8167,3562.0,63,0,1
AMB-T2-010,2025-07-04,1,2,3,7,1,1,1,2,11.0,5.5,0.8167,4428.0,74,0,1
AMB-T2-010,2025-07-11,1,3,4,5,1,1,2,3,14.0,4.67,0.7667,4428.0,74,0,1
AMB-T2-010,2025-07-18,1,4,5,3,1,1,3,4,16.5,4.12,0.725,4428.0,74,0,1
AMB-T2-010,2025-07-25,1,4,5,10,1,1,3,4,16.5,4.12,0.725,4428.0,74,0,1
AMB-T2-010,2025-08-01,1,5,6,2,2,1,3,5,18.1,3.62,0.6983,6022.0,78,0,0
AMB-T2-010,2025-08-08,1,5,6,9,2,1,3,5,18.1,3.62,0.6983,6022.0,78,0,1
AMB-T2-010,2025-08-15,0,5,5,16,2,0,3,5,18.1,3.62,0.6983,6022.0,78,0,1
AMB-T2-010,2025-08-22,0,6,6,6,2,1,3,6,22.6,3.77,0.6233,6022.0,78,0,0
AMB-T2-010,2025-08-29,0,4,4,13,1,1,2,4,11.6,2.9,0.8067,6022.0,78,0,1
AMB-T2-010,2025-09-05,0,3,3,20,1,1,1,3,8.6,2.87,0.8567,5115.0,48,0,1
AMB-T2-010,2025-09-12,0,4,4,2,1,1,2,4,11.8,2.95,0.8033,5115.0,48,0,0
AMB-T2-010,2025-09-19,0,3,3,9,1,1,1,3,9.3,3.1,0.845,5115.0,48,0,0
AMB-T2-010,2025-09-26,0,4,4,4,1,2,1,3,9.3,3.1,0.845,5115.0,48,0,0
AMB-T2-010,2025-10-03,0,3,3,11,0,2,1,2,7.7,3.85,0.8717,5112.0,68,0,0
AMB-T2-010,2025-10-10,0,3,3,18,0,2,1,2,7.7,3.85,0.8717,5112.0,68,0,0
AMB-T2-010,2025-10-17,0,2,2,25,0,1,1,1,3.2,3.2,0.9467,5112.0,68,0,0
AMB-T2-010,2025-10-24,0,2,2,32,0,1,1,1,3.2,3.2,0.9467,5112.0,68,0,0
AMB-T2-010,2025-10-31,0,2,2,39,0,1,1,1,3.2,3.2,0.9467,2975.0,51,0,0
AMB-T2-010,2025-11-07,0,2,2,46,0,1,1,1,3.2,3.2,0.9467,6042.0,109,0,1
AMB-T2-010,2025-11-14,0,1,1,53,0,1,0,0,0.0,0.0,1.0,6042.0,109,1,1
AMB-T2-010,2025-11-21,0,1,1,2,0,0,1,2,3.7,1.85,0.9383,6042.0,109,0,0
AMB-T2-010,2025-11-28,0,1,1,9,0,0,1,2,3.7,1.85,0.9383,6042.0,109,0,0
AMB-T2-010,2025-12-05,0,1,1,16,0,0,1,2,3.7,1.85,0.9383,5736.0,115,0,0
AMB-T2-010,2025-12-12,0,1,1,23,0,0,1,2,3.7,1.85,0.9383,5736.0,115,0,0
AMB-T2-011,2024-03-01,1,2,3,32,0,1,2,2,9.0,4.5,0.85,5321.0,65,0,0
AMB-T2-011,2024-03-08,0,2,2,39,0,0,2,2,9.0,4.5,0.85,5321.0,65,0,0
AMB-T2-011,2024-03-15,0,2,2,46,0,0,2,2,9.0,4.5,0.85,5321.0,65,0,1
AMB-T2-011,2024-03-22,0,1,1,53,0,0,1,1,6.4,6.4,0.8933,5321.0,65,0,1
AMB-T2-011,2024-03-29,0,1,1,4,0,0,1,1,5.4,5.4,0.91,5321.0,65,0,0
AMB-T2-011,2024-04-05,0,1,1,11,0,0,1,1,5.4,5.4,0.91,4999.0,114,0,0
AMB-T2-011,2024-04-12,0,1,1,18,0,0,1,1,5.4,5.4,0.91,4999.0,114,0,0
AMB-T2-011,2024-04-19,0,1,1,25,0,0,1,1,5.4,5.4,0.91,4999.0,114,0,0
AMB-T2-011,2024-04-26,0,1,1,32,0,0,1,1,5.4,5.4,0.91,4999.0,114,0,0
AMB-T2-011,2024-05-03,0,1,1,39,0,0,1,1,5.4,5.4,0.91,3718.0,101,0,0
AMB-T2-011,2024-05-10,0,1,1,46,0,0,1,1,5.4,5.4,0.91,3718.0,101,0,0
AMB-T2-011,2024-05-17,0,1,1,53,0,0,1,1,5.4,5.4,0.91,3718.0,101,0,0
AMB-T2-011,2024-05-24,0,0,0,60,0,0,0,0,0.0,0.0,1.0,3718.0,101,1,0
AMB-T2-011,2024-05-31,0,0,0,60,0,0,0,0,0.0,0.0,1.0,1172.0,36,1,0
AMB-T2-011,2024-06-07,0,0,0,60,0,0,0,0,0.0,0.0,1.0,3534.0,57,1,0
AMB-T2-011,2024-06-14,0,0,0,60,0,0,0,0,0.0,0.0,1.0,3534.0,57,1,1
AMB-T2-011,2024-06-21,0,0,0,60,0,0,0,0,0.0,0.0,1.0,3534.0,57,1,1
AMB-T2-011,2024-06-28,0,2,2,2,1,1,0,1,7.2,7.2,0.88,3534.0,57,1,0
AMB-T2-011,2024-07-05,1,2,3,5,1,2,0,1,7.2,7.2,0.88,4021.0,48,1,0
AMB-T2-011,2024-07-12,1,2,3,12,1,2,0,1,7.2,7.2,0.88,4021.0,48,1,0
AMB-T2-011,2024-07-19,1,2,3,19,1,2,0,1,7.2,7.2,0.88,4021.0,48,1,0
AMB-T2-011,2024-07-26,1,2,3,26,1,2,0,1,7.2,7.2,0.88,4021.0,48,1,0
AMB-T2-011,2024-08-02,1,3,4,0,1,2,1,1,7.2,7.2,0.88,3351.0,63,0,0
AMB-T2-011,2024-08-09,1,3,4,7,1,2,1,1,7.2,7.2,0.88,3351.0,63,0,0
AMB-T2-011,2024-08-16,1,3,4,14,1,2,1,1,7.2,7.2,0.88,3351.0,63,0,0
AMB-T2-011,2024-08-23,1,3,4,21,1,2,1,1,7.2,7.2,0.88,3351.0,63,0,0
AMB-T2-011,2024-08-30,0,1,1,28,0,0,1,0,0.0,0.0,1.0,1692.0,36,0,0
AMB-T2-011,2024-09-06,0,1,1,35,0,0,1,0,0.0,0.0,1.0,3682.0,77,0,0
AMB-T2-011,2024-09-13,0,1,1,42,0,0,1,0,0.0,0.0,1.0,3682.0,77,0,1
AMB-T2-011,2024-09-20,0,1,1,49,0,0,1,0,0.0,0.0,1.0,3682.0,77,0,1
AMB-T2-011,2024-09-27,0,2,2,1,0,1,1,1,4.6,4.6,0.9233,3682.0,77,0,1
AMB-T2-011,2024-10-04,0,2,2,1,0,1,1,2,8.2,4.1,0.8633,4731.0,85,0,0
AMB-T2-011,2024-10-11,0,2,2,8,0,1,1,2,8.2,4.1,0.8633,4731.0,85,0,0
AMB-T2-011,2024-10-18,0,2,2,15,0,1,1,2,8.2,4.1,0.8633,4731.0,85,0,0
AMB-T2-011,2024-10-25,0,2,2,22,0,1,1,2,8.2,4.1,0.8633,4731.0,85,0,0
AMB-T2-011,2024-11-01,0,2,2,29,0,1,1,2,8.2,4.1,0.8633,4846.0,85,0,0
AMB-T2-011,2024-11-08,0,2,2,36,0,1,1,2,8.2,4.1,0.8633,4846.0,85,0,1
AMB-T2-011,2024-11-15,0,2,2,43,0,1,1,2,8.2,4.1,0.8633,4846.0,85,0,1
AMB-T2-011,2024-11-22,0,3,3,0,1,1,1,3,11.6,3.87,0.8067,4846.0,85,0,0
AMB-T2-011,2024-11-29,0,2,2,7,1,0,1,2,7.0,3.5,0.8833,4846.0,85,0,0
AMB-T2-011,2024-12-06,0,1,1,14,1,0,0,1,3.4,3.4,0.9433,5077.0,84,1,0
AMB-T2-011,2024-12-13,0,1,1,21,1,0,0,1,3.4,3.4,0.9433,5077.0,84,1,0
AMB-T2-011,2024-12-20,0,1,1,28,1,0,0,1,3.4,3.4,0.9433,5077.0,84,1,0
AMB-T2-011,2024-12-27,0,1,1,35,1,0,0,1,3.4,3.4,0.9433,5077.0,84,1,0
AMB-T2-011,2025-01-03,1,1,2,3,1,1,0,1,3.4,3.4,0.9433,6439.0,92,1,0
AMB-T2-011,2025-01-10,1,1,2,10,1,1,0,1,3.4,3.4,0.9433,6439.0,92,1,0
AMB-T2-011,2025-01-17,1,1,2,17,1,1,0,1,3.4,3.4,0.9433,6439.0,92,1,0
AMB-T2-011,2025-01-24,1,0,1,24,0,1,0,0,0.0,0.0,1.0,6439.0,92,1,0
AMB-T2-011,2025-01-31,1,0,1,31,0,1,0,0,0.0,0.0,1.0,3467.0,49,1,0
AMB-T2-011,2025-02-07,1,0,1,38,0,1,0,0,0.0,0.0,1.0,6849.0,59,1,0
AMB-T2-011,2025-02-14,1,0,1,45,0,1,0,0,0.0,0.0,1.0,6849.0,59,1,0
AMB-T2-011,2025-02-21,1,0,1,52,0,1,0,0,0.0,0.0,1.0,6849.0,59,1,0
AMB-T2-011,2025-02-28,1,0,1,59,0,1,0,0,0.0,0.0,1.0,6849.0,59,1,0
AMB-T2-011,2025-03-07,0,0,0,60,0,0,0,0,0.0,0.0,1.0,5791.0,43,1,0
AMB-T2-011,2025-03-14,0,0,0,60,0,0,0,0,0.0,0.0,1.0,5791.0,43,1,0
AMB-T2-011,2025-03-21,0,0,0,60,0,0,0,0,0.0,0.0,1.0,5791.0,43,1,0
AMB-T2-011,2025-03-28,0,0,0,60,0,0,0,0,0.0,0.0,1.0,5791.0,43,1,0
AMB-T2-011,2025-04-04,0,0,0,60,0,0,0,0,0.0,0.0,1.0,4685.0,61,1,1
AMB-T2-011,2025-04-11,0,0,0,60,0,0,0,0,0.0,0.0,1.0,4685.0,61,1,1
AMB-T2-011,2025-04-18,0,2,2,2,2,0,0,2,2.5,1.25,0.9583,4685.0,61,1,0
AMB-T2-011,2025-04-25,0,2,2,9,2,0,0,2,2.5,1.25,0.9583,4685.0,61,1,0
AMB-T2-011,2025-05-02,0,2,2,16,2,0,0,2,2.5,1.25,0.9583,4865.0,44,1,0
AMB-T2-011,2025-05-09,0,2,2,23,2,0,0,2,2.5,1.25,0.9583,4865.0,44,1,0
AMB-T2-011,2025-05-16,0,2,2,30,2,0,0,2,2.5,1.25,0.9583,4865.0,44,1,0
AMB-T2-011,2025-05-23,0,2,2,37,2,0,0,2,2.5,1.25,0.9583,4865.0,44,1,0
AMB-T2-011,2025-05-30,0,2,2,44,2,0,0,2,2.5,1.25,0.9583,4865.0,44,1,0
AMB-T2-011,2025-06-06,0,2,2,51,2,0,0,2,2.5,1.25,0.9583,5182.0,44,1,0
AMB-T2-011,2025-06-13,0,1,1,58,1,0,0,1,1.0,1.0,0.9833,5182.0,44,1,1
AMB-T2-011,2025-06-20,1,0,1,1,0,1,0,0,0.0,0.0,1.0,5182.0,44,1,1
AMB-T2-011,2025-06-27,1,1,2,5,1,1,0,1,4.5,4.5,0.925,5182.0,44,1,0
AMB-T2-011,2025-07-04,1,1,2,12,1,1,0,1,4.5,4.5,0.925,4644.0,71,1,0
AMB-T2-011,2025-07-11,1,1,2,19,1,1,0,1,4.5,4.5,0.925,4644.0,71,1,1
AMB-T2-011,2025-07-18,1,1,2,26,1,1,0,1,4.5,4.5,0.925,4644.0,71,1,1
AMB-T2-011,2025-07-25,1,2,3,1,2,1,0,2,6.1,3.05,0.8983,4644.0,71,1,1
AMB-T2-011,2025-08-01,1,3,4,6,2,2,0,3,10.0,3.33,0.8333,4450.0,93,1,0
AMB-T2-011,2025-08-08,1,3,4,13,2,2,0,3,10.0,3.33,0.8333,4450.0,93,1,0
AMB-T2-011,2025-08-15,1,3,4,20,2,2,0,3,10.0,3.33,0.8333,4450.0,93,1,0
AMB-T2-011,2025-08-22,0,2,2,27,1,1,0,2,5.5,2.75,0.9083,4450.0,93,1,0
AMB-T2-011,2025-08-29,0,2,2,34,1,1,0,2,5.5,2.75,0.9083,4450.0,93,1,0
AMB-T2-011,2025-09-05,0,2,2,41,1,1,0,2,5.5,2.75,0.9083,4169.0,86,1,1
AMB-T2-011,2025-09-12,0,2,2,48,1,1,0,2,5.5,2.75,0.9083,4169.0,86,1,1
AMB-T2-011,2025-09-19,0,3,3,5,1,2,0,3,11.2,3.73,0.8133,4169.0,86,1,0
AMB-T2-011,2025-09-26,0,1,1,12,0,1,0,1,5.7,5.7,0.905,4169.0,86,1,0
AMB-T2-011,2025-10-03,0,1,1,19,0,1,0,1,5.7,5.7,0.905,4655.0,78,1,0
AMB-T2-011,2025-10-10,0,1,1,26,0,1,0,1,5.7,5.7,0.905,4655.0,78,1,0
AMB-T2-011,2025-10-17,0,1,1,33,0,1,0,1,5.7,5.7,0.905,4655.0,78,1,0
AMB-T2-011,2025-10-24,0,2,2,5,1,1,0,1,5.7,5.7,0.905,4655.0,78,1,0
AMB-T2-011,2025-10-31,0,2,2,12,1,1,0,1,5.7,5.7,0.905,2885.0,42,1,0
AMB-T2-011,2025-11-07,0,3,3,6,1,2,0,1,5.7,5.7,0.905,5492.0,93,1,1
AMB-T2-011,2025-11-14,0,2,2,13,1,1,0,0,0.0,0.0,1.0,5492.0,93,1,1
AMB-T2-011,2025-11-21,0,3,3,5,2,1,0,1,2.2,2.2,0.9633,5492.0,93,1,0
AMB-T2-011,2025-11-28,0,3,3,12,2,1,0,1,2.2,2.2,0.9633,5492.0,93,1,0
AMB-T2-011,2025-12-05,1,3,4,3,2,2,0,1,2.2,2.2,0.9633,4715.0,81,1,1
AMB-T2-011,2025-12-12,1,3,4,10,2,2,0,1,2.2,2.2,0.9633,4715.0,81,1,1
AMB-T2-012,2024-03-01,1,0,1,47,0,1,0,0,0.0,0.0,1.0,6049.0,100,1,1
AMB-T2-012,2024-03-08,1,0,1,54,0,1,0,0,0.0,0.0,1.0,6049.0,100,1,1
AMB-T2-012,2024-03-15,0,1,1,4,1,0,0,1,4.3,4.3,0.9283,6049.0,100,1,0
AMB-T2-012,2024-03-22,0,1,1,11,1,0,0,1,4.3,4.3,0.9283,6049.0,100,1,1
AMB-T2-012,2024-03-29,0,1,1,18,1,0,0,1,4.3,4.3,0.9283,6049.0,100,1,1
AMB-T2-012,2024-04-05,0,2,2,6,1,0,1,2,10.2,5.1,0.83,4834.0,107,0,0
AMB-T2-012,2024-04-12,0,2,2,13,1,0,1,2,10.2,5.1,0.83,4834.0,107,0,0
AMB-T2-012,2024-04-19,0,2,2,20,1,0,1,2,10.2,5.1,0.83,4834.0,107,0,0
AMB-T2-012,2024-04-26,0,2,2,27,1,0,1,2,10.2,5.1,0.83,4834.0,107,0,0
AMB-T2-012,2024-05-03,0,2,2,34,1,0,1,2,10.2,5.1,0.83,4370.0,117,0,1
AMB-T2-012,2024-05-10,0,1,1,41,0,0,1,1,5.9,5.9,0.9017,4370.0,117,0,1
AMB-T2-012,2024-05-17,0,2,2,6,1,0,1,2,7.2,3.6,0.88,4370.0,117,0,0
AMB-T2-012,2024-05-24,0,2,2,13,1,0,1,2,7.2,3.6,0.88,4370.0,117,0,0
AMB-T2-012,2024-05-31,0,1,1,20,1,0,0,1,1.3,1.3,0.9783,2037.0,60,1,0
AMB-T2-012,2024-06-07,0,1,1,27,1,0,0,1,1.3,1.3,0.9783,5104.0,104,1,0
AMB-T2-012,2024-06-14,0,1,1,34,1,0,0,1,1.3,1.3,0.9783,5104.0,104,1,0
AMB-T2-012,2024-06-21,0,1,1,41,1,0,0,1,1.3,1.3,0.9783,5104.0,104,1,1
AMB-T2-012,2024-06-28,0,1,1,48,1,0,0,1,1.3,1.3,0.9783,5104.0,104,1,1
AMB-T2-012,2024-07-05,0,2,2,5,1,1,0,2,9.4,4.7,0.8433,6400.0,96,1,0
AMB-T2-012,2024-07-12,1,1,2,5,0,1,1,1,8.1,8.1,0.865,6400.0,96,1,0
AMB-T2-012,2024-07-19,1,1,2,12,0,1,1,1,8.1,8.1,0.865,6400.0,96,1,1
AMB-T2-012,2024-07-26,1,1,2,19,0,1,1,1,8.1,8.1,0.865,6400.0,96,1,1
AMB-T2-012,2024-08-02,1,2,3,0,1,1,1,2,11.2,5.6,0.8133,7006.0,114,1,1
AMB-T2-012,2024-08-09,1,2,3,7,1,1,1,2,11.2,5.6,0.8133,7006.0,114,1,1
AMB-T2-012,2024-08-16,1,3,4,1,1,2,1,3,16.1,5.37,0.7317,7006.0,114,1,1
AMB-T2-012,2024-08-23,1,4,5,4,2,2,1,4,22.5,5.62,0.625,7006.0,114,1,1
AMB-T2-012,2024-08-30,1,3,4,11,2,1,1,3,14.4,4.8,0.76,3673.0,62,1,1
AMB-T2-012,2024-09-06,0,4,4,2,3,1,0,4,16.7,4.18,0.7217,6759.0,97,1,0
AMB-T2-012,2024-09-13,0,4,4,9,3,1,0,4,16.7,4.18,0.7217,6759.0,97,1,0
AMB-T2-012,2024-09-20,0,4,4,16,3,1,0,4,16.7,4.18,0.7217,6759.0,97,1,0
AMB-T2-012,2024-09-27,0,4,4,23,3,1,0,4,16.7,4.18,0.7217,6759.0,97,1,0
AMB-T2-012,2024-10-04,0,3,3,30,2,1,0,3,13.6,4.53,0.7733,5636.0,80,1,0
AMB-T2-012,2024-10-11,0,3,3,37,2,1,0,3,13.6,4.53,0.7733,5636.0,80,1,0
AMB-T2-012,2024-10-18,0,1,1,44,1,0,0,1,2.3,2.3,0.9617,5636.0,80,1,0
AMB-T2-012,2024-10-25,0,1,1,51,1,0,0,1,2.3,2.3,0.9617,5636.0,80,1,0
AMB-T2-012,2024-11-01,0,1,1,58,1,0,0,1,2.3,2.3,0.9617,6074.0,85,1,0
AMB-T2-012,2024-11-08,0,1,1,0,0,0,1,0,0.0,0.0,1.0,6074.0,85,0,0
AMB-T2-012,2024-11-15,0,1,1,7,0,0,1,0,0.0,0.0,1.0,6074.0,85,0,0
AMB-T2-012,2024-11-22,0,1,1,14,0,0,1,0,0.0,0.0,1.0,6074.0,85,0,1
AMB-T2-012,2024-11-29,0,1,1,21,0,0,1,0,0.0,0.0,1.0,6074.0,85,0,1
AMB-T2-012,2024-12-06,0,2,2,1,1,0,1,1,5.2,5.2,0.9133,6175.0,108,0,0
AMB-T2-012,2024-12-13,0,2,2,8,1,0,1,1,5.2,5.2,0.9133,6175.0,108,0,0
AMB-T2-012,2024-12-20,0,2,2,15,1,0,1,1,5.2,5.2,0.9133,6175.0,108,0,0
AMB-T2-012,2024-12-27,0,2,2,22,1,0,1,1,5.2,5.2,0.9133,6175.0,108,0,0
AMB-T2-012,2025-01-03,1,2,3,1,1,0,2,1,5.2,5.2,0.9133,5463.0,106,0,0
AMB-T2-012,2025-01-10,1,1,2,8,1,0,1,1,5.2,5.2,0.9133,5463.0,106,1,1
AMB-T2-012,2025-01-17,1,1,2,15,1,0,1,1,5.2,5.2,0.9133,5463.0,106,1,1
AMB-T2-012,2025-01-24,1,1,2,22,1,0,1,2,6.2,3.1,0.8967,5463.0,106,1,0
AMB-T2-012,2025-01-31,1,1,2,29,1,0,1,2,6.2,3.1,0.8967,2812.0,38,1,0
AMB-T2-012,2025-02-07,1,0,1,36,0,0,1,1,1.0,1.0,0.9833,6153.0,83,1,1
AMB-T2-012,2025-02-14,1,0,1,43,0,0,1,1,1.0,1.0,0.9833,6153.0,83,1,1
AMB-T2-012,2025-02-21,1,1,2,2,0,1,1,2,3.0,1.5,0.95,6153.0,83,1,1
AMB-T2-012,2025-02-28,1,1,2,9,0,1,1,2,3.0,1.5,0.95,6153.0,83,1,1
AMB-T2-012,2025-03-07,0,2,2,1,0,1,1,3,9.3,3.1,0.845,5382.0,103,0,0
AMB-T2-012,2025-03-14,0,2,2,8,0,1,1,3,9.3,3.1,0.845,5382.0,103,0,0
AMB-T2-012,2025-03-21,0,2,2,15,0,1,1,2,8.3,4.15,0.8617,5382.0,103,0,1
AMB-T2-012,2025-03-28,0,2,2,22,0,1,1,2,8.3,4.15,0.8617,5382.0,103,0,1
AMB-T2-012,2025-04-04,0,3,3,3,0,1,2,3,10.3,3.43,0.8283,4468.0,104,0,1
AMB-T2-012,2025-04-11,0,3,3,10,0,1,2,3,10.3,3.43,0.8283,4468.0,104,0,1
AMB-T2-012,2025-04-18,0,4,4,4,1,1,2,4,13.9,3.48,0.7683,4468.0,104,0,0
AMB-T2-012,2025-04-25,0,3,3,11,1,0,2,3,11.9,3.97,0.8017,4468.0,104,0,0
AMB-T2-012,2025-05-02,0,3,3,18,1,0,2,3,11.9,3.97,0.8017,5261.0,94,0,0
AMB-T2-012,2025-05-09,0,2,2,25,1,0,1,2,5.6,2.8,0.9067,5261.0,94,0,0
AMB-T2-012,2025-05-16,0,2,2,32,1,0,1,2,5.6,2.8,0.9067,5261.0,94,0,0
AMB-T2-012,2025-05-23,0,2,2,39,1,0,1,2,5.6,2.8,0.9067,5261.0,94,0,0
AMB-T2-012,2025-05-30,0,2,2,46,1,0,1,2,5.6,2.8,0.9067,5261.0,94,0,0
AMB-T2-012,2025-06-06,0,1,1,53,1,0,0,1,3.6,3.6,0.94,4394.0,90,1,0
AMB-T2-012,2025-06-13,0,1,1,3,0,0,1,0,0.0,0.0,1.0,4394.0,90,0,0
AMB-T2-012,2025-06-20,0,1,1,10,0,0,1,0,0.0,0.0,1.0,4394.0,90,0,0
AMB-T2-012,2025-06-27,0,1,1,17,0,0,1,0,0.0,0.0,1.0,4394.0,90,0,0
AMB-T2-012,2025-07-04,0,1,1,24,0,0,1,0,0.0,0.0,1.0,5110.0,103,0,0
AMB-T2-012,2025-07-11,1,2,3,0,0,2,1,0,0.0,0.0,1.0,5110.0,103,0,0
AMB-T2-012,2025-07-18,1,2,3,7,0,2,1,0,0.0,0.0,1.0,5110.0,103,0,0
AMB-T2-012,2025-07-25,1,2,3,14,0,2,1,0,0.0,0.0,1.0,5110.0,103,0,0
AMB-T2-012,2025-08-01,1,2,3,21,0,2,1,0,0.0,0.0,1.0,5830.0,118,0,1
AMB-T2-012,2025-08-08,1,2,3,28,0,2,1,0,0.0,0.0,1.0,5830.0,118,0,1
AMB-T2-012,2025-08-15,1,3,4,2,0,3,1,2,9.2,4.6,0.8467,5830.0,118,0,1
AMB-T2-012,2025-08-22,1,4,5,1,0,4,1,3,16.6,5.53,0.7233,5830.0,118,0,0
AMB-T2-012,2025-08-29,1,4,5,8,0,4,1,3,16.6,5.53,0.7233,5830.0,118,0,0
AMB-T2-012,2025-09-05,1,4,5,15,0,4,1,3,16.6,5.53,0.7233,4698.0,98,0,0
AMB-T2-012,2025-09-12,0,3,3,22,0,2,1,3,16.6,5.53,0.7233,4698.0,98,0,0
AMB-T2-012,2025-09-19,0,4,4,3,0,2,2,3,16.6,5.53,0.7233,4698.0,98,0,0
AMB-T2-012,2025-09-26,0,5,5,0,0,3,2,3,16.6,5.53,0.7233,4698.0,98,0,0
AMB-T2-012,2025-10-03,0,5,5,7,0,3,2,3,16.6,5.53,0.7233,5100.0,88,0,0
AMB-T2-012,2025-10-10,0,5,5,14,0,3,2,3,16.6,5.53,0.7233,5100.0,88,0,1
AMB-T2-012,2025-10-17,0,3,3,21,0,2,1,1,7.4,7.4,0.8767,5100.0,88,0,1
AMB-T2-012,2025-10-24,0,3,3,6,1,1,1,1,2.6,2.6,0.9567,5100.0,88,0,1
AMB-T2-012,2025-10-31,0,3,3,13,1,1,1,1,2.6,2.6,0.9567,2682.0,47,0,1
AMB-T2-012,2025-11-07,0,4,4,5,2,1,1,2,8.4,4.2,0.86,6158.0,96,0,0
AMB-T2-012,2025-11-14,0,4,4,12,2,1,1,2,8.4,4.2,0.86,6158.0,96,0,1
AMB-T2-012,2025-11-21,0,3,3,19,2,1,0,2,8.4,4.2,0.86,6158.0,96,1,1
AMB-T2-012,2025-11-28,0,2,2,26,2,0,0,3,9.6,3.2,0.84,6158.0,96,1,1
AMB-T2-012,2025-12-05,0,2,2,33,2,0,0,3,9.6,3.2,0.84,6275.0,106,1,1
AMB-T2-012,2025-12-12,0,3,3,1,3,0,0,4,17.0,4.25,0.7167,6275.0,106,1,0
AMB-T2-013,2024-03-01,1,1,2,7,1,0,1,0,0.0,0.0,1.0,4906.0,61,1,0
AMB-T2-013,2024-03-08,0,1,1,14,1,0,0,0,0.0,0.0,1.0,4906.0,61,1,0
AMB-T2-013,2024-03-15,0,1,1,21,1,0,0,0,0.0,0.0,1.0,4906.0,61,1,0
AMB-T2-013,2024-03-22,0,1,1,28,1,0,0,0,0.0,0.0,1.0,4906.0,61,1,0
AMB-T2-013,2024-03-29,0,1,1,35,1,0,0,0,0.0,0.0,1.0,4906.0,61,1,0
AMB-T2-013,2024-04-05,0,1,1,42,1,0,0,0,0.0,0.0,1.0,4495.0,35,1,0
AMB-T2-013,2024-04-12,0,1,1,49,1,0,0,0,0.0,0.0,1.0,4495.0,35,1,0
AMB-T2-013,2024-04-19,0,1,1,56,1,0,0,0,0.0,0.0,1.0,4495.0,35,1,0
AMB-T2-013,2024-04-26,0,0,0,60,0,0,0,0,0.0,0.0,1.0,4495.0,35,1,0
AMB-T2-013,2024-05-03,0,0,0,60,0,0,0,0,0.0,0.0,1.0,4648.0,68,1,0
AMB-T2-013,2024-05-10,0,0,0,60,0,0,0,0,0.0,0.0,1.0,4648.0,68,1,0
AMB-T2-013,2024-05-17,0,0,0,60,0,0,0,0,0.0,0.0,1.0,4648.0,68,1,0
AMB-T2-013,2024-05-24,0,0,0,60,0,0,0,0,0.0,0.0,1.0,4648.0,68,1,0
AMB-T2-013,2024-05-31,0,0,0,60,0,0,0,0,0.0,0.0,1.0,2167.0,51,1,0
AMB-T2-013,2024-06-07,0,0,0,60,0,0,0,0,0.0,0.0,1.0,4819.0,63,1,1
AMB-T2-013,2024-06-14,0,0,0,60,0,0,0,0,0.0,0.0,1.0,4819.0,63,1,1
AMB-T2-013,2024-06-21,0,1,1,1,0,0,1,1,2.4,2.4,0.96,4819.0,63,0,0
AMB-T2-013,2024-06-28,0,1,1,8,0,0,1,1,2.4,2.4,0.96,4819.0,63,0,0
AMB-T2-013,2024-07-05,0,1,1,15,0,0,1,1,2.4,2.4,0.96,5066.0,45,0,0
AMB-T2-013,2024-07-12,1,2,3,4,1,1,1,1,2.4,2.4,0.96,5066.0,45,0,0
AMB-T2-013,2024-07-19,1,2,3,11,1,1,1,1,2.4,2.4,0.96,5066.0,45,0,1
AMB-T2-013,2024-07-26,1,2,3,18,1,1,1,1,2.4,2.4,0.96,5066.0,45,0,1
AMB-T2-013,2024-08-02,1,3,4,1,2,1,1,2,2.9,1.45,0.9517,3944.0,73,0,0
AMB-T2-013,2024-08-09,1,3,4,8,2,1,1,2,2.9,1.45,0.9517,3944.0,73,0,0
AMB-T2-013,2024-08-16,1,3,4,15,2,1,1,2,2.9,1.45,0.9517,3944.0,73,0,0
AMB-T2-013,2024-08-23,1,2,3,22,2,1,0,1,0.5,0.5,0.9917,3944.0,73,1,0
AMB-T2-013,2024-08-30,1,2,3,29,2,1,0,1,0.5,0.5,0.9917,1530.0,40,1,0
AMB-T2-013,2024-09-06,0,1,1,36,1,0,0,1,0.5,0.5,0.9917,3529.0,71,1,1
AMB-T2-013,2024-09-13,0,1,1,43,1,0,0,1,0.5,0.5,0.9917,3529.0,71,1,1
AMB-T2-013,2024-09-20,0,2,2,4,1,1,0,2,7.8,3.9,0.87,3529.0,71,1,0
AMB-T2-013,2024-09-27,0,2,2,11,1,1,0,2,7.8,3.9,0.87,3529.0,71,1,0
AMB-T2-013,2024-10-04,0,2,2,3,0,1,1,1,7.3,7.3,0.8783,4368.0,60,0,1
AMB-T2-013,2024-10-11,0,2,2,10,0,1,1,1,7.3,7.3,0.8783,4368.0,60,0,1
AMB-T2-013,2024-10-18,0,3,3,0,0,2,1,2,10.3,5.15,0.8283,4368.0,60,0,0
AMB-T2-013,2024-10-25,0,3,3,7,0,2,1,2,10.3,5.15,0.8283,4368.0,60,0,0
AMB-T2-013,2024-11-01,0,3,3,14,0,2,1,2,10.3,5.15,0.8283,4721.0,58,0,0
AMB-T2-013,2024-11-08,0,3,3,21,0,2,1,2,10.3,5.15,0.8283,4721.0,58,0,0
AMB-T2-013,2024-11-15,0,2,2,28,0,1,1,1,3.0,3.0,0.95,4721.0,58,0,0
AMB-T2-013,2024-11-22,0,2,2,35,0,1,1,1,3.0,3.0,0.95,4721.0,58,0,0
AMB-T2-013,2024-11-29,0,2,2,42,0,1,1,1,3.0,3.0,0.95,4721.0,58,0,0
AMB-T2-013,2024-12-06,0,1,1,49,0,1,0,1,3.0,3.0,0.95,4323.0,77,1,1
AMB-T2-013,2024-12-13,0,1,1,56,0,1,0,1,3.0,3.0,0.95,4323.0,77,1,1
AMB-T2-013,2024-12-20,0,1,1,1,1,0,0,1,1.5,1.5,0.975,4323.0,77,1,1
AMB-T2-013,2024-12-27,1,2,3,0,2,1,0,2,2.3,1.15,0.9617,4323.0,77,1,0
AMB-T2-013,2025-01-03,1,2,3,7,2,1,0,2,2.3,1.15,0.9617,4922.0,64,1,0
AMB-T2-013,2025-01-10,1,2,3,14,2,1,0,2,2.3,1.15,0.9617,4922.0,64,1,0
AMB-T2-013,2025-01-17,1,3,4,3,2,2,0,2,2.3,1.15,0.9617,4922.0,64,1,0
AMB-T2-013,2025-01-24,1,3,4,10,2,2,0,2,2.3,1.15,0.9617,4922.0,64,1,0
AMB-T2-013,2025-01-31,1,3,4,17,2,2,0,2,2.3,1.15,0.9617,2951.0,16,1,0
AMB-T2-013,2025-02-07,1,3,4,24,2,2,0,2,2.3,1.15,0.9617,5693.0,69,1,0
AMB-T2-013,2025-02-14,1,3,4,31,2,2,0,2,2.3,1.15,0.9617,5693.0,69,1,0
AMB-T2-013,2025-02-21,0,2,2,38,1,1,0,1,0.8,0.8,0.9867,5693.0,69,1,0
AMB-T2-013,2025-02-28,0,1,1,45,0,1,0,0,0.0,0.0,1.0,5693.0,69,1,0
AMB-T2-013,2025-03-07,0,1,1,52,0,1,0,0,0.0,0.0,1.0,5971.0,96,1,1
AMB-T2-013,2025-03-14,0,2,2,5,0,2,0,0,0.0,0.0,1.0,5971.0,96,1,1
AMB-T2-013,2025-03-21,0,2,2,5,0,2,0,1,1.5,1.5,0.975,5971.0,96,1,0
AMB-T2-013,2025-03-28,0,2,2,12,0,2,0,1,1.5,1.5,0.975,5971.0,96,1,1
AMB-T2-013,2025-04-04,0,2,2,19,0,2,0,1,1.5,1.5,0.975,4889.0,87,1,1
AMB-T2-013,2025-04-11,0,3,3,4,1,2,0,2,6.8,3.4,0.8867,4889.0,87,1,0
AMB-T2-013,2025-04-18,0,3,3,11,1,2,0,2,6.8,3.4,0.8867,4889.0,87,1,0
AMB-T2-013,2025-04-25,0,3,3,18,1,2,0,2,6.8,3.4,0.8867,4889.0,87,1,0
AMB-T2-013,2025-05-02,0,3,3,25,1,2,0,2,6.8,3.4,0.8867,3433.0,76,1,0
AMB-T2-013,2025-05-09,0,3,3,2,1,1,1,2,6.8,3.4,0.8867,3433.0,76,0,0
AMB-T2-013,2025-05-16,0,2,2,9,1,0,1,1,5.3,5.3,0.9117,3433.0,76,0,0
AMB-T2-013,2025-05-23,0,2,2,16,1,0,1,1,5.3,5.3,0.9117,3433.0,76,0,0
AMB-T2-013,2025-05-30,0,2,2,23,1,0,1,1,5.3,5.3,0.9117,3433.0,76,0,0
AMB-T2-013,2025-06-06,1,1,2,1,0,1,1,0,0.0,0.0,1.0,4297.0,59,0,0
AMB-T2-013,2025-06-13,1,1,2,8,0,1,1,0,0.0,0.0,1.0,4297.0,59,0,0
AMB-T2-013,2025-06-20,1,1,2,15,0,1,1,0,0.0,0.0,1.0,4297.0,59,0,0
AMB-T2-013,2025-06-27,1,1,2,22,0,1,1,0,0.0,0.0,1.0,4297.0,59,0,0
AMB-T2-013,2025-07-04,1,1,2,29,0,1,1,0,0.0,0.0,1.0,4130.0,69,0,0
AMB-T2-013,2025-07-11,1,0,1,36,0,1,0,0,0.0,0.0,1.0,4130.0,69,1,0
AMB-T2-013,2025-07-18,1,0,1,43,0,1,0,0,0.0,0.0,1.0,4130.0,69,1,0
AMB-T2-013,2025-07-25,1,1,2,1,1,1,0,0,0.0,0.0,1.0,4130.0,69,1,0
AMB-T2-013,2025-08-01,1,1,2,8,1,1,0,0,0.0,0.0,1.0,5021.0,93,1,0
AMB-T2-013,2025-08-08,0,1,1,15,1,0,0,0,0.0,0.0,1.0,5021.0,93,1,0
AMB-T2-013,2025-08-15,0,1,1,22,1,0,0,0,0.0,0.0,1.0,5021.0,93,1,0
AMB-T2-013,2025-08-22,0,1,1,29,1,0,0,0,0.0,0.0,1.0,5021.0,93,1,0
AMB-T2-013,2025-08-29,0,1,1,36,1,0,0,0,0.0,0.0,1.0,5021.0,93,1,0
AMB-T2-013,2025-09-05,0,1,1,43,1,0,0,0,0.0,0.0,1.0,6134.0,99,1,0
AMB-T2-013,2025-09-12,0,1,1,50,1,0,0,0,0.0,0.0,1.0,6134.0,99,1,0
AMB-T2-013,2025-09-19,0,1,1,57,1,0,0,0,0.0,0.0,1.0,6134.0,99,1,0
AMB-T2-013,2025-09-26,0,0,0,60,0,0,0,0,0.0,0.0,1.0,6134.0,99,1,0
AMB-T2-013,2025-10-03,0,0,0,60,0,0,0,0,0.0,0.0,1.0,5396.0,90,1,0
AMB-T2-013,2025-10-10,0,0,0,60,0,0,0,0,0.0,0.0,1.0,5396.0,90,1,0
AMB-T2-013,2025-10-17,0,0,0,60,0,0,0,0,0.0,0.0,1.0,5396.0,90,1,0
AMB-T2-013,2025-10-24,0,0,0,60,0,0,0,0,0.0,0.0,1.0,5396.0,90,1,0
AMB-T2-013,2025-10-31,0,0,0,60,0,0,0,0,0.0,0.0,1.0,2677.0,42,1,0
AMB-T2-013,2025-11-07,0,1,1,4,0,0,1,0,0.0,0.0,1.0,5510.0,62,0,1
AMB-T2-013,2025-11-14,0,2,2,4,0,0,2,0,0.0,0.0,1.0,5510.0,62,0,1
AMB-T2-013,2025-11-21,0,3,3,6,0,0,3,1,5.6,5.6,0.9067,5510.0,62,0,0
AMB-T2-013,2025-11-28,0,3,3,13,0,0,3,1,5.6,5.6,0.9067,5510.0,62,0,0
AMB-T2-013,2025-12-05,1,3,4,5,1,0,3,1,5.6,5.6,0.9067,5247.0,55,0,0
AMB-T2-013,2025-12-12,1,3,4,12,1,0,3,1,5.6,5.6,0.9067,5247.0,55,0,0
AMB-T2-014,2024-03-01,1,1,2,5,1,1,0,1,4.8,4.8,0.92,7605.0,104,1,0
AMB-T2-014,2024-03-08,1,1,2,12,1,1,0,1,4.8,4.8,0.92,7605.0,104,1,0
AMB-T2-014,2024-03-15,0,1,1,19,0,1,0,1,4.8,4.8,0.92,7605.0,104,1,0
AMB-T2-014,2024-03-22,0,1,1,26,0,1,0,1,4.8,4.8,0.92,7605.0,104,1,0
AMB-T2-014,2024-03-29,0,1,1,33,0,1,0,1,4.8,4.8,0.92,7605.0,104,1,0
AMB-T2-014,2024-04-05,0,1,1,40,0,1,0,1,4.8,4.8,0.92,7811.0,114,1,0
AMB-T2-014,2024-04-12,0,1,1,47,0,1,0,1,4.8,4.8,0.92,7811.0,114,1,0
AMB-T2-014,2024-04-19,0,1,1,54,0,1,0,1,4.8,4.8,0.92,7811.0,114,1,0
AMB-T2-014,2024-04-26,0,0,0,60,0,0,0,0,0.0,0.0,1.0,7811.0,114,1,0
AMB-T2-014,2024-05-03,0,0,0,60,0,0,0,0,0.0,0.0,1.0,7855.0,117,1,0
AMB-T2-014,2024-05-10,0,0,0,60,0,0,0,0,0.0,0.0,1.0,7855.0,117,1,0
AMB-T2-014,2024-05-17,0,0,0,60,0,0,0,0,0.0,0.0,1.0,7855.0,117,1,0
AMB-T2-014,2024-05-24,0,0,0,60,0,0,0,0,0.0,0.0,1.0,7855.0,117,1,1
AMB-T2-014,2024-05-31,0,0,0,60,0,0,0,0,0.0,0.0,1.0,3530.0,56,1,1
AMB-T2-014,2024-06-07,0,1,1,0,1,0,0,1,1.0,1.0,0.9833,7339.0,136,1,0
AMB-T2-014,2024-06-14,0,1,1,7,1,0,0,1,1.0,1.0,0.9833,7339.0,136,1,1
AMB-T2-014,2024-06-21,0,1,1,14,1,0,0,1,1.0,1.0,0.9833,7339.0,136,1,1
AMB-T2-014,2024-06-28,0,2,2,5,1,1,0,2,4.8,2.4,0.92,7339.0,136,1,0
AMB-T2-014,2024-07-05,0,2,2,12,1,1,0,2,4.8,2.4,0.92,6874.0,149,1,0
AMB-T2-014,2024-07-12,0,2,2,19,1,1,0,2,4.8,2.4,0.92,6874.0,149,1,0
AMB-T2-014,2024-07-19,1,2,3,6,2,1,0,2,4.8,2.4,0.92,6874.0,149,1,0
AMB-T2-014,2024-07-26,1,3,4,6,2,2,0,2,4.8,2.4,0.92,6874.0,149,1,0
AMB-T2-014,2024-08-02,1,3,4,13,2,2,0,2,4.8,2.4,0.92,7155.0,119,1,0
AMB-T2-014,2024-08-09,1,2,3,20,1,2,0,1,3.8,3.8,0.9367,7155.0,119,1,0
AMB-T2-014,2024-08-16,1,2,3,27,1,2,0,1,3.8,3.8,0.9367,7155.0,119,1,0
AMB-T2-014,2024-08-23,1,1,2,34,1,1,0,0,0.0,0.0,1.0,7155.0,119,1,0
AMB-T2-014,2024-08-30,1,1,2,41,1,1,0,0,0.0,0.0,1.0,4090.0,50,1,0
AMB-T2-014,2024-09-06,1,1,2,48,1,1,0,0,0.0,0.0,1.0,8777.0,117,1,0
AMB-T2-014,2024-09-13,0,1,1,55,0,1,0,0,0.0,0.0,1.0,8777.0,117,1,0
AMB-T2-014,2024-09-20,0,0,0,60,0,0,0,0,0.0,0.0,1.0,8777.0,117,1,0
AMB-T2-014,2024-09-27,0,0,0,60,0,0,0,0,0.0,0.0,1.0,8777.0,117,1,0
AMB-T2-014,2024-10-04,0,0,0,60,0,0,0,0,0.0,0.0,1.0,8189.0,105,1,0
AMB-T2-014,2024-10-11,0,1,1,4,0,0,1,0,0.0,0.0,1.0,8189.0,105,0,1
AMB-T2-014,2024-10-18,0,1,1,11,0,0,1,0,0.0,0.0,1.0,8189.0,105,0,1
AMB-T2-014,2024-10-25,0,2,2,3,0,1,1,1,1.0,1.0,0.9833,8189.0,105,0,0
AMB-T2-014,2024-11-01,0,2,2,10,0,1,1,1,1.0,1.0,0.9833,7446.0,98,0,0
AMB-T2-014,2024-11-08,0,2,2,17,0,1,1,1,1.0,1.0,0.9833,7446.0,98,0,0
AMB-T2-014,2024-11-15,0,2,2,24,0,1,1,1,1.0,1.0,0.9833,7446.0,98,0,0
AMB-T2-014,2024-11-22,0,2,2,31,0,1,1,1,1.0,1.0,0.9833,7446.0,98,0,0
AMB-T2-014,2024-11-29,0,2,2,38,0,1,1,1,1.0,1.0,0.9833,7446.0,98,0,0
AMB-T2-014,2024-12-06,0,1,1,45,0,1,0,1,1.0,1.0,0.9833,7132.0,108,1,0
AMB-T2-014,2024-12-13,0,1,1,52,0,1,0,1,1.0,1.0,0.9833,7132.0,108,1,0
AMB-T2-014,2024-12-20,0,1,1,59,0,1,0,1,1.0,1.0,0.9833,7132.0,108,1,0
AMB-T2-014,2024-12-27,0,1,1,3,0,1,0,0,0.0,0.0,1.0,7132.0,108,1,0
AMB-T2-014,2025-01-03,0,1,1,10,0,1,0,0,0.0,0.0,1.0,7516.0,85,1,0
AMB-T2-014,2025-01-10,1,1,2,2,0,2,0,0,0.0,0.0,1.0,7516.0,85,1,0
AMB-T2-014,2025-01-17,1,1,2,9,0,2,0,0,0.0,0.0,1.0,7516.0,85,1,0
AMB-T2-014,2025-01-24,1,1,2,16,0,2,0,0,0.0,0.0,1.0,7516.0,85,1,0
AMB-T2-014,2025-01-31,1,1,2,23,0,2,0,0,0.0,0.0,1.0,4328.0,37,1,0
AMB-T2-014,2025-02-07,1,1,2,30,0,2,0,0,0.0,0.0,1.0,8323.0,95,1,0
AMB-T2-014,2025-02-14,1,1,2,37,0,2,0,0,0.0,0.0,1.0,8323.0,95,1,1
AMB-T2-014,2025-02-21,1,1,2,44,0,2,0,0,0.0,0.0,1.0,8323.0,95,1,1
AMB-T2-014,2025-02-28,1,0,1,51,0,1,0,1,2.7,2.7,0.955,8323.0,95,1,0
AMB-T2-014,2025-03-07,1,0,1,58,0,1,0,1,2.7,2.7,0.955,8100.0,115,1,0
AMB-T2-014,2025-03-14,0,0,0,60,0,0,0,1,2.7,2.7,0.955,8100.0,115,1,0
AMB-T2-014,2025-03-21,0,0,0,60,0,0,0,1,2.7,2.7,0.955,8100.0,115,1,1
AMB-T2-014,2025-03-28,0,0,0,60,0,0,0,1,2.7,2.7,0.955,8100.0,115,1,1
AMB-T2-014,2025-04-04,0,1,1,4,1,0,0,2,4.7,2.35,0.9217,8088.0,109,1,0
AMB-T2-014,2025-04-11,0,1,1,11,1,0,0,2,4.7,2.35,0.9217,8088.0,109,1,0
AMB-T2-014,2025-04-18,0,1,1,18,1,0,0,2,4.7,2.35,0.9217,8088.0,109,1,0
AMB-T2-014,2025-04-25,0,1,1,25,1,0,0,2,4.7,2.35,0.9217,8088.0,109,1,0
AMB-T2-014,2025-05-02,0,1,1,32,1,0,0,1,2.0,2.0,0.9667,7760.0,119,1,0
AMB-T2-014,2025-05-09,0,1,1,39,1,0,0,1,2.0,2.0,0.9667,7760.0,119,1,0
AMB-T2-014,2025-05-16,0,1,1,46,1,0,0,1,2.0,2.0,0.9667,7760.0,119,1,0
AMB-T2-014,2025-05-23,0,1,1,53,1,0,0,1,2.0,2.0,0.9667,7760.0,119,1,0
AMB-T2-014,2025-05-30,0,0,0,60,0,0,0,0,0.0,0.0,1.0,7760.0,119,1,0
AMB-T2-014,2025-06-06,0,0,0,60,0,0,0,0,0.0,0.0,1.0,7674.0,132,1,0
AMB-T2-014,2025-06-13,0,0,0,60,0,0,0,0,0.0,0.0,1.0,7674.0,132,1,0
AMB-T2-014,2025-06-20,0,0,0,60,0,0,0,0,0.0,0.0,1.0,7674.0,132,1,0
AMB-T2-014,2025-06-27,0,0,0,60,0,0,0,0,0.0,0.0,1.0,7674.0,132,1,0
AMB-T2-014,2025-07-04,0,0,0,60,0,0,0,0,0.0,0.0,1.0,7147.0,119,1,0
AMB-T2-014,2025-07-11,0,0,0,60,0,0,0,0,0.0,0.0,1.0,7147.0,119,1,0
AMB-T2-014,2025-07-18,0,0,0,60,0,0,0,0,0.0,0.0,1.0,7147.0,119,1,0
AMB-T2-014,2025-07-25,1,0,1,3,0,1,0,0,0.0,0.0,1.0,7147.0,119,1,0
AMB-T2-014,2025-08-01,1,1,2,2,0,1,1,0,0.0,0.0,1.0,6713.0,111,0,0
AMB-T2-014,2025-08-08,1,1,2,9,0,1,1,0,0.0,0.0,1.0,6713.0,111,0,0
AMB-T2-014,2025-08-15,1,1,2,16,0,1,1,0,0.0,0.0,1.0,6713.0,111,0,0
AMB-T2-014,2025-08-22,1,1,2,23,0,1,1,0,0.0,0.0,1.0,6713.0,111,0,0
AMB-T2-014,2025-08-29,1,1,2,30,0,1,1,0,0.0,0.0,1.0,6713.0,111,0,0
AMB-T2-014,2025-09-05,1,1,2,37,0,1,1,0,0.0,0.0,1.0,8085.0,113,0,0
AMB-T2-014,2025-09-12,1,2,3,4,1,1,1,0,0.0,0.0,1.0,8085.0,113,0,0
AMB-T2-014,2025-09-19,1,2,3,11,1,1,1,0,0.0,0.0,1.0,8085.0,113,0,0
AMB-T2-014,2025-09-26,0,2,2,18,1,0,1,0,0.0,0.0,1.0,8085.0,113,0,0
AMB-T2-014,2025-10-03,0,1,1,25,1,0,0,0,0.0,0.0,1.0,7743.0,123,1,0
AMB-T2-014,2025-10-10,0,1,1,32,1,0,0,0,0.0,0.0,1.0,7743.0,123,1,0
AMB-T2-014,2025-10-17,0,1,1,39,1,0,0,0,0.0,0.0,1.0,7743.0,123,1,0
AMB-T2-014,2025-10-24,0,1,1,46,1,0,0,0,0.0,0.0,1.0,7743.0,123,1,0
AMB-T2-014,2025-10-31,0,1,1,53,1,0,0,0,0.0,0.0,1.0,3121.0,67,1,0
AMB-T2-014,2025-11-07,0,0,0,60,0,0,0,0,0.0,0.0,1.0,7736.0,113,1,0
AMB-T2-014,2025-11-14,0,0,0,60,0,0,0,0,0.0,0.0,1.0,7736.0,113,1,0
AMB-T2-014,2025-11-21,0,1,1,2,1,0,0,0,0.0,0.0,1.0,7736.0,113,1,0
AMB-T2-014,2025-11-28,0,1,1,9,1,0,0,0,0.0,0.0,1.0,7736.0,113,1,0
AMB-T2-014,2025-12-05,0,1,1,16,1,0,0,0,0.0,0.0,1.0,9605.0,112,1,0
AMB-T2-014,2025-12-12,0,1,1,23,1,0,0,0,0.0,0.0,1.0,9605.0,112,1,0
AMB-T2-015,2024-03-01,1,0,1,54,0,1,0,0,0.0,0.0,1.0,6429.0,83,1,0
AMB-T2-015,2024-03-08,0,0,0,60,0,0,0,0,0.0,0.0,1.0,6429.0,83,1,0
AMB-T2-015,2024-03-15,0,0,0,60,0,0,0,0,0.0,0.0,1.0,6429.0,83,1,0
AMB-T2-015,2024-03-22,0,0,0,60,0,0,0,0,0.0,0.0,1.0,6429.0,83,1,0
AMB-T2-015,2024-03-29,0,0,0,60,0,0,0,0,0.0,0.0,1.0,6429.0,83,1,0
AMB-T2-015,2024-04-05,0,0,0,60,0,0,0,0,0.0,0.0,1.0,6499.0,99,1,0
AMB-T2-015,2024-04-12,0,0,0,60,0,0,0,0,0.0,0.0,1.0,6499.0,99,1,0
AMB-T2-015,2024-04-19,0,0,0,60,0,0,0,0,0.0,0.0,1.0,6499.0,99,1,0
AMB-T2-015,2024-04-26,0,0,0,60,0,0,0,0,0.0,0.0,1.0,6499.0,99,1,0
AMB-T2-015,2024-05-03,0,0,0,60,0,0,0,0,0.0,0.0,1.0,5114.0,105,1,0
AMB-T2-015,2024-05-10,0,0,0,60,0,0,0,0,0.0,0.0,1.0,5114.0,105,1,0
AMB-T2-015,2024-05-17,0,0,0,60,0,0,0,0,0.0,0.0,1.0,5114.0,105,1,0
AMB-T2-015,2024-05-24,0,0,0,60,0,0,0,0,0.0,0.0,1.0,5114.0,105,1,0
AMB-T2-015,2024-05-31,0,0,0,60,0,0,0,0,0.0,0.0,1.0,1903.0,50,1,0
AMB-T2-015,2024-06-07,0,0,0,60,0,0,0,0,0.0,0.0,1.0,4351.0,92,1,0
AMB-T2-015,2024-06-14,0,0,0,60,0,0,0,0,0.0,0.0,1.0,4351.0,92,1,0
AMB-T2-015,2024-06-21,0,0,0,60,0,0,0,0,0.0,0.0,1.0,4351.0,92,1,0
AMB-T2-015,2024-06-28,0,0,0,60,0,0,0,0,0.0,0.0,1.0,4351.0,92,1,0
AMB-T2-015,2024-07-05,0,0,0,60,0,0,0,0,0.0,0.0,1.0,5081.0,84,1,0
AMB-T2-015,2024-07-12,1,0,1,0,0,0,1,0,0.0,0.0,1.0,5081.0,84,1,0
AMB-T2-015,2024-07-19,1,0,1,7,0,0,1,0,0.0,0.0,1.0,5081.0,84,1,0
AMB-T2-015,2024-07-26,1,0,1,14,0,0,1,0,0.0,0.0,1.0,5081.0,84,1,0
AMB-T2-015,2024-08-02,1,0,1,21,0,0,1,0,0.0,0.0,1.0,6104.0,66,1,0
AMB-T2-015,2024-08-09,1,0,1,28,0,0,1,0,0.0,0.0,1.0,6104.0,66,1,0
AMB-T2-015,2024-08-16,1,0,1,35,0,0,1,0,0.0,0.0,1.0,6104.0,66,1,0
AMB-T2-015,2024-08-23,1,0,1,42,0,0,1,0,0.0,0.0,1.0,6104.0,66,1,0
AMB-T2-015,2024-08-30,1,0,1,49,0,0,1,0,0.0,0.0,1.0,3471.0,24,1,1
AMB-T2-015,2024-09-06,1,0,1,56,0,0,1,0,0.0,0.0,1.0,4995.0,41,1,1
AMB-T2-015,2024-09-13,0,1,1,5,0,1,0,1,1.3,1.3,0.9783,4995.0,41,1,0
AMB-T2-015,2024-09-20,0,1,1,12,0,1,0,1,1.3,1.3,0.9783,4995.0,41,1,0
AMB-T2-015,2024-09-27,0,1,1,19,0,1,0,1,1.3,1.3,0.9783,4995.0,41,1,0
AMB-T2-015,2024-10-04,0,1,1,26,0,1,0,1,1.3,1.3,0.9783,4723.0,48,1,0
AMB-T2-015,2024-10-11,0,1,1,33,0,1,0,1,1.3,1.3,0.9783,4723.0,48,1,0
AMB-T2-015,2024-10-18,0,1,1,40,0,1,0,1,1.3,1.3,0.9783,4723.0,48,1,0
AMB-T2-015,2024-10-25,0,1,1,47,0,1,0,1,1.3,1.3,0.9783,4723.0,48,1,0
AMB-T2-015,2024-11-01,0,1,1,54,0,1,0,1,1.3,1.3,0.9783,5835.0,70,1,0
AMB-T2-015,2024-11-08,0,0,0,60,0,0,0,0,0.0,0.0,1.0,5835.0,70,1,0
AMB-T2-015,2024-11-15,0,0,0,60,0,0,0,0,0.0,0.0,1.0,5835.0,70,1,0
AMB-T2-015,2024-11-22,0,0,0,60,0,0,0,0,0.0,0.0,1.0,5835.0,70,1,0
AMB-T2-015,2024-11-29,0,0,0,60,0,0,0,0,0.0,0.0,1.0,5835.0,70,1,0
AMB-T2-015,2024-12-06,0,0,0,60,0,0,0,0,0.0,0.0,1.0,4661.0,90,1,0
AMB-T2-015,2024-12-13,0,0,0,60,0,0,0,0,0.0,0.0,1.0,4661.0,90,1,0
AMB-T2-015,2024-12-20,0,0,0,60,0,0,0,0,0.0,0.0,1.0,4661.0,90,1,0
AMB-T2-015,2024-12-27,0,0,0,60,0,0,0,0,0.0,0.0,1.0,4661.0,90,1,0
AMB-T2-015,2025-01-03,1,1,2,1,1,1,0,0,0.0,0.0,1.0,4506.0,89,1,0
AMB-T2-015,2025-01-10,1,1,2,8,1,1,0,0,0.0,0.0,1.0,4506.0,89,1,0
AMB-T2-015,2025-01-17,1,1,2,15,1,1,0,0,0.0,0.0,1.0,4506.0,89,1,0
AMB-T2-015,2025-01-24,1,1,2,22,1,1,0,0,0.0,0.0,1.0,4506.0,89,1,1
AMB-T2-015,2025-01-31,1,1,2,29,1,1,0,0,0.0,0.0,1.0,2481.0,38,1,1
AMB-T2-015,2025-02-07,1,2,3,2,1,2,0,1,4.6,4.6,0.9233,5178.0,87,1,0
AMB-T2-015,2025-02-14,1,2,3,9,1,2,0,1,4.6,4.6,0.9233,5178.0,87,1,0
AMB-T2-015,2025-02-21,1,2,3,16,1,2,0,1,4.6,4.6,0.9233,5178.0,87,1,0
AMB-T2-015,2025-02-28,1,2,3,23,1,2,0,1,4.6,4.6,0.9233,5178.0,87,1,0
AMB-T2-015,2025-03-07,0,1,1,30,0,1,0,1,4.6,4.6,0.9233,4679.0,100,1,0
AMB-T2-015,2025-03-14,0,1,1,37,0,1,0,1,4.6,4.6,0.9233,4679.0,100,1,0
AMB-T2-015,2025-03-21,0,1,1,44,0,1,0,1,4.6,4.6,0.9233,4679.0,100,1,0
AMB-T2-015,2025-03-28,0,1,1,51,0,1,0,1,4.6,4.6,0.9233,4679.0,100,1,0
AMB-T2-015,2025-04-04,0,1,1,58,0,1,0,1,4.6,4.6,0.9233,5409.0,74,1,0
AMB-T2-015,2025-04-11,0,0,0,60,0,0,0,0,0.0,0.0,1.0,5409.0,74,1,1
AMB-T2-015,2025-04-18,0,0,0,60,0,0,0,0,0.0,0.0,1.0,5409.0,74,1,1
AMB-T2-015,2025-04-25,0,1,1,1,1,0,0,1,1.4,1.4,0.9767,5409.0,74,1,0
AMB-T2-015,2025-05-02,0,1,1,8,1,0,0,1,1.4,1.4,0.9767,6151.0,60,1,0
AMB-T2-015,2025-05-09,0,1,1,15,1,0,0,1,1.4,1.4,0.9767,6151.0,60,1,0
AMB-T2-015,2025-05-16,0,1,1,22,1,0,0,1,1.4,1.4,0.9767,6151.0,60,1,0
AMB-T2-015,2025-05-23,0,1,1,29,1,0,0,1,1.4,1.4,0.9767,6151.0,60,1,0
AMB-T2-015,2025-05-30,0,1,1,36,1,0,0,1,1.4,1.4,0.9767,6151.0,60,1,0
AMB-T2-015,2025-06-06,0,1,1,43,1,0,0,1,1.4,1.4,0.9767,5701.0,63,1,0
AMB-T2-015,2025-06-13,0,1,1,50,1,0,0,1,1.4,1.4,0.9767,5701.0,63,1,0
AMB-T2-015,2025-06-20,1,1,2,5,2,0,0,1,1.4,1.4,0.9767,5701.0,63,1,0
AMB-T2-015,2025-06-27,1,0,1,12,1,0,0,0,0.0,0.0,1.0,5701.0,63,1,0
AMB-T2-015,2025-07-04,1,1,2,6,2,0,0,0,0.0,0.0,1.0,6511.0,47,1,0
AMB-T2-015,2025-07-11,1,1,2,13,2,0,0,0,0.0,0.0,1.0,6511.0,47,1,0
AMB-T2-015,2025-07-18,1,1,2,20,2,0,0,0,0.0,0.0,1.0,6511.0,47,1,1
AMB-T2-015,2025-07-25,1,1,2,27,2,0,0,0,0.0,0.0,1.0,6511.0,47,1,1
AMB-T2-015,2025-08-01,1,2,3,1,2,0,1,1,2.1,2.1,0.965,5944.0,67,0,0
AMB-T2-015,2025-08-08,1,2,3,8,2,0,1,1,2.1,2.1,0.965,5944.0,67,0,0
AMB-T2-015,2025-08-15,0,2,2,15,1,0,1,1,2.1,2.1,0.965,5944.0,67,0,0
AMB-T2-015,2025-08-22,0,2,2,22,1,0,1,1,2.1,2.1,0.965,5944.0,67,0,0
AMB-T2-015,2025-08-29,0,1,1,29,0,0,1,1,2.1,2.1,0.965,5944.0,67,0,0
AMB-T2-015,2025-09-05,0,1,1,36,0,0,1,1,2.1,2.1,0.965,4555.0,76,0,0
AMB-T2-015,2025-09-12,0,1,1,43,0,0,1,1,2.1,2.1,0.965,4555.0,76,0,0
AMB-T2-015,2025-09-19,0,1,1,50,0,0,1,1,2.1,2.1,0.965,4555.0,76,0,0
AMB-T2-015,2025-09-26,0,1,1,57,0,0,1,1,2.1,2.1,0.965,4555.0,76,0,0
AMB-T2-015,2025-10-03,0,0,0,60,0,0,0,0,0.0,0.0,1.0,4835.0,72,1,0
AMB-T2-015,2025-10-10,0,0,0,60,0,0,0,0,0.0,0.0,1.0,4835.0,72,1,0
AMB-T2-015,2025-10-17,0,0,0,60,0,0,0,0,0.0,0.0,1.0,4835.0,72,1,0
AMB-T2-015,2025-10-24,0,0,0,60,0,0,0,0,0.0,0.0,1.0,4835.0,72,1,0
AMB-T2-015,2025-10-31,0,0,0,60,0,0,0,0,0.0,0.0,1.0,2690.0,42,1,1
AMB-T2-015,2025-11-07,0,0,0,60,0,0,0,0,0.0,0.0,1.0,5251.0,93,1,1
AMB-T2-015,2025-11-14,0,2,2,2,0,0,2,1,3.1,3.1,0.9483,5251.0,93,0,0
AMB-T2-015,2025-11-21,0,2,2,9,0,0,2,1,3.1,3.1,0.9483,5251.0,93,0,0
AMB-T2-015,2025-11-28,0,2,2,16,0,0,2,1,3.1,3.1,0.9483,5251.0,93,0,1
AMB-T2-015,2025-12-05,0,2,2,23,0,0,2,1,3.1,3.1,0.9483,4881.0,95,0,1
AMB-T2-015,2025-12-12,0,3,3,6,1,0,2,2,3.6,1.8,0.94,4881.0,95,0,0
AMB-T2-016,2024-03-01,1,0,1,56,1,0,0,0,0.0,0.0,1.0,4425.0,86,1,1
AMB-T2-016,2024-03-08,0,0,0,60,0,0,0,0,0.0,0.0,1.0,4425.0,86,1,1
AMB-T2-016,2024-03-15,0,1,1,6,0,0,1,1,3.6,3.6,0.94,4425.0,86,0,0
AMB-T2-016,2024-03-22,0,1,1,13,0,0,1,1,3.6,3.6,0.94,4425.0,86,0,0
AMB-T2-016,2024-03-29,0,1,1,20,0,0,1,1,3.6,3.6,0.94,4425.0,86,0,0
AMB-T2-016,2024-04-05,0,1,1,27,0,0,1,1,3.6,3.6,0.94,4443.0,84,0,0
AMB-T2-016,2024-04-12,0,1,1,34,0,0,1,1,3.6,3.6,0.94,4443.0,84,0,0
AMB-T2-016,2024-04-19,0,1,1,41,0,0,1,1,3.6,3.6,0.94,4443.0,84,0,0
AMB-T2-016,2024-04-26,0,1,1,48,0,0,1,1,3.6,3.6,0.94,4443.0,84,0,0
AMB-T2-016,2024-05-03,0,1,1,55,0,0,1,1,3.6,3.6,0.94,4729.0,71,0,0
AMB-T2-016,2024-05-10,0,0,0,60,0,0,0,0,0.0,0.0,1.0,4729.0,71,1,0
AMB-T2-016,2024-05-17,0,0,0,60,0,0,0,0,0.0,0.0,1.0,4729.0,71,1,0
AMB-T2-016,2024-05-24,0,0,0,60,0,0,0,0,0.0,0.0,1.0,4729.0,71,1,0
AMB-T2-016,2024-05-31,0,0,0,60,0,0,0,0,0.0,0.0,1.0,2449.0,40,1,0
AMB-T2-016,2024-06-07,0,0,0,60,0,0,0,0,0.0,0.0,1.0,4169.0,75,1,0
AMB-T2-016,2024-06-14,0,0,0,60,0,0,0,0,0.0,0.0,1.0,4169.0,75,1,0
AMB-T2-016,2024-06-21,0,0,0,60,0,0,0,0,0.0,0.0,1.0,4169.0,75,1,0
AMB-T2-016,2024-06-28,0,0,0,60,0,0,0,0,0.0,0.0,1.0,4169.0,75,1,0
AMB-T2-016,2024-07-05,0,0,0,60,0,0,0,0,0.0,0.0,1.0,3949.0,72,1,0
AMB-T2-016,2024-07-12,1,0,1,4,0,0,1,0,0.0,0.0,1.0,3949.0,72,1,0
AMB-T2-016,2024-07-19,1,0,1,11,0,0,1,0,0.0,0.0,1.0,3949.0,72,1,0
AMB-T2-016,2024-07-26,1,0,1,18,0,0,1,0,0.0,0.0,1.0,3949.0,72,1,0
AMB-T2-016,2024-08-02,1,0,1,25,0,0,1,0,0.0,0.0,1.0,5097.0,77,1,0
AMB-T2-016,2024-08-09,1,0,1,32,0,0,1,0,0.0,0.0,1.0,5097.0,77,1,0
AMB-T2-016,2024-08-16,1,0,1,39,0,0,1,0,0.0,0.0,1.0,5097.0,77,1,0
AMB-T2-016,2024-08-23,1,0,1,46,0,0,1,0,0.0,0.0,1.0,5097.0,77,1,0
AMB-T2-016,2024-08-30,1,0,1,53,0,0,1,0,0.0,0.0,1.0,2868.0,40,1,0
AMB-T2-016,2024-09-06,0,0,0,60,0,0,0,0,0.0,0.0,1.0,6037.0,78,1,0
AMB-T2-016,2024-09-13,0,0,0,60,0,0,0,0,0.0,0.0,1.0,6037.0,78,1,0
AMB-T2-016,2024-09-20,0,0,0,60,0,0,0,0,0.0,0.0,1.0,6037.0,78,1,0
AMB-T2-016,2024-09-27,0,0,0,60,0,0,0,0,0.0,0.0,1.0,6037.0,78,1,0
AMB-T2-016,2024-10-04,0,0,0,60,0,0,0,0,0.0,0.0,1.0,6667.0,71,1,0
AMB-T2-016,2024-10-11,0,0,0,60,0,0,0,0,0.0,0.0,1.0,6667.0,71,1,0
AMB-T2-016,2024-10-18,0,0,0,60,0,0,0,0,0.0,0.0,1.0,6667.0,71,1,0
AMB-T2-016,2024-10-25,0,0,0,60,0,0,0,0,0.0,0.0,1.0,6667.0,71,1,1
AMB-T2-016,2024-11-01,0,1,1,5,0,1,0,0,0.0,0.0,1.0,5469.0,78,1,1
AMB-T2-016,2024-11-08,0,2,2,2,0,1,1,1,3.3,3.3,0.945,5469.0,78,0,0
AMB-T2-016,2024-11-15,0,2,2,9,0,1,1,1,3.3,3.3,0.945,5469.0,78,0,0
AMB-T2-016,2024-11-22,0,2,2,16,0,1,1,1,3.3,3.3,0.945,5469.0,78,0,0
AMB-T2-016,2024-11-29,0,3,3,0,1,1,1,1,3.3,3.3,0.945,5469.0,78,0,1
AMB-T2-016,2024-12-06,0,3,3,7,1,1,1,1,3.3,3.3,0.945,5222.0,67,0,1
AMB-T2-016,2024-12-13,0,4,4,4,1,2,1,2,9.2,4.6,0.8467,5222.0,67,0,0
AMB-T2-016,2024-12-20,0,4,4,11,1,2,1,2,9.2,4.6,0.8467,5222.0,67,0,0
AMB-T2-016,2024-12-27,0,3,3,18,1,1,1,2,9.2,4.6,0.8467,5222.0,67,0,0
AMB-T2-016,2025-01-03,1,3,4,1,1,2,1,2,9.2,4.6,0.8467,5565.0,53,0,0
AMB-T2-016,2025-01-10,1,2,3,8,1,2,0,1,5.9,5.9,0.9017,5565.0,53,1,0
AMB-T2-016,2025-01-17,1,2,3,15,1,2,0,1,5.9,5.9,0.9017,5565.0,53,1,0
AMB-T2-016,2025-01-24,1,2,3,22,1,2,0,1,5.9,5.9,0.9017,5565.0,53,1,0
AMB-T2-016,2025-01-31,1,1,2,29,0,2,0,1,5.9,5.9,0.9017,2314.0,31,1,0
AMB-T2-016,2025-02-07,1,0,1,36,0,1,0,0,0.0,0.0,1.0,4832.0,70,1,0
AMB-T2-016,2025-02-14,1,0,1,43,0,1,0,0,0.0,0.0,1.0,4832.0,70,1,0
AMB-T2-016,2025-02-21,1,0,1,50,0,1,0,0,0.0,0.0,1.0,4832.0,70,1,0
AMB-T2-016,2025-02-28,1,0,1,57,0,1,0,0,0.0,0.0,1.0,4832.0,70,1,0
AMB-T2-016,2025-03-07,0,1,1,1,1,0,0,0,0.0,0.0,1.0,5758.0,76,1,0
AMB-T2-016,2025-03-14,0,1,1,8,1,0,0,0,0.0,0.0,1.0,5758.0,76,1,0
AMB-T2-016,2025-03-21,0,1,1,15,1,0,0,0,0.0,0.0,1.0,5758.0,76,1,0
AMB-T2-016,2025-03-28,0,1,1,22,1,0,0,0,0.0,0.0,1.0,5758.0,76,1,0
AMB-T2-016,2025-04-04,0,1,1,29,1,0,0,0,0.0,0.0,1.0,6497.0,72,1,0
AMB-T2-016,2025-04-11,0,1,1,36,1,0,0,0,0.0,0.0,1.0,6497.0,72,1,0
AMB-T2-016,2025-04-18,0,1,1,43,1,0,0,0,0.0,0.0,1.0,6497.0,72,1,0
AMB-T2-016,2025-04-25,0,1,1,50,1,0,0,0,0.0,0.0,1.0,6497.0,72,1,0
AMB-T2-016,2025-05-02,0,1,1,57,1,0,0,0,0.0,0.0,1.0,6245.0,76,1,0
AMB-T2-016,2025-05-09,0,0,0,60,0,0,0,0,0.0,0.0,1.0,6245.0,76,1,0
AMB-T2-016,2025-05-16,0,0,0,60,0,0,0,0,0.0,0.0,1.0,6245.0,76,1,0
AMB-T2-016,2025-05-23,0,0,0,60,0,0,0,0,0.0,0.0,1.0,6245.0,76,1,0
AMB-T2-016,2025-05-30,0,1,1,1,1,0,0,0,0.0,0.0,1.0,6245.0,76,1,0
AMB-T2-016,2025-06-06,0,1,1,8,1,0,0,0,0.0,0.0,1.0,6458.0,62,1,0
AMB-T2-016,2025-06-13,0,1,1,15,1,0,0,0,0.0,0.0,1.0,6458.0,62,1,0
AMB-T2-016,2025-06-20,0,1,1,22,1,0,0,0,0.0,0.0,1.0,6458.0,62,1,0
AMB-T2-016,2025-06-27,0,1,1,29,1,0,0,0,0.0,0.0,1.0,6458.0,62,1,0
AMB-T2-016,2025-07-04,0,1,1,36,1,0,0,0,0.0,0.0,1.0,5204.0,82,1,0
AMB-T2-016,2025-07-11,0,2,2,4,1,1,0,0,0.0,0.0,1.0,5204.0,82,1,0
AMB-T2-016,2025-07-18,1,2,3,2,1,1,1,0,0.0,0.0,1.0,5204.0,82,1,0
AMB-T2-016,2025-07-25,1,2,3,9,1,1,1,0,0.0,0.0,1.0,5204.0,82,1,0
AMB-T2-016,2025-08-01,1,1,2,16,0,1,1,0,0.0,0.0,1.0,3726.0,92,1,0
AMB-T2-016,2025-08-08,1,1,2,23,0,1,1,0,0.0,0.0,1.0,3726.0,92,1,0
AMB-T2-016,2025-08-15,1,1,2,30,0,1,1,0,0.0,0.0,1.0,3726.0,92,1,0
AMB-T2-016,2025-08-22,1,1,2,37,0,1,1,0,0.0,0.0,1.0,3726.0,92,1,0
AMB-T2-016,2025-08-29,1,1,2,44,0,1,1,0,0.0,0.0,1.0,3726.0,92,1,0
AMB-T2-016,2025-09-05,1,0,1,51,0,0,1,0,0.0,0.0,1.0,3899.0,83,1,0
AMB-T2-016,2025-09-12,1,0,1,58,0,0,1,0,0.0,0.0,1.0,3899.0,83,1,0
AMB-T2-016,2025-09-19,0,0,0,60,0,0,0,0,0.0,0.0,1.0,3899.0,83,1,0
AMB-T2-016,2025-09-26,0,0,0,60,0,0,0,0,0.0,0.0,1.0,3899.0,83,1,0
AMB-T2-016,2025-10-03,0,0,0,60,0,0,0,0,0.0,0.0,1.0,3587.0,91,1,0
AMB-T2-016,2025-10-10,0,0,0,60,0,0,0,0,0.0,0.0,1.0,3587.0,91,1,0
AMB-T2-016,2025-10-17,0,0,0,60,0,0,0,0,0.0,0.0,1.0,3587.0,91,1,0
AMB-T2-016,2025-10-24,0,0,0,60,0,0,0,0,0.0,0.0,1.0,3587.0,91,1,0
AMB-T2-016,2025-10-31,0,0,0,60,0,0,0,0,0.0,0.0,1.0,1680.0,39,1,0
AMB-T2-016,2025-11-07,0,0,0,60,0,0,0,0,0.0,0.0,1.0,3953.0,90,1,0
AMB-T2-016,2025-11-14,0,1,1,5,1,0,0,0,0.0,0.0,1.0,3953.0,90,1,0
AMB-T2-016,2025-11-21,0,1,1,12,1,0,0,0,0.0,0.0,1.0,3953.0,90,1,0
AMB-T2-016,2025-11-28,0,1,1,19,1,0,0,0,0.0,0.0,1.0,3953.0,90,1,0
AMB-T2-016,2025-12-05,0,1,1,26,1,0,0,0,0.0,0.0,1.0,4367.0,95,1,0
AMB-T2-016,2025-12-12,0,1,1,33,1,0,0,0,0.0,0.0,1.0,4367.0,95,1,0
AMB-T2-017,2024-03-01,1,0,1,46,0,1,0,0,0.0,0.0,1.0,6710.0,87,1,0
AMB-T2-017,2024-03-08,1,1,2,2,0,1,1,0,0.0,0.0,1.0,6710.0,87,0,0
AMB-T2-017,2024-03-15,0,1,1,9,0,0,1,0,0.0,0.0,1.0,6710.0,87,0,0
AMB-T2-017,2024-03-22,0,1,1,16,0,0,1,0,0.0,0.0,1.0,6710.0,87,0,0
AMB-T2-017,2024-03-29,0,1,1,23,0,0,1,0,0.0,0.0,1.0,6710.0,87,0,0
AMB-T2-017,2024-04-05,0,1,1,30,0,0,1,0,0.0,0.0,1.0,7854.0,82,0,0
AMB-T2-017,2024-04-12,0,1,1,37,0,0,1,0,0.0,0.0,1.0,7854.0,82,0,0
AMB-T2-017,2024-04-19,0,1,1,44,0,0,1,0,0.0,0.0,1.0,7854.0,82,0,0
AMB-T2-017,2024-04-26,0,1,1,51,0,0,1,0,0.0,0.0,1.0,7854.0,82,0,0
AMB-T2-017,2024-05-03,0,1,1,58,0,0,1,0,0.0,0.0,1.0,7265.0,82,0,0
AMB-T2-017,2024-05-10,0,0,0,60,0,0,0,0,0.0,0.0,1.0,7265.0,82,1,0
AMB-T2-017,2024-05-17,0,1,1,5,1,0,0,0,0.0,0.0,1.0,7265.0,82,1,0
AMB-T2-017,2024-05-24,0,1,1,12,1,0,0,0,0.0,0.0,1.0,7265.0,82,1,0
AMB-T2-017,2024-05-31,0,1,1,19,1,0,0,0,0.0,0.0,1.0,3334.0,40,1,0
AMB-T2-017,2024-06-07,0,1,1,26,1,0,0,0,0.0,0.0,1.0,5451.0,92,1,0
AMB-T2-017,2024-06-14,0,1,1,33,1,0,0,0,0.0,0.0,1.0,5451.0,92,1,0
AMB-T2-017,2024-06-21,0,1,1,40,1,0,0,0,0.0,0.0,1.0,5451.0,92,1,0
AMB-T2-017,2024-06-28,0,1,1,47,1,0,0,0,0.0,0.0,1.0,5451.0,92,1,0
AMB-T2-017,2024-07-05,1,1,2,3,1,1,0,0,0.0,0.0,1.0,5431.0,83,1,0
AMB-T2-017,2024-07-12,1,0,1,10,0,1,0,0,0.0,0.0,1.0,5431.0,83,1,0
AMB-T2-017,2024-07-19,1,0,1,17,0,1,0,0,0.0,0.0,1.0,5431.0,83,1,0
AMB-T2-017,2024-07-26,1,0,1,24,0,1,0,0,0.0,0.0,1.0,5431.0,83,1,0
AMB-T2-017,2024-08-02,1,0,1,31,0,1,0,0,0.0,0.0,1.0,6060.0,92,1,0
AMB-T2-017,2024-08-09,1,0,1,38,0,1,0,0,0.0,0.0,1.0,6060.0,92,1,0
AMB-T2-017,2024-08-16,1,1,2,6,0,2,0,0,0.0,0.0,1.0,6060.0,92,1,0
AMB-T2-017,2024-08-23,1,1,2,13,0,2,0,0,0.0,0.0,1.0,6060.0,92,1,0
AMB-T2-017,2024-08-30,1,1,2,20,0,2,0,0,0.0,0.0,1.0,2746.0,61,1,0
AMB-T2-017,2024-09-06,0,1,1,27,0,1,0,0,0.0,0.0,1.0,6037.0,103,1,0
AMB-T2-017,2024-09-13,0,1,1,34,0,1,0,0,0.0,0.0,1.0,6037.0,103,1,0
AMB-T2-017,2024-09-20,0,1,1,41,0,1,0,0,0.0,0.0,1.0,6037.0,103,1,0
AMB-T2-017,2024-09-27,0,1,1,48,0,1,0,0,0.0,0.0,1.0,6037.0,103,1,0
AMB-T2-017,2024-10-04,0,1,1,55,0,1,0,0,0.0,0.0,1.0,5863.0,112,1,0
AMB-T2-017,2024-10-11,0,0,0,60,0,0,0,0,0.0,0.0,1.0,5863.0,112,1,0
AMB-T2-017,2024-10-18,0,0,0,60,0,0,0,0,0.0,0.0,1.0,5863.0,112,1,0
AMB-T2-017,2024-10-25,0,0,0,60,0,0,0,0,0.0,0.0,1.0,5863.0,112,1,0
AMB-T2-017,2024-11-01,0,0,0,60,0,0,0,0,0.0,0.0,1.0,4634.0,116,1,0
AMB-T2-017,2024-11-08,0,0,0,60,0,0,0,0,0.0,0.0,1.0,4634.0,116,1,0
AMB-T2-017,2024-11-15,0,0,0,60,0,0,0,0,0.0,0.0,1.0,4634.0,116,1,0
AMB-T2-017,2024-11-22,0,0,0,60,0,0,0,0,0.0,0.0,1.0,4634.0,116,1,0
AMB-T2-017,2024-11-29,0,0,0,60,0,0,0,0,0.0,0.0,1.0,4634.0,116,1,0
AMB-T2-017,2024-12-06,0,0,0,60,0,0,0,0,0.0,0.0,1.0,4114.0,108,1,0
AMB-T2-017,2024-12-13,0,0,0,60,0,0,0,0,0.0,0.0,1.0,4114.0,108,1,0
AMB-T2-017,2024-12-20,0,0,0,60,0,0,0,0,0.0,0.0,1.0,4114.0,108,1,0
AMB-T2-017,2024-12-27,1,0,1,0,0,1,0,0,0.0,0.0,1.0,4114.0,108,1,0
AMB-T2-017,2025-01-03,1,0,1,7,0,1,0,0,0.0,0.0,1.0,4978.0,111,1,0
AMB-T2-017,2025-01-10,1,0,1,14,0,1,0,0,0.0,0.0,1.0,4978.0,111,1,0
AMB-T2-017,2025-01-17,1,0,1,21,0,1,0,0,0.0,0.0,1.0,4978.0,111,1,0
AMB-T2-017,2025-01-24,1,0,1,28,0,1,0,0,0.0,0.0,1.0,4978.0,111,1,0
AMB-T2-017,2025-01-31,1,0,1,35,0,1,0,0,0.0,0.0,1.0,2926.0,49,1,0
AMB-T2-017,2025-02-07,1,0,1,42,0,1,0,0,0.0,0.0,1.0,7518.0,88,1,0
AMB-T2-017,2025-02-14,1,0,1,49,0,1,0,0,0.0,0.0,1.0,7518.0,88,1,0
AMB-T2-017,2025-02-21,1,0,1,56,0,1,0,0,0.0,0.0,1.0,7518.0,88,1,0
AMB-T2-017,2025-02-28,0,0,0,60,0,0,0,0,0.0,0.0,1.0,7518.0,88,1,0
AMB-T2-017,2025-03-07,0,0,0,60,0,0,0,0,0.0,0.0,1.0,8572.0,81,1,0
AMB-T2-017,2025-03-14,0,0,0,60,0,0,0,0,0.0,0.0,1.0,8572.0,81,1,0
AMB-T2-017,2025-03-21,0,0,0,60,0,0,0,0,0.0,0.0,1.0,8572.0,81,1,0
AMB-T2-017,2025-03-28,0,0,0,60,0,0,0,0,0.0,0.0,1.0,8572.0,81,1,0
AMB-T2-017,2025-04-04,0,0,0,60,0,0,0,0,0.0,0.0,1.0,6770.0,120,1,0
AMB-T2-017,2025-04-11,0,0,0,60,0,0,0,0,0.0,0.0,1.0,6770.0,120,1,0
AMB-T2-017,2025-04-18,0,0,0,60,0,0,0,0,0.0,0.0,1.0,6770.0,120,1,0
AMB-T2-017,2025-04-25,0,0,0,60,0,0,0,0,0.0,0.0,1.0,6770.0,120,1,0
AMB-T2-017,2025-05-02,0,0,0,60,0,0,0,0,0.0,0.0,1.0,5624.0,108,1,0
AMB-T2-017,2025-05-09,0,0,0,60,0,0,0,0,0.0,0.0,1.0,5624.0,108,1,0
AMB-T2-017,2025-05-16,0,0,0,60,0,0,0,0,0.0,0.0,1.0,5624.0,108,1,1
AMB-T2-017,2025-05-23,0,0,0,60,0,0,0,0,0.0,0.0,1.0,5624.0,108,1,1
AMB-T2-017,2025-05-30,0,1,1,2,1,0,0,1,1.9,1.9,0.9683,5624.0,108,1,0
AMB-T2-017,2025-06-06,0,1,1,9,1,0,0,1,1.9,1.9,0.9683,5934.0,75,1,0
AMB-T2-017,2025-06-13,0,1,1,16,1,0,0,1,1.9,1.9,0.9683,5934.0,75,1,0
AMB-T2-017,2025-06-20,0,1,1,23,1,0,0,1,1.9,1.9,0.9683,5934.0,75,1,0
AMB-T2-017,2025-06-27,1,1,2,4,2,0,0,1,1.9,1.9,0.9683,5934.0,75,1,0
AMB-T2-017,2025-07-04,1,1,2,11,2,0,0,1,1.9,1.9,0.9683,6251.0,90,1,0
AMB-T2-017,2025-07-11,1,1,2,18,2,0,0,1,1.9,1.9,0.9683,6251.0,90,1,0
AMB-T2-017,2025-07-18,1,1,2,25,2,0,0,1,1.9,1.9,0.9683,6251.0,90,1,0
AMB-T2-017,2025-07-25,1,1,2,32,2,0,0,1,1.9,1.9,0.9683,6251.0,90,1,0
AMB-T2-017,2025-08-01,1,0,1,39,1,0,0,0,0.0,0.0,1.0,7411.0,98,1,0
AMB-T2-017,2025-08-08,1,0,1,46,1,0,0,0,0.0,0.0,1.0,7411.0,98,1,0
AMB-T2-017,2025-08-15,1,0,1,53,1,0,0,0,0.0,0.0,1.0,7411.0,98,1,0
AMB-T2-017,2025-08-22,0,0,0,60,0,0,0,0,0.0,0.0,1.0,7411.0,98,1,1
AMB-T2-017,2025-08-29,0,0,0,60,0,0,0,0,0.0,0.0,1.0,7411.0,98,1,1
AMB-T2-017,2025-09-05,0,1,1,4,0,0,1,1,0.9,0.9,0.985,6546.0,101,0,1
AMB-T2-017,2025-09-12,0,1,1,11,0,0,1,1,0.9,0.9,0.985,6546.0,101,0,1
AMB-T2-017,2025-09-19,0,2,2,6,0,0,2,2,3.7,1.85,0.9383,6546.0,101,0,0
AMB-T2-017,2025-09-26,0,2,2,13,0,0,2,2,3.7,1.85,0.9383,6546.0,101,0,0
AMB-T2-017,2025-10-03,0,2,2,20,0,0,2,2,3.7,1.85,0.9383,4737.0,92,0,0
AMB-T2-017,2025-10-10,0,2,2,27,0,0,2,2,3.7,1.85,0.9383,4737.0,92,0,0
AMB-T2-017,2025-10-17,0,2,2,34,0,0,2,2,3.7,1.85,0.9383,4737.0,92,0,0
AMB-T2-017,2025-10-24,0,2,2,41,0,0,2,2,3.7,1.85,0.9383,4737.0,92,0,0
AMB-T2-017,2025-10-31,0,1,1,48,0,0,1,1,2.8,2.8,0.9533,2451.0,44,0,0
AMB-T2-017,2025-11-07,0,1,1,55,0,0,1,1,2.8,2.8,0.9533,4835.0,116,0,0
AMB-T2-017,2025-11-14,0,0,0,60,0,0,0,0,0.0,0.0,1.0,4835.0,116,1,0
AMB-T2-017,2025-11-21,0,0,0,60,0,0,0,0,0.0,0.0,1.0,4835.0,116,1,0
AMB-T2-017,2025-11-28,0,0,0,60,0,0,0,0,0.0,0.0,1.0,4835.0,116,1,0
AMB-T2-017,2025-12-05,0,0,0,60,0,0,0,0,0.0,0.0,1.0,4900.0,127,1,0
AMB-T2-017,2025-12-12,0,0,0,60,0,0,0,0,0.0,0.0,1.0,4900.0,127,1,0
AMB-T2-018,2024-03-01,1,0,1,52,0,0,1,0,0.0,0.0,1.0,5907.0,60,1,0
AMB-T2-018,2024-03-08,1,0,1,59,0,0,1,0,0.0,0.0,1.0,5907.0,60,1,1
AMB-T2-018,2024-03-15,0,0,0,60,0,0,0,0,0.0,0.0,1.0,5907.0,60,1,1
AMB-T2-018,2024-03-22,0,1,1,2,0,0,1,1,1.3,1.3,0.9783,5907.0,60,0,0
AMB-T2-018,2024-03-29,0,1,1,9,0,0,1,1,1.3,1.3,0.9783,5907.0,60,0,0
AMB-T2-018,2024-04-05,0,1,1,16,0,0,1,1,1.3,1.3,0.9783,5048.0,67,0,0
AMB-T2-018,2024-04-12,0,1,1,23,0,0,1,1,1.3,1.3,0.9783,5048.0,67,0,0
AMB-T2-018,2024-04-19,0,1,1,30,0,0,1,1,1.3,1.3,0.9783,5048.0,67,0,0
AMB-T2-018,2024-04-26,0,1,1,37,0,0,1,1,1.3,1.3,0.9783,5048.0,67,0,0
AMB-T2-018,2024-05-03,0,1,1,44,0,0,1,1,1.3,1.3,0.9783,4158.0,101,0,0
AMB-T2-018,2024-05-10,0,1,1,51,0,0,1,1,1.3,1.3,0.9783,4158.0,101,0,0
AMB-T2-018,2024-05-17,0,1,1,58,0,0,1,1,1.3,1.3,0.9783,4158.0,101,0,0
AMB-T2-018,2024-05-24,0,0,0,60,0,0,0,0,0.0,0.0,1.0,4158.0,101,1,0
AMB-T2-018,2024-05-31,0,0,0,60,0,0,0,0,0.0,0.0,1.0,2172.0,46,1,0
AMB-T2-018,2024-06-07,0,0,0,60,0,0,0,0,0.0,0.0,1.0,4144.0,98,1,0
AMB-T2-018,2024-06-14,0,0,0,60,0,0,0,0,0.0,0.0,1.0,4144.0,98,1,0
AMB-T2-018,2024-06-21,0,0,0,60,0,0,0,0,0.0,0.0,1.0,4144.0,98,1,0
AMB-T2-018,2024-06-28,0,0,0,60,0,0,0,0,0.0,0.0,1.0,4144.0,98,1,0
AMB-T2-018,2024-07-05,0,0,0,60,0,0,0,0,0.0,0.0,1.0,5257.0,104,1,0
AMB-T2-018,2024-07-12,0,0,0,60,0,0,0,0,0.0,0.0,1.0,5257.0,104,1,0
AMB-T2-018,2024-07-19,1,0,1,2,0,1,0,0,0.0,0.0,1.0,5257.0,104,1,0
AMB-T2-018,2024-07-26,1,0,1,9,0,1,0,0,0.0,0.0,1.0,5257.0,104,1,0
AMB-T2-018,2024-08-02,1,0,1,16,0,1,0,0,0.0,0.0,1.0,6631.0,114,1,0
AMB-T2-018,2024-08-09,1,0,1,23,0,1,0,0,0.0,0.0,1.0,6631.0,114,1,0
AMB-T2-018,2024-08-16,1,0,1,30,0,1,0,0,0.0,0.0,1.0,6631.0,114,1,0
AMB-T2-018,2024-08-23,1,0,1,37,0,1,0,0,0.0,0.0,1.0,6631.0,114,1,0
AMB-T2-018,2024-08-30,1,0,1,44,0,1,0,0,0.0,0.0,1.0,3346.0,62,1,0
AMB-T2-018,2024-09-06,1,0,1,51,0,1,0,0,0.0,0.0,1.0,5368.0,96,1,1
AMB-T2-018,2024-09-13,1,0,1,58,0,1,0,0,0.0,0.0,1.0,5368.0,96,1,1
AMB-T2-018,2024-09-20,0,1,1,0,0,1,0,1,3.6,3.6,0.94,5368.0,96,1,0
AMB-T2-018,2024-09-27,0,1,1,7,0,1,0,1,3.6,3.6,0.94,5368.0,96,1,0
AMB-T2-018,2024-10-04,0,1,1,14,0,1,0,1,3.6,3.6,0.94,5287.0,91,1,0
AMB-T2-018,2024-10-11,0,1,1,21,0,1,0,1,3.6,3.6,0.94,5287.0,91,1,0
AMB-T2-018,2024-10-18,0,1,1,28,0,1,0,1,3.6,3.6,0.94,5287.0,91,1,0
AMB-T2-018,2024-10-25,0,1,1,35,0,1,0,1,3.6,3.6,0.94,5287.0,91,1,0
AMB-T2-018,2024-11-01,0,1,1,42,0,1,0,1,3.6,3.6,0.94,5587.0,91,1,0
AMB-T2-018,2024-11-08,0,1,1,49,0,1,0,1,3.6,3.6,0.94,5587.0,91,1,0
AMB-T2-018,2024-11-15,0,1,1,56,0,1,0,1,3.6,3.6,0.94,5587.0,91,1,0
AMB-T2-018,2024-11-22,0,0,0,60,0,0,0,0,0.0,0.0,1.0,5587.0,91,1,0
AMB-T2-018,2024-11-29,0,0,0,60,0,0,0,0,0.0,0.0,1.0,5587.0,91,1,0
AMB-T2-018,2024-12-06,0,0,0,60,0,0,0,0,0.0,0.0,1.0,4657.0,58,1,0
AMB-T2-018,2024-12-13,0,0,0,60,0,0,0,0,0.0,0.0,1.0,4657.0,58,1,0
AMB-T2-018,2024-12-20,0,0,0,60,0,0,0,0,0.0,0.0,1.0,4657.0,58,1,0
AMB-T2-018,2024-12-27,0,0,0,60,0,0,0,0,0.0,0.0,1.0,4657.0,58,1,0
AMB-T2-018,2025-01-03,1,0,1,4,0,0,1,0,0.0,0.0,1.0,4299.0,52,1,0
AMB-T2-018,2025-01-10,1,0,1,11,0,0,1,0,0.0,0.0,1.0,4299.0,52,1,0
AMB-T2-018,2025-01-17,1,0,1,18,0,0,1,0,0.0,0.0,1.0,4299.0,52,1,0
AMB-T2-018,2025-01-24,1,0,1,25,0,0,1,0,0.0,0.0,1.0,4299.0,52,1,0
AMB-T2-018,2025-01-31,1,0,1,32,0,0,1,0,0.0,0.0,1.0,1964.0,28,1,0
AMB-T2-018,2025-02-07,1,0,1,39,0,0,1,0,0.0,0.0,1.0,4514.0,75,1,0
AMB-T2-018,2025-02-14,1,0,1,46,0,0,1,0,0.0,0.0,1.0,4514.0,75,1,0
AMB-T2-018,2025-02-21,1,0,1,53,0,0,1,0,0.0,0.0,1.0,4514.0,75,1,0
AMB-T2-018,2025-02-28,0,0,0,60,0,0,0,0,0.0,0.0,1.0,4514.0,75,1,0
AMB-T2-018,2025-03-07,0,1,1,4,0,1,0,0,0.0,0.0,1.0,5537.0,84,1,1
AMB-T2-018,2025-03-14,0,1,1,11,0,1,0,0,0.0,0.0,1.0,5537.0,84,1,1
AMB-T2-018,2025-03-21,0,2,2,2,0,1,1,1,0.5,0.5,0.9917,5537.0,84,0,0
AMB-T2-018,2025-03-28,0,2,2,9,0,1,1,1,0.5,0.5,0.9917,5537.0,84,0,0
AMB-T2-018,2025-04-04,0,2,2,16,0,1,1,1,0.5,0.5,0.9917,5423.0,82,0,0
AMB-T2-018,2025-04-11,0,2,2,23,0,1,1,1,0.5,0.5,0.9917,5423.0,82,0,1
AMB-T2-018,2025-04-18,0,2,2,30,0,1,1,1,0.5,0.5,0.9917,5423.0,82,0,1
AMB-T2-018,2025-04-25,0,3,3,6,0,1,2,2,2.8,1.4,0.9533,5423.0,82,0,0
AMB-T2-018,2025-05-02,0,2,2,13,0,0,2,2,2.8,1.4,0.9533,4265.0,100,0,0
AMB-T2-018,2025-05-09,0,2,2,20,0,0,2,2,2.8,1.4,0.9533,4265.0,100,0,0
AMB-T2-018,2025-05-16,0,2,2,27,0,0,2,2,2.8,1.4,0.9533,4265.0,100,0,0
AMB-T2-018,2025-05-23,0,1,1,34,0,0,1,1,2.3,2.3,0.9617,4265.0,100,0,0
AMB-T2-018,2025-05-30,0,1,1,41,0,0,1,1,2.3,2.3,0.9617,4265.0,100,0,0
AMB-T2-018,2025-06-06,0,1,1,48,0,0,1,1,2.3,2.3,0.9617,5327.0,91,0,0
AMB-T2-018,2025-06-13,0,1,1,55,0,0,1,1,2.3,2.3,0.9617,5327.0,91,0,0
AMB-T2-018,2025-06-20,0,0,0,60,0,0,0,0,0.0,0.0,1.0,5327.0,91,1,0
AMB-T2-018,2025-06-27,0,0,0,60,0,0,0,0,0.0,0.0,1.0,5327.0,91,1,0
AMB-T2-018,2025-07-04,0,0,0,60,0,0,0,0,0.0,0.0,1.0,5985.0,94,1,0
AMB-T2-018,2025-07-11,1,0,1,1,0,0,1,0,0.0,0.0,1.0,5985.0,94,1,1
AMB-T2-018,2025-07-18,1,0,1,8,0,0,1,0,0.0,0.0,1.0,5985.0,94,1,1
AMB-T2-018,2025-07-25,1,1,2,3,0,1,1,2,2.8,1.4,0.9533,5985.0,94,1,0
AMB-T2-018,2025-08-01,1,1,2,10,0,1,1,2,2.8,1.4,0.9533,5140.0,108,1,0
AMB-T2-018,2025-08-08,1,2,3,6,0,1,2,2,2.8,1.4,0.9533,5140.0,108,0,1
AMB-T2-018,2025-08-15,1,2,3,13,0,1,2,2,2.8,1.4,0.9533,5140.0,108,0,1
AMB-T2-018,2025-08-22,1,3,4,2,0,2,2,3,7.4,2.47,0.8767,5140.0,108,0,0
AMB-T2-018,2025-08-29,1,3,4,9,0,2,2,3,7.4,2.47,0.8767,5140.0,108,0,0
AMB-T2-018,2025-09-05,1,3,4,16,0,2,2,3,7.4,2.47,0.8767,5324.0,112,0,0
AMB-T2-018,2025-09-12,0,3,3,23,0,2,1,3,7.4,2.47,0.8767,5324.0,112,0,0
AMB-T2-018,2025-09-19,0,3,3,30,0,2,1,2,6.2,3.1,0.8967,5324.0,112,0,0
AMB-T2-018,2025-09-26,0,2,2,37,0,1,1,1,4.6,4.6,0.9233,5324.0,112,0,0
AMB-T2-018,2025-10-03,0,1,1,44,0,1,0,1,4.6,4.6,0.9233,5692.0,112,1,0
AMB-T2-018,2025-10-10,0,1,1,51,0,1,0,1,4.6,4.6,0.9233,5692.0,112,1,1
AMB-T2-018,2025-10-17,0,1,1,58,0,1,0,1,4.6,4.6,0.9233,5692.0,112,1,1
AMB-T2-018,2025-10-24,0,1,1,2,0,1,0,1,1.9,1.9,0.9683,5692.0,112,1,0
AMB-T2-018,2025-10-31,0,1,1,9,0,1,0,1,1.9,1.9,0.9683,3021.0,50,1,0
AMB-T2-018,2025-11-07,0,1,1,16,0,1,0,1,1.9,1.9,0.9683,6087.0,87,1,0
AMB-T2-018,2025-11-14,0,1,1,23,0,1,0,1,1.9,1.9,0.9683,6087.0,87,1,0
AMB-T2-018,2025-11-21,0,1,1,30,0,1,0,1,1.9,1.9,0.9683,6087.0,87,1,0
AMB-T2-018,2025-11-28,0,1,1,37,0,1,0,1,1.9,1.9,0.9683,6087.0,87,1,0
AMB-T2-018,2025-12-05,0,1,1,44,0,1,0,1,1.9,1.9,0.9683,5515.0,90,1,0
AMB-T2-018,2025-12-12,0,1,1,51,0,1,0,1,1.9,1.9,0.9683,5515.0,90,1,0
AMB-T2-019,2024-03-01,1,0,1,54,0,1,0,0,0.0,0.0,1.0,6289.0,91,1,0
AMB-T2-019,2024-03-08,0,0,0,60,0,0,0,0,0.0,0.0,1.0,6289.0,91,1,0
AMB-T2-019,2024-03-15,0,0,0,60,0,0,0,0,0.0,0.0,1.0,6289.0,91,1,0
AMB-T2-019,2024-03-22,0,0,0,60,0,0,0,0,0.0,0.0,1.0,6289.0,91,1,0
AMB-T2-019,2024-03-29,0,0,0,60,0,0,0,0,0.0,0.0,1.0,6289.0,91,1,0
AMB-T2-019,2024-04-05,0,0,0,60,0,0,0,0,0.0,0.0,1.0,5284.0,85,1,0
AMB-T2-019,2024-04-12,0,0,0,60,0,0,0,0,0.0,0.0,1.0,5284.0,85,1,0
AMB-T2-019,2024-04-19,0,0,0,60,0,0,0,0,0.0,0.0,1.0,5284.0,85,1,0
AMB-T2-019,2024-04-26,0,1,1,0,1,0,0,0,0.0,0.0,1.0,5284.0,85,1,0
AMB-T2-019,2024-05-03,0,1,1,7,1,0,0,0,0.0,0.0,1.0,4041.0,113,1,0
AMB-T2-019,2024-05-10,0,1,1,14,1,0,0,0,0.0,0.0,1.0,4041.0,113,1,0
AMB-T2-019,2024-05-17,0,1,1,21,1,0,0,0,0.0,0.0,1.0,4041.0,113,1,0
AMB-T2-019,2024-05-24,0,1,1,28,1,0,0,0,0.0,0.0,1.0,4041.0,113,1,0
AMB-T2-019,2024-05-31,0,2,2,6,1,1,0,0,0.0,0.0,1.0,1351.0,66,1,1
AMB-T2-019,2024-06-07,0,2,2,13,1,1,0,0,0.0,0.0,1.0,3448.0,107,1,1
AMB-T2-019,2024-06-14,0,3,3,1,1,2,0,1,0.5,0.5,0.9917,3448.0,107,1,0
AMB-T2-019,2024-06-21,0,3,3,8,1,2,0,1,0.5,0.5,0.9917,3448.0,107,1,0
AMB-T2-019,2024-06-28,0,2,2,15,0,2,0,1,0.5,0.5,0.9917,3448.0,107,1,0
AMB-T2-019,2024-07-05,0,2,2,22,0,2,0,1,0.5,0.5,0.9917,4689.0,106,1,0
AMB-T2-019,2024-07-12,0,2,2,29,0,2,0,1,0.5,0.5,0.9917,4689.0,106,1,0
AMB-T2-019,2024-07-19,1,2,3,4,0,3,0,1,0.5,0.5,0.9917,4689.0,106,1,0
AMB-T2-019,2024-07-26,1,1,2,11,0,2,0,1,0.5,0.5,0.9917,4689.0,106,1,1
AMB-T2-019,2024-08-02,1,1,2,18,0,2,0,1,0.5,0.5,0.9917,5110.0,125,1,1
AMB-T2-019,2024-08-09,1,3,4,2,1,3,0,3,7.7,2.57,0.8717,5110.0,125,1,0
AMB-T2-019,2024-08-16,1,2,3,9,1,2,0,2,7.2,3.6,0.88,5110.0,125,1,0
AMB-T2-019,2024-08-23,1,2,3,16,1,2,0,2,7.2,3.6,0.88,5110.0,125,1,0
AMB-T2-019,2024-08-30,1,2,3,23,1,2,0,2,7.2,3.6,0.88,2518.0,60,1,1
AMB-T2-019,2024-09-06,1,2,3,30,1,2,0,2,7.2,3.6,0.88,5333.0,89,1,1
AMB-T2-019,2024-09-13,0,3,3,0,2,1,0,3,10.2,3.4,0.83,5333.0,89,1,0
AMB-T2-019,2024-09-20,0,3,3,7,2,1,0,3,10.2,3.4,0.83,5333.0,89,1,0
AMB-T2-019,2024-09-27,0,3,3,14,2,1,0,3,10.2,3.4,0.83,5333.0,89,1,0
AMB-T2-019,2024-10-04,0,2,2,21,1,1,0,2,7.1,3.55,0.8817,5467.0,68,1,0
AMB-T2-019,2024-10-11,0,1,1,28,1,0,0,1,3.0,3.0,0.95,5467.0,68,1,0
AMB-T2-019,2024-10-18,0,1,1,35,1,0,0,1,3.0,3.0,0.95,5467.0,68,1,0
AMB-T2-019,2024-10-25,0,1,1,42,1,0,0,1,3.0,3.0,0.95,5467.0,68,1,0
AMB-T2-019,2024-11-01,0,2,2,1,2,0,0,1,3.0,3.0,0.95,4573.0,84,1,0
AMB-T2-019,2024-11-08,0,2,2,8,2,0,0,1,3.0,3.0,0.95,4573.0,84,1,0
AMB-T2-019,2024-11-15,0,1,1,15,1,0,0,0,0.0,0.0,1.0,4573.0,84,1,0
AMB-T2-019,2024-11-22,0,1,1,22,1,0,0,0,0.0,0.0,1.0,4573.0,84,1,0
AMB-T2-019,2024-11-29,0,1,1,29,1,0,0,0,0.0,0.0,1.0,4573.0,84,1,0
AMB-T2-019,2024-12-06,0,1,1,36,1,0,0,0,0.0,0.0,1.0,4505.0,92,1,0
AMB-T2-019,2024-12-13,0,1,1,43,1,0,0,0,0.0,0.0,1.0,4505.0,92,1,0
AMB-T2-019,2024-12-20,0,1,1,50,1,0,0,0,0.0,0.0,1.0,4505.0,92,1,0
AMB-T2-019,2024-12-27,0,2,2,2,2,0,0,0,0.0,0.0,1.0,4505.0,92,1,0
AMB-T2-019,2025-01-03,0,1,1,9,1,0,0,0,0.0,0.0,1.0,5271.0,80,1,0
AMB-T2-019,2025-01-10,1,1,2,3,1,1,0,0,0.0,0.0,1.0,5271.0,80,1,0
AMB-T2-019,2025-01-17,1,1,2,10,1,1,0,0,0.0,0.0,1.0,5271.0,80,1,0
AMB-T2-019,2025-01-24,1,1,2,17,1,1,0,0,0.0,0.0,1.0,5271.0,80,1,0
AMB-T2-019,2025-01-31,1,1,2,24,1,1,0,0,0.0,0.0,1.0,2687.0,33,1,0
AMB-T2-019,2025-02-07,1,1,2,31,1,1,0,0,0.0,0.0,1.0,5719.0,66,1,0
AMB-T2-019,2025-02-14,1,1,2,38,1,1,0,0,0.0,0.0,1.0,5719.0,66,1,0
AMB-T2-019,2025-02-21,1,1,2,45,1,1,0,0,0.0,0.0,1.0,5719.0,66,1,0
AMB-T2-019,2025-02-28,1,1,2,5,1,1,0,0,0.0,0.0,1.0,5719.0,66,1,0
AMB-T2-019,2025-03-07,1,1,2,12,1,1,0,0,0.0,0.0,1.0,3743.0,75,1,0
AMB-T2-019,2025-03-14,0,1,1,19,1,0,0,0,0.0,0.0,1.0,3743.0,75,1,0
AMB-T2-019,2025-03-21,0,1,1,26,1,0,0,0,0.0,0.0,1.0,3743.0,75,1,0
AMB-T2-019,2025-03-28,0,1,1,33,1,0,0,0,0.0,0.0,1.0,3743.0,75,1,0
AMB-T2-019,2025-04-04,0,1,1,40,1,0,0,0,0.0,0.0,1.0,2950.0,87,1,0
AMB-T2-019,2025-04-11,0,1,1,47,1,0,0,0,0.0,0.0,1.0,2950.0,87,1,0
AMB-T2-019,2025-04-18,0,1,1,54,1,0,0,0,0.0,0.0,1.0,2950.0,87,1,0
AMB-T2-019,2025-04-25,0,0,0,60,0,0,0,0,0.0,0.0,1.0,2950.0,87,1,0
AMB-T2-019,2025-05-02,0,0,0,60,0,0,0,0,0.0,0.0,1.0,6009.0,110,1,0
AMB-T2-019,2025-05-09,0,0,0,60,0,0,0,0,0.0,0.0,1.0,6009.0,110,1,0
AMB-T2-019,2025-05-16,0,0,0,60,0,0,0,0,0.0,0.0,1.0,6009.0,110,1,0
AMB-T2-019,2025-05-23,0,0,0,60,0,0,0,0,0.0,0.0,1.0,6009.0,110,1,0
AMB-T2-019,2025-05-30,0,0,0,60,0,0,0,0,0.0,0.0,1.0,6009.0,110,1,0
AMB-T2-019,2025-06-06,0,0,0,60,0,0,0,0,0.0,0.0,1.0,6242.0,96,1,0
AMB-T2-019,2025-06-13,0,0,0,60,0,0,0,0,0.0,0.0,1.0,6242.0,96,1,0
AMB-T2-019,2025-06-20,0,0,0,60,0,0,0,0,0.0,0.0,1.0,6242.0,96,1,0
AMB-T2-019,2025-06-27,1,0,1,6,0,0,1,0,0.0,0.0,1.0,6242.0,96,1,0
AMB-T2-019,2025-07-04,1,0,1,13,0,0,1,0,0.0,0.0,1.0,5394.0,67,1,0
AMB-T2-019,2025-07-11,1,0,1,20,0,0,1,0,0.0,0.0,1.0,5394.0,67,1,0
AMB-T2-019,2025-07-18,1,0,1,27,0,0,1,0,0.0,0.0,1.0,5394.0,67,1,0
AMB-T2-019,2025-07-25,1,0,1,34,0,0,1,0,0.0,0.0,1.0,5394.0,67,1,0
AMB-T2-019,2025-08-01,1,0,1,41,0,0,1,0,0.0,0.0,1.0,5728.0,69,1,0
AMB-T2-019,2025-08-08,1,0,1,48,0,0,1,0,0.0,0.0,1.0,5728.0,69,1,0
AMB-T2-019,2025-08-15,1,0,1,55,0,0,1,0,0.0,0.0,1.0,5728.0,69,1,0
AMB-T2-019,2025-08-22,0,0,0,60,0,0,0,0,0.0,0.0,1.0,5728.0,69,1,0
AMB-T2-019,2025-08-29,0,0,0,60,0,0,0,0,0.0,0.0,1.0,5728.0,69,1,0
AMB-T2-019,2025-09-05,0,0,0,60,0,0,0,0,0.0,0.0,1.0,5527.0,64,1,0
AMB-T2-019,2025-09-12,0,0,0,60,0,0,0,0,0.0,0.0,1.0,5527.0,64,1,0
AMB-T2-019,2025-09-19,0,0,0,60,0,0,0,0,0.0,0.0,1.0,5527.0,64,1,0
AMB-T2-019,2025-09-26,0,0,0,60,0,0,0,0,0.0,0.0,1.0,5527.0,64,1,0
AMB-T2-019,2025-10-03,0,1,1,5,1,0,0,0,0.0,0.0,1.0,6003.0,65,1,0
AMB-T2-019,2025-10-10,0,1,1,12,1,0,0,0,0.0,0.0,1.0,6003.0,65,1,0
AMB-T2-019,2025-10-17,0,1,1,19,1,0,0,0,0.0,0.0,1.0,6003.0,65,1,0
AMB-T2-019,2025-10-24,0,1,1,26,1,0,0,0,0.0,0.0,1.0,6003.0,65,1,0
AMB-T2-019,2025-10-31,0,1,1,33,1,0,0,0,0.0,0.0,1.0,3282.0,34,1,1
AMB-T2-019,2025-11-07,0,1,1,40,1,0,0,0,0.0,0.0,1.0,6250.0,60,1,1
AMB-T2-019,2025-11-14,0,2,2,4,1,0,1,1,2.3,2.3,0.9617,6250.0,60,0,1
AMB-T2-019,2025-11-21,0,3,3,2,2,0,1,2,4.5,2.25,0.925,6250.0,60,0,0
AMB-T2-019,2025-11-28,0,2,2,9,1,0,1,2,4.5,2.25,0.925,6250.0,60,0,0
AMB-T2-019,2025-12-05,0,2,2,16,1,0,1,2,4.5,2.25,0.925,6008.0,55,0,0
AMB-T2-019,2025-12-12,0,2,2,23,1,0,1,2,4.5,2.25,0.925,6008.0,55,0,0
AMB-T2-020,2024-03-01,1,1,2,6,1,0,1,0,0.0,0.0,1.0,6324.0,76,1,0
AMB-T2-020,2024-03-08,0,1,1,13,1,0,0,0,0.0,0.0,1.0,6324.0,76,1,0
AMB-T2-020,2024-03-15,0,1,1,20,1,0,0,0,0.0,0.0,1.0,6324.0,76,1,0
AMB-T2-020,2024-03-22,0,2,2,1,1,0,1,0,0.0,0.0,1.0,6324.0,76,0,0
AMB-T2-020,2024-03-29,0,2,2,8,1,0,1,0,0.0,0.0,1.0,6324.0,76,0,0
AMB-T2-020,2024-04-05,0,2,2,15,1,0,1,0,0.0,0.0,1.0,6201.0,91,0,0
AMB-T2-020,2024-04-12,0,2,2,22,1,0,1,0,0.0,0.0,1.0,6201.0,91,0,0
AMB-T2-020,2024-04-19,0,2,2,29,1,0,1,0,0.0,0.0,1.0,6201.0,91,0,1
AMB-T2-020,2024-04-26,0,1,1,36,0,0,1,0,0.0,0.0,1.0,6201.0,91,0,1
AMB-T2-020,2024-05-03,0,2,2,1,1,0,1,1,3.7,3.7,0.9383,6719.0,101,0,0
AMB-T2-020,2024-05-10,0,2,2,8,1,0,1,1,3.7,3.7,0.9383,6719.0,101,0,0
AMB-T2-020,2024-05-17,0,2,2,15,1,0,1,1,3.7,3.7,0.9383,6719.0,101,0,0
AMB-T2-020,2024-05-24,0,1,1,22,1,0,0,1,3.7,3.7,0.9383,6719.0,101,1,0
AMB-T2-020,2024-05-31,0,1,1,29,1,0,0,1,3.7,3.7,0.9383,3889.0,49,1,0
AMB-T2-020,2024-06-07,0,1,1,36,1,0,0,1,3.7,3.7,0.9383,6975.0,107,1,0
AMB-T2-020,2024-06-14,0,1,1,43,1,0,0,1,3.7,3.7,0.9383,6975.0,107,1,0
AMB-T2-020,2024-06-21,0,1,1,50,1,0,0,1,3.7,3.7,0.9383,6975.0,107,1,1
AMB-T2-020,2024-06-28,0,1,1,57,1,0,0,1,3.7,3.7,0.9383,6975.0,107,1,1
AMB-T2-020,2024-07-05,0,1,1,3,0,1,0,1,1.7,1.7,0.9717,6189.0,115,1,0
AMB-T2-020,2024-07-12,0,1,1,10,0,1,0,1,1.7,1.7,0.9717,6189.0,115,1,0
AMB-T2-020,2024-07-19,1,1,2,4,0,1,1,1,1.7,1.7,0.9717,6189.0,115,1,0
AMB-T2-020,2024-07-26,1,1,2,11,0,1,1,1,1.7,1.7,0.9717,6189.0,115,1,1
AMB-T2-020,2024-08-02,1,1,2,18,0,1,1,1,1.7,1.7,0.9717,6823.0,102,1,1
AMB-T2-020,2024-08-09,1,2,3,4,0,2,1,2,4.5,2.25,0.925,6823.0,102,1,0
AMB-T2-020,2024-08-16,1,2,3,11,0,2,1,2,4.5,2.25,0.925,6823.0,102,1,0
AMB-T2-020,2024-08-23,1,2,3,18,0,2,1,2,4.5,2.25,0.925,6823.0,102,1,0
AMB-T2-020,2024-08-30,1,2,3,25,0,2,1,2,4.5,2.25,0.925,3720.0,45,1,0
AMB-T2-020,2024-09-06,1,1,2,32,0,1,1,1,2.8,2.8,0.9533,4828.0,84,1,0
AMB-T2-020,2024-09-13,0,1,1,39,0,1,0,1,2.8,2.8,0.9533,4828.0,84,1,0
AMB-T2-020,2024-09-20,0,2,2,2,1,1,0,1,2.8,2.8,0.9533,4828.0,84,1,0
AMB-T2-020,2024-09-27,0,2,2,9,1,1,0,1,2.8,2.8,0.9533,4828.0,84,1,0
AMB-T2-020,2024-10-04,0,1,1,16,1,0,0,0,0.0,0.0,1.0,4906.0,87,1,1
AMB-T2-020,2024-10-11,0,1,1,23,1,0,0,0,0.0,0.0,1.0,4906.0,87,1,1
AMB-T2-020,2024-10-18,0,2,2,3,2,0,0,1,5.0,5.0,0.9167,4906.0,87,1,0
AMB-T2-020,2024-10-25,0,2,2,10,2,0,0,1,5.0,5.0,0.9167,4906.0,87,1,0
AMB-T2-020,2024-11-01,0,2,2,17,2,0,0,1,5.0,5.0,0.9167,6667.0,111,1,0
AMB-T2-020,2024-11-08,0,2,2,24,2,0,0,1,5.0,5.0,0.9167,6667.0,111,1,0
AMB-T2-020,2024-11-15,0,2,2,31,2,0,0,1,5.0,5.0,0.9167,6667.0,111,1,0
AMB-T2-020,2024-11-22,0,1,1,38,1,0,0,1,5.0,5.0,0.9167,6667.0,111,1,0
AMB-T2-020,2024-11-29,0,2,2,0,1,0,1,1,5.0,5.0,0.9167,6667.0,111,0,1
AMB-T2-020,2024-12-06,0,2,2,7,1,0,1,1,5.0,5.0,0.9167,5881.0,87,0,1
AMB-T2-020,2024-12-13,0,3,3,4,1,0,2,2,5.9,2.95,0.9017,5881.0,87,0,0
AMB-T2-020,2024-12-20,0,2,2,11,0,0,2,1,0.9,0.9,0.985,5881.0,87,0,0
AMB-T2-020,2024-12-27,0,2,2,18,0,0,2,1,0.9,0.9,0.985,5881.0,87,0,0
AMB-T2-020,2025-01-03,1,2,3,5,0,1,2,1,0.9,0.9,0.985,5182.0,78,0,0
AMB-T2-020,2025-01-10,1,2,3,12,0,1,2,1,0.9,0.9,0.985,5182.0,78,0,0
AMB-T2-020,2025-01-17,1,2,3,19,0,1,2,1,0.9,0.9,0.985,5182.0,78,0,0
AMB-T2-020,2025-01-24,1,2,3,26,0,1,2,1,0.9,0.9,0.985,5182.0,78,0,0
AMB-T2-020,2025-01-31,1,1,2,33,0,1,1,1,0.9,0.9,0.985,2170.0,54,0,0
AMB-T2-020,2025-02-07,1,0,1,40,0,1,0,0,0.0,0.0,1.0,5203.0,120,1,0
AMB-T2-020,2025-02-14,1,0,1,47,0,1,0,0,0.0,0.0,1.0,5203.0,120,1,0
AMB-T2-020,2025-02-21,1,0,1,54,0,1,0,0,0.0,0.0,1.0,5203.0,120,1,0
AMB-T2-020,2025-02-28,0,0,0,60,0,0,0,0,0.0,0.0,1.0,5203.0,120,1,0
AMB-T2-020,2025-03-07,0,0,0,60,0,0,0,0,0.0,0.0,1.0,5666.0,111,1,0
AMB-T2-020,2025-03-14,0,0,0,60,0,0,0,0,0.0,0.0,1.0,5666.0,111,1,0
AMB-T2-020,2025-03-21,0,0,0,60,0,0,0,0,0.0,0.0,1.0,5666.0,111,1,0
AMB-T2-020,2025-03-28,0,0,0,60,0,0,0,0,0.0,0.0,1.0,5666.0,111,1,0
AMB-T2-020,2025-04-04,0,0,0,60,0,0,0,0,0.0,0.0,1.0,5175.0,88,1,0
AMB-T2-020,2025-04-11,0,0,0,60,0,0,0,0,0.0,0.0,1.0,5175.0,88,1,1
AMB-T2-020,2025-04-18,0,0,0,60,0,0,0,0,0.0,0.0,1.0,5175.0,88,1,1
AMB-T2-020,2025-04-25,0,0,0,60,0,0,0,1,1.0,1.0,0.9833,5175.0,88,1,0
AMB-T2-020,2025-05-02,0,0,0,60,0,0,0,1,1.0,1.0,0.9833,4480.0,87,1,0
AMB-T2-020,2025-05-09,0,0,0,60,0,0,0,1,1.0,1.0,0.9833,4480.0,87,1,0
AMB-T2-020,2025-05-16,0,0,0,60,0,0,0,1,1.0,1.0,0.9833,4480.0,87,1,0
AMB-T2-020,2025-05-23,0,0,0,60,0,0,0,1,1.0,1.0,0.9833,4480.0,87,1,0
AMB-T2-020,2025-05-30,0,0,0,60,0,0,0,1,1.0,1.0,0.9833,4480.0,87,1,0
AMB-T2-020,2025-06-06,0,0,0,60,0,0,0,1,1.0,1.0,0.9833,4980.0,91,1,0
AMB-T2-020,2025-06-13,0,0,0,60,0,0,0,1,1.0,1.0,0.9833,4980.0,91,1,0
AMB-T2-020,2025-06-20,0,0,0,60,0,0,0,0,0.0,0.0,1.0,4980.0,91,1,0
AMB-T2-020,2025-06-27,0,0,0,60,0,0,0,0,0.0,0.0,1.0,4980.0,91,1,0
AMB-T2-020,2025-07-04,0,0,0,60,0,0,0,0,0.0,0.0,1.0,7404.0,118,1,0
AMB-T2-020,2025-07-11,1,0,1,1,0,1,0,0,0.0,0.0,1.0,7404.0,118,1,0
AMB-T2-020,2025-07-18,1,0,1,8,0,1,0,0,0.0,0.0,1.0,7404.0,118,1,0
AMB-T2-020,2025-07-25,1,0,1,15,0,1,0,0,0.0,0.0,1.0,7404.0,118,1,0
AMB-T2-020,2025-08-01,1,0,1,22,0,1,0,0,0.0,0.0,1.0,6984.0,95,1,0
AMB-T2-020,2025-08-08,1,0,1,29,0,1,0,0,0.0,0.0,1.0,6984.0,95,1,0
AMB-T2-020,2025-08-15,1,0,1,36,0,1,0,0,0.0,0.0,1.0,6984.0,95,1,0
AMB-T2-020,2025-08-22,1,0,1,43,0,1,0,0,0.0,0.0,1.0,6984.0,95,1,0
AMB-T2-020,2025-08-29,1,0,1,50,0,1,0,0,0.0,0.0,1.0,6984.0,95,1,0
AMB-T2-020,2025-09-05,1,0,1,57,0,1,0,0,0.0,0.0,1.0,5635.0,77,1,0
AMB-T2-020,2025-09-12,0,0,0,60,0,0,0,0,0.0,0.0,1.0,5635.0,77,1,0
AMB-T2-020,2025-09-19,0,0,0,60,0,0,0,0,0.0,0.0,1.0,5635.0,77,1,0
AMB-T2-020,2025-09-26,0,0,0,60,0,0,0,0,0.0,0.0,1.0,5635.0,77,1,0
AMB-T2-020,2025-10-03,0,0,0,60,0,0,0,0,0.0,0.0,1.0,5569.0,92,1,0
AMB-T2-020,2025-10-10,0,0,0,60,0,0,0,0,0.0,0.0,1.0,5569.0,92,1,0
AMB-T2-020,2025-10-17,0,0,0,60,0,0,0,0,0.0,0.0,1.0,5569.0,92,1,0
AMB-T2-020,2025-10-24,0,0,0,60,0,0,0,0,0.0,0.0,1.0,5569.0,92,1,0
AMB-T2-020,2025-10-31,0,0,0,60,0,0,0,0,0.0,0.0,1.0,2556.0,39,1,0
AMB-T2-020,2025-11-07,0,0,0,60,0,0,0,0,0.0,0.0,1.0,6578.0,85,1,0
AMB-T2-020,2025-11-14,0,0,0,60,0,0,0,0,0.0,0.0,1.0,6578.0,85,1,0
AMB-T2-020,2025-11-21,0,0,0,60,0,0,0,0,0.0,0.0,1.0,6578.0,85,1,0
AMB-T2-020,2025-11-28,0,0,0,60,0,0,0,0,0.0,0.0,1.0,6578.0,85,1,0
AMB-T2-020,2025-12-05,0,0,0,60,0,0,0,0,0.0,0.0,1.0,7492.0,84,1,0
AMB-T2-020,2025-12-12,0,0,0,60,0,0,0,0,0.0,0.0,1.0,7492.0,84,1,0
AMB-T2-021,2024-03-01,1,3,4,14,1,1,2,4,10.2,2.55,0.83,5720.0,128,0,1
AMB-T2-021,2024-03-08,0,2,2,21,1,0,1,4,13.1,3.28,0.7817,5720.0,128,0,0
AMB-T2-021,2024-03-15,0,1,1,28,1,0,0,3,12.6,4.2,0.79,5720.0,128,1,0
AMB-T2-021,2024-03-22,0,1,1,35,1,0,0,3,12.6,4.2,0.79,5720.0,128,1,0
AMB-T2-021,2024-03-29,0,1,1,42,1,0,0,3,12.6,4.2,0.79,5720.0,128,1,0
AMB-T2-021,2024-04-05,0,2,2,2,1,1,0,3,12.6,4.2,0.79,5912.0,119,1,0
AMB-T2-021,2024-04-12,0,2,2,9,1,1,0,3,12.6,4.2,0.79,5912.0,119,1,0
AMB-T2-021,2024-04-19,0,1,1,16,0,1,0,2,8.6,4.3,0.8567,5912.0,119,1,0
AMB-T2-021,2024-04-26,0,1,1,23,0,1,0,2,8.6,4.3,0.8567,5912.0,119,1,0
AMB-T2-021,2024-05-03,0,1,1,30,0,1,0,1,6.3,6.3,0.895,6540.0,126,1,0
AMB-T2-021,2024-05-10,0,1,1,37,0,1,0,0,0.0,0.0,1.0,6540.0,126,1,0
AMB-T2-021,2024-05-17,0,1,1,44,0,1,0,0,0.0,0.0,1.0,6540.0,126,1,0
AMB-T2-021,2024-05-24,0,1,1,51,0,1,0,0,0.0,0.0,1.0,6540.0,126,1,0
AMB-T2-021,2024-05-31,0,1,1,58,0,1,0,0,0.0,0.0,1.0,3274.0,66,1,0
AMB-T2-021,2024-06-07,0,0,0,60,0,0,0,0,0.0,0.0,1.0,6189.0,135,1,0
AMB-T2-021,2024-06-14,0,0,0,60,0,0,0,0,0.0,0.0,1.0,6189.0,135,1,0
AMB-T2-021,2024-06-21,0,0,0,60,0,0,0,0,0.0,0.0,1.0,6189.0,135,1,0
AMB-T2-021,2024-06-28,0,0,0,60,0,0,0,0,0.0,0.0,1.0,6189.0,135,1,0
AMB-T2-021,2024-07-05,1,0,1,4,0,0,1,0,0.0,0.0,1.0,6377.0,108,1,0
AMB-T2-021,2024-07-12,1,0,1,11,0,0,1,0,0.0,0.0,1.0,6377.0,108,1,0
AMB-T2-021,2024-07-19,1,1,2,6,0,0,2,0,0.0,0.0,1.0,6377.0,108,0,0
AMB-T2-021,2024-07-26,1,1,2,13,0,0,2,0,0.0,0.0,1.0,6377.0,108,0,0
AMB-T2-021,2024-08-02,1,1,2,20,0,0,2,0,0.0,0.0,1.0,7349.0,92,0,0
AMB-T2-021,2024-08-09,1,1,2,27,0,0,2,0,0.0,0.0,1.0,7349.0,92,0,0
AMB-T2-021,2024-08-16,1,1,2,34,0,0,2,0,0.0,0.0,1.0,7349.0,92,0,0
AMB-T2-021,2024-08-23,1,1,2,41,0,0,2,0,0.0,0.0,1.0,7349.0,92,0,0
AMB-T2-021,2024-08-30,0,1,1,48,0,0,1,0,0.0,0.0,1.0,3887.0,53,0,0
AMB-T2-021,2024-09-06,0,1,1,55,0,0,1,0,0.0,0.0,1.0,6342.0,112,0,0
AMB-T2-021,2024-09-13,0,0,0,60,0,0,0,0,0.0,0.0,1.0,6342.0,112,1,0
AMB-T2-021,2024-09-20,0,0,0,60,0,0,0,0,0.0,0.0,1.0,6342.0,112,1,0
AMB-T2-021,2024-09-27,0,1,1,4,0,1,0,0,0.0,0.0,1.0,6342.0,112,1,0
AMB-T2-021,2024-10-04,0,1,1,11,0,1,0,0,0.0,0.0,1.0,6538.0,130,1,1
AMB-T2-021,2024-10-11,0,1,1,18,0,1,0,0,0.0,0.0,1.0,6538.0,130,1,1
AMB-T2-021,2024-10-18,0,2,2,4,0,2,0,1,1.5,1.5,0.975,6538.0,130,1,1
AMB-T2-021,2024-10-25,0,2,2,11,0,2,0,1,1.5,1.5,0.975,6538.0,130,1,1
AMB-T2-021,2024-11-01,0,3,3,5,1,2,0,2,7.0,3.5,0.8833,7335.0,128,1,0
AMB-T2-021,2024-11-08,0,3,3,12,1,2,0,2,7.0,3.5,0.8833,7335.0,128,1,1
AMB-T2-021,2024-11-15,0,3,3,19,1,2,0,2,7.0,3.5,0.8833,7335.0,128,1,1
AMB-T2-021,2024-11-22,0,3,3,1,1,1,1,3,7.5,2.5,0.875,7335.0,128,0,0
AMB-T2-021,2024-11-29,0,3,3,8,1,1,1,3,7.5,2.5,0.875,7335.0,128,0,0
AMB-T2-021,2024-12-06,0,3,3,15,1,1,1,3,7.5,2.5,0.875,6762.0,130,0,0
AMB-T2-021,2024-12-13,0,2,2,22,1,0,1,2,6.0,3.0,0.9,6762.0,130,0,0
AMB-T2-021,2024-12-20,1,2,3,0,1,0,2,2,6.0,3.0,0.9,6762.0,130,0,0
AMB-T2-021,2024-12-27,1,1,2,7,0,0,2,1,0.5,0.5,0.9917,6762.0,130,0,0
AMB-T2-021,2025-01-03,1,1,2,14,0,0,2,1,0.5,0.5,0.9917,6503.0,123,0,1
AMB-T2-021,2025-01-10,1,1,2,21,0,0,2,1,0.5,0.5,0.9917,6503.0,123,0,1
AMB-T2-021,2025-01-17,1,2,3,5,1,0,2,2,4.9,2.45,0.9183,6503.0,123,0,1
AMB-T2-021,2025-01-24,1,1,2,12,1,0,1,1,4.4,4.4,0.9267,6503.0,123,1,1
AMB-T2-021,2025-01-31,1,2,3,4,1,0,2,2,10.3,5.15,0.8283,2993.0,50,0,0
AMB-T2-021,2025-02-07,1,2,3,11,1,0,2,2,10.3,5.15,0.8283,5971.0,88,0,1
AMB-T2-021,2025-02-14,1,2,3,18,1,0,2,2,10.3,5.15,0.8283,5971.0,88,0,1
AMB-T2-021,2025-02-21,0,3,3,6,2,0,1,3,11.7,3.9,0.805,5971.0,88,0,1
AMB-T2-021,2025-02-28,0,3,3,13,2,0,1,3,11.7,3.9,0.805,5971.0,88,0,1
AMB-T2-021,2025-03-07,0,4,4,4,3,0,1,4,13.5,3.38,0.775,6606.0,113,0,0
AMB-T2-021,2025-03-14,0,3,3,11,2,0,1,3,9.1,3.03,0.8483,6606.0,113,0,0
AMB-T2-021,2025-03-21,0,3,3,18,2,0,1,3,9.1,3.03,0.8483,6606.0,113,0,0
AMB-T2-021,2025-03-28,0,2,2,25,2,0,0,2,3.2,1.6,0.9467,6606.0,113,1,0
AMB-T2-021,2025-04-04,0,2,2,32,2,0,0,2,3.2,1.6,0.9467,6988.0,120,1,0
AMB-T2-021,2025-04-11,0,3,3,4,2,0,1,2,3.2,1.6,0.9467,6988.0,120,0,0
AMB-T2-021,2025-04-18,0,2,2,11,1,0,1,1,1.8,1.8,0.97,6988.0,120,0,0
AMB-T2-021,2025-04-25,0,2,2,18,1,0,1,1,1.8,1.8,0.97,6988.0,120,0,0
AMB-T2-021,2025-05-02,0,1,1,25,0,0,1,0,0.0,0.0,1.0,6951.0,107,0,0
AMB-T2-021,2025-05-09,0,1,1,32,0,0,1,0,0.0,0.0,1.0,6951.0,107,0,0
AMB-T2-021,2025-05-16,0,1,1,39,0,0,1,0,0.0,0.0,1.0,6951.0,107,0,0
AMB-T2-021,2025-05-23,0,1,1,46,0,0,1,0,0.0,0.0,1.0,6951.0,107,0,1
AMB-T2-021,2025-05-30,0,1,1,53,0,0,1,0,0.0,0.0,1.0,6951.0,107,0,1
AMB-T2-021,2025-06-06,1,1,2,3,0,1,1,1,1.6,1.6,0.9733,6976.0,134,1,0
AMB-T2-021,2025-06-13,1,1,2,10,0,1,1,1,1.6,1.6,0.9733,6976.0,134,1,0
AMB-T2-021,2025-06-20,1,1,2,17,0,1,1,1,1.6,1.6,0.9733,6976.0,134,1,0
AMB-T2-021,2025-06-27,1,1,2,24,0,1,1,1,1.6,1.6,0.9733,6976.0,134,1,0
AMB-T2-021,2025-07-04,1,1,2,31,0,1,1,1,1.6,1.6,0.9733,6377.0,124,1,0
AMB-T2-021,2025-07-11,1,2,3,3,0,1,2,1,1.6,1.6,0.9733,6377.0,124,0,1
AMB-T2-021,2025-07-18,1,2,3,10,0,1,2,1,1.6,1.6,0.9733,6377.0,124,0,1
AMB-T2-021,2025-07-25,1,3,4,1,1,1,2,2,4.1,2.05,0.9317,6377.0,124,0,1
AMB-T2-021,2025-08-01,1,3,4,8,1,1,2,2,4.1,2.05,0.9317,6649.0,112,0,1
AMB-T2-021,2025-08-08,0,3,3,1,2,0,1,2,7.0,3.5,0.8833,6649.0,112,0,1
AMB-T2-021,2025-08-15,0,4,4,4,3,0,1,3,9.4,3.13,0.8433,6649.0,112,0,0
AMB-T2-021,2025-08-22,0,4,4,11,3,0,1,3,9.4,3.13,0.8433,6649.0,112,0,0
AMB-T2-021,2025-08-29,0,4,4,18,3,0,1,3,9.4,3.13,0.8433,6649.0,112,0,0
AMB-T2-021,2025-09-05,0,4,4,25,3,0,1,3,9.4,3.13,0.8433,7165.0,100,0,0
AMB-T2-021,2025-09-12,0,3,3,32,3,0,0,3,9.4,3.13,0.8433,7165.0,100,1,0
AMB-T2-021,2025-09-19,0,3,3,39,3,0,0,3,9.4,3.13,0.8433,7165.0,100,1,0
AMB-T2-021,2025-09-26,0,2,2,46,2,0,0,2,6.9,3.45,0.885,7165.0,100,1,0
AMB-T2-021,2025-10-03,0,3,3,0,3,0,0,2,6.9,3.45,0.885,8390.0,93,1,0
AMB-T2-021,2025-10-10,0,1,1,7,1,0,0,0,0.0,0.0,1.0,8390.0,93,1,0
AMB-T2-021,2025-10-17,0,1,1,14,1,0,0,0,0.0,0.0,1.0,8390.0,93,1,0
AMB-T2-021,2025-10-24,0,1,1,21,1,0,0,0,0.0,0.0,1.0,8390.0,93,1,0
AMB-T2-021,2025-10-31,0,1,1,28,1,0,0,0,0.0,0.0,1.0,4882.0,53,1,0
AMB-T2-021,2025-11-07,0,2,2,2,2,0,0,0,0.0,0.0,1.0,8427.0,116,1,0
AMB-T2-021,2025-11-14,0,2,2,9,2,0,0,0,0.0,0.0,1.0,8427.0,116,1,0
AMB-T2-021,2025-11-21,0,2,2,16,2,0,0,0,0.0,0.0,1.0,8427.0,116,1,0
AMB-T2-021,2025-11-28,0,2,2,23,2,0,0,0,0.0,0.0,1.0,8427.0,116,1,0
AMB-T2-021,2025-12-05,0,1,1,30,1,0,0,0,0.0,0.0,1.0,6642.0,119,1,0
AMB-T2-021,2025-12-12,1,1,2,1,1,0,1,0,0.0,0.0,1.0,6642.0,119,1,0
AMB-T2-022,2024-03-01,1,0,1,53,0,0,1,0,0.0,0.0,1.0,6759.0,113,1,1
AMB-T2-022,2024-03-08,0,0,0,60,0,0,0,0,0.0,0.0,1.0,6759.0,113,1,1
AMB-T2-022,2024-03-15,0,1,1,3,0,1,0,1,1.3,1.3,0.9783,6759.0,113,1,0
AMB-T2-022,2024-03-22,0,1,1,10,0,1,0,1,1.3,1.3,0.9783,6759.0,113,1,0
AMB-T2-022,2024-03-29,0,1,1,17,0,1,0,1,1.3,1.3,0.9783,6759.0,113,1,0
AMB-T2-022,2024-04-05,0,1,1,24,0,1,0,1,1.3,1.3,0.9783,6105.0,102,1,0
AMB-T2-022,2024-04-12,0,1,1,31,0,1,0,1,1.3,1.3,0.9783,6105.0,102,1,0
AMB-T2-022,2024-04-19,0,1,1,38,0,1,0,1,1.3,1.3,0.9783,6105.0,102,1,0
AMB-T2-022,2024-04-26,0,1,1,45,0,1,0,1,1.3,1.3,0.9783,6105.0,102,1,0
AMB-T2-022,2024-05-03,0,1,1,52,0,1,0,1,1.3,1.3,0.9783,5189.0,109,1,0
AMB-T2-022,2024-05-10,0,1,1,59,0,1,0,1,1.3,1.3,0.9783,5189.0,109,1,0
AMB-T2-022,2024-05-17,0,0,0,60,0,0,0,0,0.0,0.0,1.0,5189.0,109,1,0
AMB-T2-022,2024-05-24,0,0,0,60,0,0,0,0,0.0,0.0,1.0,5189.0,109,1,1
AMB-T2-022,2024-05-31,0,0,0,60,0,0,0,0,0.0,0.0,1.0,2232.0,57,1,1
AMB-T2-022,2024-06-07,0,2,2,2,0,0,2,1,0.5,0.5,0.9917,5688.0,119,0,0
AMB-T2-022,2024-06-14,0,2,2,9,0,0,2,1,0.5,0.5,0.9917,5688.0,119,0,0
AMB-T2-022,2024-06-21,0,2,2,16,0,0,2,1,0.5,0.5,0.9917,5688.0,119,0,0
AMB-T2-022,2024-06-28,0,2,2,23,0,0,2,1,0.5,0.5,0.9917,5688.0,119,0,0
AMB-T2-022,2024-07-05,0,2,2,30,0,0,2,1,0.5,0.5,0.9917,7259.0,137,0,1
AMB-T2-022,2024-07-12,1,3,4,2,1,0,3,1,0.5,0.5,0.9917,7259.0,137,0,1
AMB-T2-022,2024-07-19,1,4,5,0,1,0,4,2,7.2,3.6,0.88,7259.0,137,0,0
AMB-T2-022,2024-07-26,1,4,5,7,1,0,4,2,7.2,3.6,0.88,7259.0,137,0,0
AMB-T2-022,2024-08-02,1,3,4,14,1,0,3,2,7.2,3.6,0.88,9136.0,149,0,0
AMB-T2-022,2024-08-09,1,2,3,21,1,0,2,1,6.7,6.7,0.8883,9136.0,149,0,0
AMB-T2-022,2024-08-16,1,3,4,0,2,0,2,1,6.7,6.7,0.8883,9136.0,149,0,0
AMB-T2-022,2024-08-23,1,3,4,7,2,0,2,1,6.7,6.7,0.8883,9136.0,149,0,0
AMB-T2-022,2024-08-30,1,4,5,4,2,0,3,1,6.7,6.7,0.8883,5333.0,74,0,0
AMB-T2-022,2024-09-06,1,4,5,11,2,0,3,1,6.7,6.7,0.8883,8837.0,128,0,1
AMB-T2-022,2024-09-13,0,4,4,2,1,0,3,1,6.7,6.7,0.8883,8837.0,128,0,1
AMB-T2-022,2024-09-20,0,4,4,5,1,0,3,1,6.9,6.9,0.885,8837.0,128,0,0
AMB-T2-022,2024-09-27,0,4,4,12,1,0,3,1,6.9,6.9,0.885,8837.0,128,0,0
AMB-T2-022,2024-10-04,0,5,5,5,1,0,4,1,6.9,6.9,0.885,7801.0,94,0,0
AMB-T2-022,2024-10-11,0,5,5,12,1,0,4,1,6.9,6.9,0.885,7801.0,94,0,0
AMB-T2-022,2024-10-18,0,4,4,19,0,0,4,1,6.9,6.9,0.885,7801.0,94,0,0
AMB-T2-022,2024-10-25,0,3,3,26,0,0,3,1,6.9,6.9,0.885,7801.0,94,0,0
AMB-T2-022,2024-11-01,0,4,4,0,0,1,3,1,6.9,6.9,0.885,7884.0,97,0,1
AMB-T2-022,2024-11-08,0,4,4,7,0,1,3,1,6.9,6.9,0.885,7884.0,97,0,1
AMB-T2-022,2024-11-15,0,3,3,0,0,1,2,1,4.6,4.6,0.9233,7884.0,97,0,0
AMB-T2-022,2024-11-22,0,4,4,0,0,1,3,1,4.6,4.6,0.9233,7884.0,97,0,0
AMB-T2-022,2024-11-29,0,3,3,7,0,1,2,1,4.6,4.6,0.9233,7884.0,97,0,0
AMB-T2-022,2024-12-06,0,3,3,14,0,1,2,1,4.6,4.6,0.9233,7714.0,125,0,0
AMB-T2-022,2024-12-13,0,3,3,21,0,1,2,1,4.6,4.6,0.9233,7714.0,125,0,1
AMB-T2-022,2024-12-20,0,4,4,5,1,1,2,1,4.6,4.6,0.9233,7714.0,125,0,1
AMB-T2-022,2024-12-27,0,5,5,1,2,1,2,2,6.5,3.25,0.8917,7714.0,125,0,0
AMB-T2-022,2025-01-03,1,4,5,0,2,0,3,2,6.5,3.25,0.8917,7457.0,123,0,1
AMB-T2-022,2025-01-10,1,4,5,7,2,0,3,2,6.5,3.25,0.8917,7457.0,123,0,1
AMB-T2-022,2025-01-17,1,4,5,1,2,1,2,2,6.9,3.45,0.885,7457.0,123,0,1
AMB-T2-022,2025-01-24,1,3,4,8,2,1,1,2,6.9,3.45,0.885,7457.0,123,1,1
AMB-T2-022,2025-01-31,1,4,5,3,3,1,1,3,12.3,4.1,0.795,3330.0,55,1,0
AMB-T2-022,2025-02-07,1,4,5,10,3,1,1,3,12.3,4.1,0.795,7373.0,106,1,0
AMB-T2-022,2025-02-14,1,3,4,17,2,1,1,3,12.3,4.1,0.795,7373.0,106,1,0
AMB-T2-022,2025-02-21,1,3,4,24,2,1,1,3,12.3,4.1,0.795,7373.0,106,1,0
AMB-T2-022,2025-02-28,1,2,3,31,1,1,1,2,10.4,5.2,0.8267,7373.0,106,1,0
AMB-T2-022,2025-03-07,0,2,2,38,1,1,0,2,10.4,5.2,0.8267,8543.0,118,1,0
AMB-T2-022,2025-03-14,0,2,2,45,1,1,0,2,10.4,5.2,0.8267,8543.0,118,1,0
AMB-T2-022,2025-03-21,0,1,1,52,1,0,0,1,5.4,5.4,0.91,8543.0,118,1,0
AMB-T2-022,2025-03-28,0,1,1,59,1,0,0,1,5.4,5.4,0.91,8543.0,118,1,0
AMB-T2-022,2025-04-04,0,0,0,60,0,0,0,0,0.0,0.0,1.0,8379.0,132,1,0
AMB-T2-022,2025-04-11,0,0,0,60,0,0,0,0,0.0,0.0,1.0,8379.0,132,1,0
AMB-T2-022,2025-04-18,0,0,0,60,0,0,0,0,0.0,0.0,1.0,8379.0,132,1,0
AMB-T2-022,2025-04-25,0,0,0,60,0,0,0,0,0.0,0.0,1.0,8379.0,132,1,0
AMB-T2-022,2025-05-02,0,1,1,1,1,0,0,0,0.0,0.0,1.0,7375.0,118,1,0
AMB-T2-022,2025-05-09,0,1,1,8,1,0,0,0,0.0,0.0,1.0,7375.0,118,1,1
AMB-T2-022,2025-05-16,0,1,1,15,1,0,0,0,0.0,0.0,1.0,7375.0,118,1,1
AMB-T2-022,2025-05-23,0,2,2,4,2,0,0,1,3.0,3.0,0.95,7375.0,118,1,0
AMB-T2-022,2025-05-30,0,2,2,11,2,0,0,1,3.0,3.0,0.95,7375.0,118,1,0
AMB-T2-022,2025-06-06,0,2,2,18,2,0,0,1,3.0,3.0,0.95,7017.0,119,1,0
AMB-T2-022,2025-06-13,0,2,2,25,2,0,0,1,3.0,3.0,0.95,7017.0,119,1,0
AMB-T2-022,2025-06-20,1,2,3,0,2,1,0,1,3.0,3.0,0.95,7017.0,119,1,1
AMB-T2-022,2025-06-27,1,2,3,7,2,1,0,1,3.0,3.0,0.95,7017.0,119,1,1
AMB-T2-022,2025-07-04,1,2,3,6,2,1,0,2,6.6,3.3,0.89,7418.0,121,1,0
AMB-T2-022,2025-07-11,1,2,3,13,2,1,0,2,6.6,3.3,0.89,7418.0,121,1,0
AMB-T2-022,2025-07-18,1,2,3,2,1,1,1,1,3.6,3.6,0.94,7418.0,121,0,0
AMB-T2-022,2025-07-25,1,2,3,9,1,1,1,1,3.6,3.6,0.94,7418.0,121,0,1
AMB-T2-022,2025-08-01,1,2,3,16,1,1,1,1,3.6,3.6,0.94,8123.0,113,0,1
AMB-T2-022,2025-08-08,1,3,4,0,2,1,1,2,9.6,4.8,0.84,8123.0,113,0,0
AMB-T2-022,2025-08-15,1,3,4,7,2,1,1,2,9.6,4.8,0.84,8123.0,113,0,1
AMB-T2-022,2025-08-22,0,3,3,14,2,0,1,2,9.6,4.8,0.84,8123.0,113,0,1
AMB-T2-022,2025-08-29,0,3,3,6,2,0,1,2,6.5,3.25,0.8917,8123.0,113,0,0
AMB-T2-022,2025-09-05,0,3,3,13,2,0,1,2,6.5,3.25,0.8917,7586.0,121,0,0
AMB-T2-022,2025-09-12,0,3,3,20,2,0,1,2,6.5,3.25,0.8917,7586.0,121,0,1
AMB-T2-022,2025-09-19,0,2,2,27,2,0,0,2,6.5,3.25,0.8917,7586.0,121,1,1
AMB-T2-022,2025-09-26,0,3,3,5,3,0,0,3,12.0,4.0,0.8,7586.0,121,1,0
AMB-T2-022,2025-10-03,0,3,3,12,3,0,0,3,12.0,4.0,0.8,6528.0,103,1,0
AMB-T2-022,2025-10-10,0,2,2,19,2,0,0,2,6.0,3.0,0.9,6528.0,103,1,0
AMB-T2-022,2025-10-17,0,2,2,26,2,0,0,2,6.0,3.0,0.9,6528.0,103,1,0
AMB-T2-022,2025-10-24,0,1,1,33,1,0,0,1,5.5,5.5,0.9083,6528.0,103,1,0
AMB-T2-022,2025-10-31,0,1,1,40,1,0,0,1,5.5,5.5,0.9083,3168.0,40,1,0
AMB-T2-022,2025-11-07,0,1,1,47,1,0,0,1,5.5,5.5,0.9083,6941.0,92,1,0
AMB-T2-022,2025-11-14,0,2,2,6,1,1,0,1,5.5,5.5,0.9083,6941.0,92,1,1
AMB-T2-022,2025-11-21,0,1,1,13,0,1,0,0,0.0,0.0,1.0,6941.0,92,1,1
AMB-T2-022,2025-11-28,0,2,2,2,1,1,0,1,2.9,2.9,0.9517,6941.0,92,1,0
AMB-T2-022,2025-12-05,0,3,3,6,2,1,0,1,2.9,2.9,0.9517,7397.0,101,1,0
AMB-T2-022,2025-12-12,0,3,3,13,2,1,0,1,2.9,2.9,0.9517,7397.0,101,1,0
AMB-T2-023,2024-03-01,1,1,2,41,0,2,0,2,2.3,1.15,0.9617,3181.0,54,1,0
AMB-T2-023,2024-03-08,0,1,1,48,0,1,0,1,1.3,1.3,0.9783,3181.0,54,1,0
AMB-T2-023,2024-03-15,0,1,1,55,0,1,0,1,1.3,1.3,0.9783,3181.0,54,1,0
AMB-T2-023,2024-03-22,0,0,0,60,0,0,0,0,0.0,0.0,1.0,3181.0,54,1,0
AMB-T2-023,2024-03-29,0,0,0,60,0,0,0,0,0.0,0.0,1.0,3181.0,54,1,0
AMB-T2-023,2024-04-05,0,0,0,60,0,0,0,0,0.0,0.0,1.0,3669.0,44,1,0
AMB-T2-023,2024-04-12,0,0,0,60,0,0,0,0,0.0,0.0,1.0,3669.0,44,1,0
AMB-T2-023,2024-04-19,0,0,0,60,0,0,0,0,0.0,0.0,1.0,3669.0,44,1,0
AMB-T2-023,2024-04-26,0,0,0,60,0,0,0,0,0.0,0.0,1.0,3669.0,44,1,0
AMB-T2-023,2024-05-03,0,0,0,60,0,0,0,0,0.0,0.0,1.0,3955.0,69,1,0
AMB-T2-023,2024-05-10,0,0,0,60,0,0,0,0,0.0,0.0,1.0,3955.0,69,1,0
AMB-T2-023,2024-05-17,0,0,0,60,0,0,0,0,0.0,0.0,1.0,3955.0,69,1,0
AMB-T2-023,2024-05-24,0,0,0,60,0,0,0,0,0.0,0.0,1.0,3955.0,69,1,0
AMB-T2-023,2024-05-31,0,0,0,60,0,0,0,0,0.0,0.0,1.0,1593.0,41,1,1
AMB-T2-023,2024-06-07,0,0,0,60,0,0,0,0,0.0,0.0,1.0,3239.0,71,1,1
AMB-T2-023,2024-06-14,0,0,0,60,0,0,0,1,1.7,1.7,0.9717,3239.0,71,1,0
AMB-T2-023,2024-06-21,0,1,1,0,0,1,0,1,1.7,1.7,0.9717,3239.0,71,1,0
AMB-T2-023,2024-06-28,1,1,2,5,0,1,1,1,1.7,1.7,0.9717,3239.0,71,1,1
AMB-T2-023,2024-07-05,1,1,2,12,0,1,1,1,1.7,1.7,0.9717,3242.0,67,1,1
AMB-T2-023,2024-07-12,1,2,3,6,1,1,1,2,3.1,1.55,0.9483,3242.0,67,1,0
AMB-T2-023,2024-07-19,1,2,3,13,1,1,1,2,3.1,1.55,0.9483,3242.0,67,1,0
AMB-T2-023,2024-07-26,1,2,3,20,1,1,1,2,3.1,1.55,0.9483,3242.0,67,1,0
AMB-T2-023,2024-08-02,1,2,3,27,1,1,1,2,3.1,1.55,0.9483,4529.0,48,1,1
AMB-T2-023,2024-08-09,1,2,3,34,1,1,1,1,1.4,1.4,0.9767,4529.0,48,1,1
AMB-T2-023,2024-08-16,1,3,4,1,2,1,1,2,3.2,1.6,0.9467,4529.0,48,1,0
AMB-T2-023,2024-08-23,0,2,2,8,2,0,0,2,3.2,1.6,0.9467,4529.0,48,1,0
AMB-T2-023,2024-08-30,0,2,2,15,2,0,0,2,3.2,1.6,0.9467,2933.0,11,1,0
AMB-T2-023,2024-09-06,0,1,1,22,1,0,0,1,1.8,1.8,0.97,5134.0,55,1,0
AMB-T2-023,2024-09-13,0,1,1,29,1,0,0,1,1.8,1.8,0.97,5134.0,55,1,0
AMB-T2-023,2024-09-20,0,1,1,36,1,0,0,1,1.8,1.8,0.97,5134.0,55,1,0
AMB-T2-023,2024-09-27,0,1,1,43,1,0,0,1,1.8,1.8,0.97,5134.0,55,1,0
AMB-T2-023,2024-10-04,0,1,1,50,1,0,0,1,1.8,1.8,0.97,4082.0,64,1,0
AMB-T2-023,2024-10-11,0,1,1,57,1,0,0,1,1.8,1.8,0.97,4082.0,64,1,0
AMB-T2-023,2024-10-18,0,0,0,60,0,0,0,0,0.0,0.0,1.0,4082.0,64,1,0
AMB-T2-023,2024-10-25,0,0,0,60,0,0,0,0,0.0,0.0,1.0,4082.0,64,1,0
AMB-T2-023,2024-11-01,0,0,0,60,0,0,0,0,0.0,0.0,1.0,4267.0,66,1,1
AMB-T2-023,2024-11-08,0,0,0,60,0,0,0,0,0.0,0.0,1.0,4267.0,66,1,1
AMB-T2-023,2024-11-15,0,1,1,3,0,1,0,1,1.1,1.1,0.9817,4267.0,66,1,0
AMB-T2-023,2024-11-22,0,1,1,10,0,1,0,1,1.1,1.1,0.9817,4267.0,66,1,0
AMB-T2-023,2024-11-29,0,1,1,17,0,1,0,1,1.1,1.1,0.9817,4267.0,66,1,0
AMB-T2-023,2024-12-06,0,1,1,24,0,1,0,1,1.1,1.1,0.9817,5054.0,84,1,1
AMB-T2-023,2024-12-13,1,1,2,3,0,2,0,1,1.1,1.1,0.9817,5054.0,84,1,1
AMB-T2-023,2024-12-20,1,2,3,3,0,3,0,2,8.1,4.05,0.865,5054.0,84,1,0
AMB-T2-023,2024-12-27,1,2,3,10,0,3,0,2,8.1,4.05,0.865,5054.0,84,1,1
AMB-T2-023,2025-01-03,1,2,3,17,0,3,0,2,8.1,4.05,0.865,4860.0,61,1,1
AMB-T2-023,2025-01-10,1,3,4,4,0,4,0,3,12.6,4.2,0.79,4860.0,61,1,0
AMB-T2-023,2025-01-17,1,2,3,11,0,3,0,2,11.5,5.75,0.8083,4860.0,61,1,0
AMB-T2-023,2025-01-24,1,2,3,18,0,3,0,2,11.5,5.75,0.8083,4860.0,61,1,0
AMB-T2-023,2025-01-31,1,2,3,25,0,3,0,2,11.5,5.75,0.8083,2192.0,23,1,0
AMB-T2-023,2025-02-07,1,2,3,32,0,3,0,2,11.5,5.75,0.8083,4845.0,67,1,0
AMB-T2-023,2025-02-14,0,2,2,39,0,2,0,2,11.5,5.75,0.8083,4845.0,67,1,0
AMB-T2-023,2025-02-21,0,1,1,46,0,1,0,1,4.5,4.5,0.925,4845.0,67,1,0
AMB-T2-023,2025-02-28,0,1,1,53,0,1,0,1,4.5,4.5,0.925,4845.0,67,1,0
AMB-T2-023,2025-03-07,0,0,0,60,0,0,0,0,0.0,0.0,1.0,4104.0,82,1,0
AMB-T2-023,2025-03-14,0,0,0,60,0,0,0,0,0.0,0.0,1.0,4104.0,82,1,0
AMB-T2-023,2025-03-21,0,0,0,60,0,0,0,0,0.0,0.0,1.0,4104.0,82,1,0
AMB-T2-023,2025-03-28,0,0,0,60,0,0,0,0,0.0,0.0,1.0,4104.0,82,1,0
AMB-T2-023,2025-04-04,0,0,0,60,0,0,0,0,0.0,0.0,1.0,3976.0,82,1,0
AMB-T2-023,2025-04-11,0,0,0,60,0,0,0,0,0.0,0.0,1.0,3976.0,82,1,0
AMB-T2-023,2025-04-18,0,0,0,60,0,0,0,0,0.0,0.0,1.0,3976.0,82,1,0
AMB-T2-023,2025-04-25,0,0,0,60,0,0,0,0,0.0,0.0,1.0,3976.0,82,1,0
AMB-T2-023,2025-05-02,0,0,0,60,0,0,0,0,0.0,0.0,1.0,4613.0,67,1,0
AMB-T2-023,2025-05-09,0,0,0,60,0,0,0,0,0.0,0.0,1.0,4613.0,67,1,1
AMB-T2-023,2025-05-16,0,0,0,60,0,0,0,0,0.0,0.0,1.0,4613.0,67,1,1
AMB-T2-023,2025-05-23,0,1,1,2,1,0,0,1,5.6,5.6,0.9067,4613.0,67,1,0
AMB-T2-023,2025-05-30,0,1,1,9,1,0,0,1,5.6,5.6,0.9067,4613.0,67,1,0
AMB-T2-023,2025-06-06,0,1,1,16,1,0,0,1,5.6,5.6,0.9067,3920.0,45,1,0
AMB-T2-023,2025-06-13,1,1,2,5,2,0,0,1,5.6,5.6,0.9067,3920.0,45,1,1
AMB-T2-023,2025-06-20,1,1,2,12,2,0,0,1,5.6,5.6,0.9067,3920.0,45,1,1
AMB-T2-023,2025-06-27,1,2,3,2,3,0,0,2,10.2,5.1,0.83,3920.0,45,1,0
AMB-T2-023,2025-07-04,1,2,3,9,3,0,0,2,10.2,5.1,0.83,3935.0,53,1,0
AMB-T2-023,2025-07-11,1,2,3,16,3,0,0,2,10.2,5.1,0.83,3935.0,53,1,0
AMB-T2-023,2025-07-18,1,2,3,23,3,0,0,2,10.2,5.1,0.83,3935.0,53,1,0
AMB-T2-023,2025-07-25,1,1,2,30,2,0,0,1,4.6,4.6,0.9233,3935.0,53,1,0
AMB-T2-023,2025-08-01,1,1,2,37,2,0,0,1,4.6,4.6,0.9233,5523.0,76,1,1
AMB-T2-023,2025-08-08,0,1,1,44,1,0,0,1,4.6,4.6,0.9233,5523.0,76,1,1
AMB-T2-023,2025-08-15,0,1,1,51,1,0,0,2,6.7,3.35,0.8883,5523.0,76,1,0
AMB-T2-023,2025-08-22,0,1,1,58,1,0,0,2,6.7,3.35,0.8883,5523.0,76,1,0
AMB-T2-023,2025-08-29,0,0,0,60,0,0,0,1,2.1,2.1,0.965,5523.0,76,1,0
AMB-T2-023,2025-09-05,0,0,0,60,0,0,0,1,2.1,2.1,0.965,6135.0,84,1,0
AMB-T2-023,2025-09-12,0,0,0,60,0,0,0,1,2.1,2.1,0.965,6135.0,84,1,0
AMB-T2-023,2025-09-19,0,0,0,60,0,0,0,1,2.1,2.1,0.965,6135.0,84,1,0
AMB-T2-023,2025-09-26,0,0,0,60,0,0,0,1,2.1,2.1,0.965,6135.0,84,1,0
AMB-T2-023,2025-10-03,0,0,0,60,0,0,0,1,2.1,2.1,0.965,4628.0,69,1,0
AMB-T2-023,2025-10-10,0,0,0,60,0,0,0,1,2.1,2.1,0.965,4628.0,69,1,0
AMB-T2-023,2025-10-17,0,0,0,60,0,0,0,0,0.0,0.0,1.0,4628.0,69,1,0
AMB-T2-023,2025-10-24,0,0,0,60,0,0,0,0,0.0,0.0,1.0,4628.0,69,1,0
AMB-T2-023,2025-10-31,0,0,0,60,0,0,0,0,0.0,0.0,1.0,1913.0,30,1,1
AMB-T2-023,2025-11-07,0,0,0,60,0,0,0,0,0.0,0.0,1.0,3936.0,66,1,1
AMB-T2-023,2025-11-14,0,1,1,2,1,0,0,1,3.6,3.6,0.94,3936.0,66,1,1
AMB-T2-023,2025-11-21,0,1,1,9,1,0,0,1,3.6,3.6,0.94,3936.0,66,1,1
AMB-T2-023,2025-11-28,0,2,2,1,2,0,0,2,7.2,3.6,0.88,3936.0,66,1,0
AMB-T2-023,2025-12-05,0,2,2,8,2,0,0,2,7.2,3.6,0.88,4390.0,70,1,0
AMB-T2-023,2025-12-12,0,2,2,15,2,0,0,2,7.2,3.6,0.88,4390.0,70,1,0
AMB-T2-024,2024-03-01,0,3,3,14,0,2,1,2,5.6,2.8,0.9067,8175.0,153,0,0
AMB-T2-024,2024-03-08,0,2,2,21,0,1,1,1,2.9,2.9,0.9517,8175.0,153,0,0
AMB-T2-024,2024-03-15,0,2,2,28,0,1,1,1,2.9,2.9,0.9517,8175.0,153,0,0
AMB-T2-024,2024-03-22,0,1,1,35,0,1,0,1,2.9,2.9,0.9517,8175.0,153,1,0
AMB-T2-024,2024-03-29,0,1,1,42,0,1,0,1,2.9,2.9,0.9517,8175.0,153,1,0
AMB-T2-024,2024-04-05,0,1,1,49,0,1,0,1,2.9,2.9,0.9517,8255.0,147,1,0
AMB-T2-024,2024-04-12,0,1,1,56,0,1,0,1,2.9,2.9,0.9517,8255.0,147,1,0
AMB-T2-024,2024-04-19,0,0,0,60,0,0,0,0,0.0,0.0,1.0,8255.0,147,1,0
AMB-T2-024,2024-04-26,0,0,0,60,0,0,0,0,0.0,0.0,1.0,8255.0,147,1,0
AMB-T2-024,2024-05-03,0,0,0,60,0,0,0,0,0.0,0.0,1.0,7546.0,127,1,0
AMB-T2-024,2024-05-10,0,0,0,60,0,0,0,0,0.0,0.0,1.0,7546.0,127,1,0
AMB-T2-024,2024-05-17,0,0,0,60,0,0,0,0,0.0,0.0,1.0,7546.0,127,1,0
AMB-T2-024,2024-05-24,0,0,0,60,0,0,0,0,0.0,0.0,1.0,7546.0,127,1,0
AMB-T2-024,2024-05-31,0,0,0,60,0,0,0,0,0.0,0.0,1.0,4458.0,56,1,0
AMB-T2-024,2024-06-07,0,0,0,60,0,0,0,0,0.0,0.0,1.0,8595.0,112,1,0
AMB-T2-024,2024-06-14,0,0,0,60,0,0,0,0,0.0,0.0,1.0,8595.0,112,1,0
AMB-T2-024,2024-06-21,0,1,1,3,1,0,0,0,0.0,0.0,1.0,8595.0,112,1,0
AMB-T2-024,2024-06-28,0,1,1,10,1,0,0,0,0.0,0.0,1.0,8595.0,112,1,0
AMB-T2-024,2024-07-05,0,1,1,17,1,0,0,0,0.0,0.0,1.0,8898.0,122,1,0
AMB-T2-024,2024-07-12,1,2,3,2,2,1,0,0,0.0,0.0,1.0,8898.0,122,1,0
AMB-T2-024,2024-07-19,1,2,3,9,2,1,0,0,0.0,0.0,1.0,8898.0,122,1,1
AMB-T2-024,2024-07-26,1,2,3,16,2,1,0,0,0.0,0.0,1.0,8898.0,122,1,1
AMB-T2-024,2024-08-02,1,3,4,2,2,2,0,2,2.4,1.2,0.96,8055.0,135,1,1
AMB-T2-024,2024-08-09,1,3,4,9,2,2,0,2,2.4,1.2,0.96,8055.0,135,1,1
AMB-T2-024,2024-08-16,1,4,5,4,2,2,1,3,8.1,2.7,0.865,8055.0,135,0,0
AMB-T2-024,2024-08-23,1,3,4,11,1,2,1,3,8.1,2.7,0.865,8055.0,135,0,0
AMB-T2-024,2024-08-30,1,3,4,18,1,2,1,3,8.1,2.7,0.865,3294.0,69,0,0
AMB-T2-024,2024-09-06,1,3,4,25,1,2,1,3,8.1,2.7,0.865,7773.0,133,0,0
AMB-T2-024,2024-09-13,0,3,3,1,0,2,1,3,8.1,2.7,0.865,7773.0,133,0,0
AMB-T2-024,2024-09-20,0,4,4,2,0,3,1,3,8.1,2.7,0.865,7773.0,133,0,0
AMB-T2-024,2024-09-27,0,4,4,9,0,3,1,2,6.4,3.2,0.8933,7773.0,133,0,1
AMB-T2-024,2024-10-04,0,4,4,0,0,3,1,1,5.7,5.7,0.905,8611.0,124,0,1
AMB-T2-024,2024-10-11,0,4,4,6,0,3,1,1,10.5,10.5,0.825,8611.0,124,0,1
AMB-T2-024,2024-10-18,0,5,5,0,0,4,1,2,11.0,5.5,0.8167,8611.0,124,0,1
AMB-T2-024,2024-10-25,0,7,7,0,0,6,1,4,19.9,4.97,0.6683,8611.0,124,0,0
AMB-T2-024,2024-11-01,0,7,7,7,0,6,1,4,19.9,4.97,0.6683,7295.0,119,0,0
AMB-T2-024,2024-11-08,0,7,7,14,0,6,1,4,19.9,4.97,0.6683,7295.0,119,0,0
AMB-T2-024,2024-11-15,0,6,6,21,0,5,1,4,19.9,4.97,0.6683,7295.0,119,0,1
AMB-T2-024,2024-11-22,0,5,5,28,0,4,1,4,19.9,4.97,0.6683,7295.0,119,0,1
AMB-T2-024,2024-11-29,0,6,6,4,0,5,1,5,23.7,4.74,0.605,7295.0,119,0,0
AMB-T2-024,2024-12-06,0,4,4,11,0,4,0,4,13.2,3.3,0.78,7321.0,119,1,0
AMB-T2-024,2024-12-13,0,4,4,18,0,4,0,4,13.2,3.3,0.78,7321.0,119,1,1
AMB-T2-024,2024-12-20,0,2,2,25,0,2,0,2,11.3,5.65,0.8117,7321.0,119,1,1
AMB-T2-024,2024-12-27,0,2,2,0,1,1,0,2,7.7,3.85,0.8717,7321.0,119,1,0
AMB-T2-024,2025-01-03,0,3,3,5,2,1,0,2,7.7,3.85,0.8717,8482.0,117,1,0
AMB-T2-024,2025-01-10,0,3,3,12,2,1,0,2,7.7,3.85,0.8717,8482.0,117,1,0
AMB-T2-024,2025-01-17,1,3,4,2,2,1,1,2,7.7,3.85,0.8717,8482.0,117,1,0
AMB-T2-024,2025-01-24,1,2,3,9,2,0,1,1,3.9,3.9,0.935,8482.0,117,1,0
AMB-T2-024,2025-01-31,1,2,3,16,2,0,1,1,3.9,3.9,0.935,4324.0,57,1,1
AMB-T2-024,2025-02-07,1,2,3,23,2,0,1,1,3.9,3.9,0.935,7972.0,128,1,1
AMB-T2-024,2025-02-14,1,3,4,6,2,1,1,2,8.7,4.35,0.855,7972.0,128,1,0
AMB-T2-024,2025-02-21,1,3,4,13,2,1,1,2,8.7,4.35,0.855,7972.0,128,1,0
AMB-T2-024,2025-02-28,1,1,2,20,0,1,1,1,4.8,4.8,0.92,7972.0,128,1,1
AMB-T2-024,2025-03-07,1,1,2,27,0,1,1,1,4.8,4.8,0.92,7625.0,127,1,1
AMB-T2-024,2025-03-14,1,1,2,34,0,1,1,2,5.8,2.9,0.9033,7625.0,127,1,0
AMB-T2-024,2025-03-21,0,1,1,41,0,1,0,2,5.8,2.9,0.9033,7625.0,127,1,0
AMB-T2-024,2025-03-28,0,2,2,4,1,1,0,2,5.8,2.9,0.9033,7625.0,127,1,0
AMB-T2-024,2025-04-04,0,2,2,11,1,1,0,2,5.8,2.9,0.9033,8441.0,109,1,0
AMB-T2-024,2025-04-11,0,1,1,18,1,0,0,1,1.0,1.0,0.9833,8441.0,109,1,0
AMB-T2-024,2025-04-18,0,1,1,25,1,0,0,1,1.0,1.0,0.9833,8441.0,109,1,0
AMB-T2-024,2025-04-25,0,1,1,32,1,0,0,1,1.0,1.0,0.9833,8441.0,109,1,0
AMB-T2-024,2025-05-02,0,1,1,39,1,0,0,1,1.0,1.0,0.9833,7872.0,80,1,0
AMB-T2-024,2025-05-09,0,2,2,3,1,0,1,1,1.0,1.0,0.9833,7872.0,80,0,0
AMB-T2-024,2025-05-16,0,2,2,10,1,0,1,0,0.0,0.0,1.0,7872.0,80,0,0
AMB-T2-024,2025-05-23,0,2,2,0,1,0,1,0,0.0,0.0,1.0,7872.0,80,0,0
AMB-T2-024,2025-05-30,0,2,2,7,1,0,1,0,0.0,0.0,1.0,7872.0,80,0,0
AMB-T2-024,2025-06-06,0,2,2,14,1,0,1,0,0.0,0.0,1.0,6920.0,104,0,0
AMB-T2-024,2025-06-13,0,2,2,21,1,0,1,0,0.0,0.0,1.0,6920.0,104,0,0
AMB-T2-024,2025-06-20,0,2,2,28,1,0,1,0,0.0,0.0,1.0,6920.0,104,0,0
AMB-T2-024,2025-06-27,0,2,2,35,1,0,1,0,0.0,0.0,1.0,6920.0,104,0,1
AMB-T2-024,2025-07-04,0,2,2,42,1,0,1,0,0.0,0.0,1.0,6113.0,127,0,1
AMB-T2-024,2025-07-11,1,2,3,0,2,1,0,1,0.5,0.5,0.9917,6113.0,127,1,1
AMB-T2-024,2025-07-18,1,3,4,3,2,1,1,2,1.2,0.6,0.98,6113.0,127,0,1
AMB-T2-024,2025-07-25,1,3,4,3,1,2,1,3,3.8,1.27,0.9367,6113.0,127,0,1
AMB-T2-024,2025-08-01,1,5,6,0,2,3,1,5,8.9,1.78,0.8517,6708.0,84,0,0
AMB-T2-024,2025-08-08,1,5,6,7,2,3,1,5,8.9,1.78,0.8517,6708.0,84,0,0
AMB-T2-024,2025-08-15,1,5,6,14,2,3,1,5,8.9,1.78,0.8517,6708.0,84,0,0
AMB-T2-024,2025-08-22,1,5,6,21,2,3,1,5,8.9,1.78,0.8517,6708.0,84,0,0
AMB-T2-024,2025-08-29,1,5,6,28,2,3,1,5,8.9,1.78,0.8517,6708.0,84,0,0
AMB-T2-024,2025-09-05,1,5,6,35,2,3,1,5,8.9,1.78,0.8517,7644.0,109,0,1
AMB-T2-024,2025-09-12,0,4,4,42,1,2,1,4,8.4,2.1,0.86,7644.0,109,0,1
AMB-T2-024,2025-09-19,0,5,5,3,1,2,2,5,18.5,3.7,0.6917,7644.0,109,0,1
AMB-T2-024,2025-09-26,0,3,3,10,0,1,2,3,14.2,4.73,0.7633,7644.0,109,0,1
AMB-T2-024,2025-10-03,0,3,3,4,1,0,2,3,15.9,5.3,0.735,8607.0,140,0,0
AMB-T2-024,2025-10-10,0,3,3,11,1,0,2,3,15.9,5.3,0.735,8607.0,140,0,0
AMB-T2-024,2025-10-17,0,3,3,18,1,0,2,3,15.9,5.3,0.735,8607.0,140,0,0
AMB-T2-024,2025-10-24,0,3,3,25,1,0,2,3,15.9,5.3,0.735,8607.0,140,0,0
AMB-T2-024,2025-10-31,0,3,3,32,1,0,2,3,15.9,5.3,0.735,5070.0,65,0,1
AMB-T2-024,2025-11-07,0,3,3,39,1,0,2,3,15.9,5.3,0.735,8358.0,115,0,1
AMB-T2-024,2025-11-14,0,3,3,0,1,0,2,3,12.9,4.3,0.785,8358.0,115,0,1
AMB-T2-024,2025-11-21,0,2,2,7,1,0,1,2,6.6,3.3,0.89,8358.0,115,0,1
AMB-T2-024,2025-11-28,0,2,2,2,0,1,1,2,4.3,2.15,0.9283,8358.0,115,0,0
AMB-T2-024,2025-12-05,0,2,2,9,0,1,1,2,4.3,2.15,0.9283,7219.0,115,0,0
AMB-T2-024,2025-12-12,0,3,3,4,1,1,1,2,4.3,2.15,0.9283,7219.0,115,0,0
AMB-T2-025,2024-03-01,1,1,2,17,0,1,1,0,0.0,0.0,1.0,6843.0,83,1,0
AMB-T2-025,2024-03-08,1,1,2,24,0,1,1,0,0.0,0.0,1.0,6843.0,83,1,0
AMB-T2-025,2024-03-15,0,1,1,31,0,1,0,0,0.0,0.0,1.0,6843.0,83,1,0
AMB-T2-025,2024-03-22,0,1,1,38,0,1,0,0,0.0,0.0,1.0,6843.0,83,1,0
AMB-T2-025,2024-03-29,0,1,1,45,0,1,0,0,0.0,0.0,1.0,6843.0,83,1,0
AMB-T2-025,2024-04-05,0,1,1,52,0,1,0,0,0.0,0.0,1.0,6392.0,84,1,0
AMB-T2-025,2024-04-12,0,1,1,59,0,1,0,0,0.0,0.0,1.0,6392.0,84,1,0
AMB-T2-025,2024-04-19,0,0,0,60,0,0,0,0,0.0,0.0,1.0,6392.0,84,1,0
AMB-T2-025,2024-04-26,0,0,0,60,0,0,0,0,0.0,0.0,1.0,6392.0,84,1,0
AMB-T2-025,2024-05-03,0,0,0,60,0,0,0,0,0.0,0.0,1.0,4056.0,48,1,0
AMB-T2-025,2024-05-10,0,0,0,60,0,0,0,0,0.0,0.0,1.0,4056.0,48,1,0
AMB-T2-025,2024-05-17,0,0,0,60,0,0,0,0,0.0,0.0,1.0,4056.0,48,1,0
AMB-T2-025,2024-05-24,0,0,0,60,0,0,0,0,0.0,0.0,1.0,4056.0,48,1,0
AMB-T2-025,2024-05-31,0,0,0,60,0,0,0,0,0.0,0.0,1.0,1965.0,11,1,0
AMB-T2-025,2024-06-07,0,0,0,60,0,0,0,0,0.0,0.0,1.0,4644.0,72,1,0
AMB-T2-025,2024-06-14,0,0,0,60,0,0,0,0,0.0,0.0,1.0,4644.0,72,1,0
AMB-T2-025,2024-06-21,0,0,0,60,0,0,0,0,0.0,0.0,1.0,4644.0,72,1,0
AMB-T2-025,2024-06-28,0,0,0,60,0,0,0,0,0.0,0.0,1.0,4644.0,72,1,0
AMB-T2-025,2024-07-05,0,0,0,60,0,0,0,0,0.0,0.0,1.0,4193.0,101,1,0
AMB-T2-025,2024-07-12,1,0,1,4,0,0,1,0,0.0,0.0,1.0,4193.0,101,1,0
AMB-T2-025,2024-07-19,1,0,1,11,0,0,1,0,0.0,0.0,1.0,4193.0,101,1,0
AMB-T2-025,2024-07-26,1,0,1,18,0,0,1,0,0.0,0.0,1.0,4193.0,101,1,0
AMB-T2-025,2024-08-02,1,0,1,25,0,0,1,0,0.0,0.0,1.0,3582.0,86,1,0
AMB-T2-025,2024-08-09,1,1,2,5,0,1,1,0,0.0,0.0,1.0,3582.0,86,1,0
AMB-T2-025,2024-08-16,1,1,2,12,0,1,1,0,0.0,0.0,1.0,3582.0,86,1,0
AMB-T2-025,2024-08-23,1,1,2,19,0,1,1,0,0.0,0.0,1.0,3582.0,86,1,0
AMB-T2-025,2024-08-30,1,1,2,26,0,1,1,0,0.0,0.0,1.0,2068.0,46,1,0
AMB-T2-025,2024-09-06,0,2,2,3,0,1,1,0,0.0,0.0,1.0,4456.0,69,0,0
AMB-T2-025,2024-09-13,0,2,2,10,0,1,1,0,0.0,0.0,1.0,4456.0,69,0,0
AMB-T2-025,2024-09-20,0,2,2,17,0,1,1,0,0.0,0.0,1.0,4456.0,69,0,0
AMB-T2-025,2024-09-27,0,2,2,24,0,1,1,0,0.0,0.0,1.0,4456.0,69,0,0
AMB-T2-025,2024-10-04,0,1,1,31,0,0,1,0,0.0,0.0,1.0,4291.0,53,0,0
AMB-T2-025,2024-10-11,0,1,1,38,0,0,1,0,0.0,0.0,1.0,4291.0,53,0,0
AMB-T2-025,2024-10-18,0,1,1,45,0,0,1,0,0.0,0.0,1.0,4291.0,53,0,0
AMB-T2-025,2024-10-25,0,1,1,52,0,0,1,0,0.0,0.0,1.0,4291.0,53,0,0
AMB-T2-025,2024-11-01,0,1,1,59,0,0,1,0,0.0,0.0,1.0,5201.0,85,0,0
AMB-T2-025,2024-11-08,0,0,0,60,0,0,0,0,0.0,0.0,1.0,5201.0,85,1,0
AMB-T2-025,2024-11-15,0,0,0,60,0,0,0,0,0.0,0.0,1.0,5201.0,85,1,0
AMB-T2-025,2024-11-22,0,0,0,60,0,0,0,0,0.0,0.0,1.0,5201.0,85,1,0
AMB-T2-025,2024-11-29,0,0,0,60,0,0,0,0,0.0,0.0,1.0,5201.0,85,1,0
AMB-T2-025,2024-12-06,0,0,0,60,0,0,0,0,0.0,0.0,1.0,5603.0,109,1,0
AMB-T2-025,2024-12-13,0,0,0,60,0,0,0,0,0.0,0.0,1.0,5603.0,109,1,0
AMB-T2-025,2024-12-20,0,0,0,60,0,0,0,0,0.0,0.0,1.0,5603.0,109,1,0
AMB-T2-025,2024-12-27,0,1,1,0,1,0,0,0,0.0,0.0,1.0,5603.0,109,1,0
AMB-T2-025,2025-01-03,0,1,1,7,1,0,0,0,0.0,0.0,1.0,4693.0,90,1,0
AMB-T2-025,2025-01-10,0,1,1,14,1,0,0,0,0.0,0.0,1.0,4693.0,90,1,0
AMB-T2-025,2025-01-17,1,1,2,6,1,0,1,0,0.0,0.0,1.0,4693.0,90,1,0
AMB-T2-025,2025-01-24,1,1,2,13,1,0,1,0,0.0,0.0,1.0,4693.0,90,1,0
AMB-T2-025,2025-01-31,1,1,2,20,1,0,1,0,0.0,0.0,1.0,2388.0,36,1,0
AMB-T2-025,2025-02-07,1,1,2,27,1,0,1,0,0.0,0.0,1.0,4914.0,79,1,0
AMB-T2-025,2025-02-14,1,1,2,34,1,0,1,0,0.0,0.0,1.0,4914.0,79,1,0
AMB-T2-025,2025-02-21,1,1,2,41,1,0,1,0,0.0,0.0,1.0,4914.0,79,1,1
AMB-T2-025,2025-02-28,1,0,1,48,0,0,1,0,0.0,0.0,1.0,4914.0,79,1,1
AMB-T2-025,2025-03-07,1,1,2,2,1,0,1,1,2.2,2.2,0.9633,4685.0,83,1,0
AMB-T2-025,2025-03-14,0,1,1,9,1,0,0,1,2.2,2.2,0.9633,4685.0,83,1,0
AMB-T2-025,2025-03-21,0,1,1,16,1,0,0,1,2.2,2.2,0.9633,4685.0,83,1,0
AMB-T2-025,2025-03-28,0,1,1,23,1,0,0,1,2.2,2.2,0.9633,4685.0,83,1,0
AMB-T2-025,2025-04-04,0,1,1,30,1,0,0,1,2.2,2.2,0.9633,5123.0,81,1,0
AMB-T2-025,2025-04-11,0,1,1,37,1,0,0,1,2.2,2.2,0.9633,5123.0,81,1,0
AMB-T2-025,2025-04-18,0,1,1,44,1,0,0,1,2.2,2.2,0.9633,5123.0,81,1,0
AMB-T2-025,2025-04-25,0,1,1,51,1,0,0,1,2.2,2.2,0.9633,5123.0,81,1,0
AMB-T2-025,2025-05-02,0,1,1,58,1,0,0,1,2.2,2.2,0.9633,5482.0,86,1,0
AMB-T2-025,2025-05-09,0,0,0,60,0,0,0,0,0.0,0.0,1.0,5482.0,86,1,0
AMB-T2-025,2025-05-16,0,0,0,60,0,0,0,0,0.0,0.0,1.0,5482.0,86,1,0
AMB-T2-025,2025-05-23,0,0,0,60,0,0,0,0,0.0,0.0,1.0,5482.0,86,1,0
AMB-T2-025,2025-05-30,0,0,0,60,0,0,0,0,0.0,0.0,1.0,5482.0,86,1,0
AMB-T2-025,2025-06-06,0,0,0,60,0,0,0,0,0.0,0.0,1.0,5410.0,84,1,0
AMB-T2-025,2025-06-13,0,0,0,60,0,0,0,0,0.0,0.0,1.0,5410.0,84,1,0
AMB-T2-025,2025-06-20,0,0,0,60,0,0,0,0,0.0,0.0,1.0,5410.0,84,1,0
AMB-T2-025,2025-06-27,0,0,0,60,0,0,0,0,0.0,0.0,1.0,5410.0,84,1,0
AMB-T2-025,2025-07-04,0,0,0,60,0,0,0,0,0.0,0.0,1.0,5099.0,81,1,0
AMB-T2-025,2025-07-11,0,0,0,60,0,0,0,0,0.0,0.0,1.0,5099.0,81,1,0
AMB-T2-025,2025-07-18,0,0,0,60,0,0,0,0,0.0,0.0,1.0,5099.0,81,1,0
AMB-T2-025,2025-07-25,1,0,1,3,0,1,0,0,0.0,0.0,1.0,5099.0,81,1,0
AMB-T2-025,2025-08-01,1,0,1,10,0,1,0,0,0.0,0.0,1.0,3742.0,79,1,0
AMB-T2-025,2025-08-08,1,0,1,17,0,1,0,0,0.0,0.0,1.0,3742.0,79,1,0
AMB-T2-025,2025-08-15,1,0,1,24,0,1,0,0,0.0,0.0,1.0,3742.0,79,1,0
AMB-T2-025,2025-08-22,1,0,1,31,0,1,0,0,0.0,0.0,1.0,3742.0,79,1,0
AMB-T2-025,2025-08-29,1,0,1,38,0,1,0,0,0.0,0.0,1.0,3742.0,79,1,0
AMB-T2-025,2025-09-05,1,0,1,45,0,1,0,0,0.0,0.0,1.0,2544.0,56,1,0
AMB-T2-025,2025-09-12,1,0,1,52,0,1,0,0,0.0,0.0,1.0,2544.0,56,1,0
AMB-T2-025,2025-09-19,1,0,1,59,0,1,0,0,0.0,0.0,1.0,2544.0,56,1,0
AMB-T2-025,2025-09-26,0,0,0,60,0,0,0,0,0.0,0.0,1.0,2544.0,56,1,0
AMB-T2-025,2025-10-03,0,0,0,60,0,0,0,0,0.0,0.0,1.0,2405.0,71,1,0
AMB-T2-025,2025-10-10,0,0,0,60,0,0,0,0,0.0,0.0,1.0,2405.0,71,1,0
AMB-T2-025,2025-10-17,0,0,0,60,0,0,0,0,0.0,0.0,1.0,2405.0,71,1,0
AMB-T2-025,2025-10-24,0,0,0,60,0,0,0,0,0.0,0.0,1.0,2405.0,71,1,0
AMB-T2-025,2025-10-31,0,0,0,60,0,0,0,0,0.0,0.0,1.0,1396.0,52,1,0
AMB-T2-025,2025-11-07,0,0,0,60,0,0,0,0,0.0,0.0,1.0,3896.0,76,1,0
AMB-T2-025,2025-11-14,0,0,0,60,0,0,0,0,0.0,0.0,1.0,3896.0,76,1,1
AMB-T2-025,2025-11-21,0,0,0,60,0,0,0,0,0.0,0.0,1.0,3896.0,76,1,1
AMB-T2-025,2025-11-28,0,2,2,1,1,0,1,1,1.5,1.5,0.975,3896.0,76,0,0
AMB-T2-025,2025-12-05,0,2,2,8,1,0,1,1,1.5,1.5,0.975,5286.0,75,0,0
AMB-T2-025,2025-12-12,0,2,2,15,1,0,1,1,1.5,1.5,0.975,5286.0,75,0,0
AMB-T2-026,2024-03-01,1,3,4,5,3,1,0,0,0.0,0.0,1.0,7561.0,134,1,1
AMB-T2-026,2024-03-08,1,3,4,12,3,1,0,0,0.0,0.0,1.0,7561.0,134,1,1
AMB-T2-026,2024-03-15,0,3,3,19,3,0,0,1,1.0,1.0,0.9833,7561.0,134,1,1
AMB-T2-026,2024-03-22,0,3,3,26,3,0,0,2,4.5,2.25,0.925,7561.0,134,1,1
AMB-T2-026,2024-03-29,0,4,4,3,4,0,0,3,5.5,1.83,0.9083,7561.0,134,1,0
AMB-T2-026,2024-04-05,0,4,4,10,4,0,0,3,5.5,1.83,0.9083,7268.0,104,1,0
AMB-T2-026,2024-04-12,0,4,4,17,4,0,0,3,5.5,1.83,0.9083,7268.0,104,1,0
AMB-T2-026,2024-04-19,0,3,3,24,3,0,0,3,5.5,1.83,0.9083,7268.0,104,1,0
AMB-T2-026,2024-04-26,0,1,1,31,1,0,0,3,5.5,1.83,0.9083,7268.0,104,1,0
AMB-T2-026,2024-05-03,0,1,1,38,1,0,0,3,5.5,1.83,0.9083,8100.0,128,1,0
AMB-T2-026,2024-05-10,0,1,1,45,1,0,0,2,4.5,2.25,0.925,8100.0,128,1,0
AMB-T2-026,2024-05-17,0,1,1,52,1,0,0,2,4.5,2.25,0.925,8100.0,128,1,0
AMB-T2-026,2024-05-24,0,1,1,59,1,0,0,1,1.0,1.0,0.9833,8100.0,128,1,0
AMB-T2-026,2024-05-31,0,0,0,60,0,0,0,0,0.0,0.0,1.0,4402.0,86,1,0
AMB-T2-026,2024-06-07,0,0,0,60,0,0,0,0,0.0,0.0,1.0,7730.0,159,1,0
AMB-T2-026,2024-06-14,0,0,0,60,0,0,0,0,0.0,0.0,1.0,7730.0,159,1,0
AMB-T2-026,2024-06-21,0,0,0,60,0,0,0,0,0.0,0.0,1.0,7730.0,159,1,0
AMB-T2-026,2024-06-28,0,0,0,60,0,0,0,0,0.0,0.0,1.0,7730.0,159,1,0
AMB-T2-026,2024-07-05,1,0,1,6,0,0,1,0,0.0,0.0,1.0,6675.0,136,1,1
AMB-T2-026,2024-07-12,1,0,1,13,0,0,1,0,0.0,0.0,1.0,6675.0,136,1,1
AMB-T2-026,2024-07-19,1,1,2,3,0,1,1,1,6.8,6.8,0.8867,6675.0,136,1,1
AMB-T2-026,2024-07-26,1,1,2,10,0,1,1,1,6.8,6.8,0.8867,6675.0,136,1,1
AMB-T2-026,2024-08-02,1,2,3,6,0,2,1,2,10.3,5.15,0.8283,8104.0,118,1,0
AMB-T2-026,2024-08-09,1,2,3,13,0,2,1,2,10.3,5.15,0.8283,8104.0,118,1,0
AMB-T2-026,2024-08-16,1,2,3,20,0,2,1,2,10.3,5.15,0.8283,8104.0,118,1,0
AMB-T2-026,2024-08-23,1,4,5,1,1,3,1,2,10.3,5.15,0.8283,8104.0,118,1,0
AMB-T2-026,2024-08-30,0,4,4,8,1,3,0,2,10.3,5.15,0.8283,4757.0,55,1,0
AMB-T2-026,2024-09-06,0,4,4,15,1,3,0,2,10.3,5.15,0.8283,8600.0,95,1,1
AMB-T2-026,2024-09-13,0,5,5,3,1,4,0,2,10.3,5.15,0.8283,8600.0,95,1,1
AMB-T2-026,2024-09-20,0,5,5,4,2,3,0,2,6.6,3.3,0.89,8600.0,95,1,0
AMB-T2-026,2024-09-27,0,4,4,11,2,2,0,1,3.1,3.1,0.9483,8600.0,95,1,0
AMB-T2-026,2024-10-04,0,4,4,18,2,2,0,1,3.1,3.1,0.9483,7296.0,79,1,0
AMB-T2-026,2024-10-11,0,4,4,25,2,2,0,1,3.1,3.1,0.9483,7296.0,79,1,1
AMB-T2-026,2024-10-18,0,3,3,32,2,1,0,1,3.1,3.1,0.9483,7296.0,79,1,1
AMB-T2-026,2024-10-25,0,3,3,5,1,1,1,2,7.6,3.8,0.8733,7296.0,79,0,0
AMB-T2-026,2024-11-01,0,3,3,12,1,1,1,2,7.6,3.8,0.8733,7562.0,110,0,0
AMB-T2-026,2024-11-08,0,3,3,19,1,1,1,2,7.6,3.8,0.8733,7562.0,110,0,0
AMB-T2-026,2024-11-15,0,1,1,26,0,0,1,1,4.5,4.5,0.925,7562.0,110,0,0
AMB-T2-026,2024-11-22,0,1,1,33,0,0,1,1,4.5,4.5,0.925,7562.0,110,0,0
AMB-T2-026,2024-11-29,0,1,1,40,0,0,1,1,4.5,4.5,0.925,7562.0,110,0,0
AMB-T2-026,2024-12-06,0,1,1,47,0,0,1,1,4.5,4.5,0.925,7828.0,136,0,0
AMB-T2-026,2024-12-13,0,1,1,54,0,0,1,1,4.5,4.5,0.925,7828.0,136,0,1
AMB-T2-026,2024-12-20,0,0,0,60,0,0,0,0,0.0,0.0,1.0,7828.0,136,1,1
AMB-T2-026,2024-12-27,1,2,3,0,1,2,0,2,10.3,5.15,0.8283,7828.0,136,1,0
AMB-T2-026,2025-01-03,1,2,3,7,1,2,0,2,10.3,5.15,0.8283,7375.0,135,1,1
AMB-T2-026,2025-01-10,1,2,3,14,1,2,0,2,10.3,5.15,0.8283,7375.0,135,1,1
AMB-T2-026,2025-01-17,1,3,4,5,1,2,1,3,12.3,4.1,0.795,7375.0,135,0,0
AMB-T2-026,2025-01-24,1,3,4,12,1,2,1,3,12.3,4.1,0.795,7375.0,135,0,0
AMB-T2-026,2025-01-31,1,4,5,0,1,3,1,3,12.3,4.1,0.795,3656.0,70,0,0
AMB-T2-026,2025-02-07,1,4,5,7,1,3,1,3,12.3,4.1,0.795,7586.0,108,0,0
AMB-T2-026,2025-02-14,1,4,5,14,1,3,1,3,12.3,4.1,0.795,7586.0,108,0,0
AMB-T2-026,2025-02-21,1,3,4,21,1,2,1,2,7.7,3.85,0.8717,7586.0,108,0,0
AMB-T2-026,2025-02-28,0,2,2,28,0,1,1,1,2.0,2.0,0.9667,7586.0,108,0,0
AMB-T2-026,2025-03-07,0,2,2,35,0,1,1,1,2.0,2.0,0.9667,8346.0,95,0,1
AMB-T2-026,2025-03-14,0,2,2,6,1,1,0,0,0.0,0.0,1.0,8346.0,95,1,1
AMB-T2-026,2025-03-21,0,3,3,1,2,1,0,1,4.3,4.3,0.9283,8346.0,95,1,1
AMB-T2-026,2025-03-28,0,4,4,2,2,2,0,2,6.0,3.0,0.9,8346.0,95,1,0
AMB-T2-026,2025-04-04,0,3,3,9,2,1,0,2,6.0,3.0,0.9,7506.0,113,1,0
AMB-T2-026,2025-04-11,0,3,3,16,2,1,0,2,6.0,3.0,0.9,7506.0,113,1,0
AMB-T2-026,2025-04-18,0,4,4,0,2,2,0,2,6.0,3.0,0.9,7506.0,113,1,0
AMB-T2-026,2025-04-25,0,4,4,7,2,2,0,2,6.0,3.0,0.9,7506.0,113,1,1
AMB-T2-026,2025-05-02,0,4,4,14,2,2,0,2,6.0,3.0,0.9,5801.0,102,1,1
AMB-T2-026,2025-05-09,0,5,5,0,2,2,1,4,12.7,3.18,0.7883,5801.0,102,0,0
AMB-T2-026,2025-05-16,0,5,5,7,2,2,1,4,12.7,3.18,0.7883,5801.0,102,0,0
AMB-T2-026,2025-05-23,0,4,4,14,1,2,1,3,8.4,2.8,0.86,5801.0,102,0,0
AMB-T2-026,2025-05-30,0,3,3,21,1,1,1,2,6.7,3.35,0.8883,5801.0,102,0,0
AMB-T2-026,2025-06-06,0,3,3,28,1,1,1,2,6.7,3.35,0.8883,6649.0,110,0,0
AMB-T2-026,2025-06-13,0,3,3,35,1,1,1,2,6.7,3.35,0.8883,6649.0,110,0,0
AMB-T2-026,2025-06-20,0,2,2,42,1,0,1,2,6.7,3.35,0.8883,6649.0,110,0,0
AMB-T2-026,2025-06-27,0,2,2,49,1,0,1,2,6.7,3.35,0.8883,6649.0,110,0,0
AMB-T2-026,2025-07-04,0,1,1,56,1,0,0,1,3.6,3.6,0.94,7974.0,125,1,0
AMB-T2-026,2025-07-11,1,1,2,0,0,2,0,0,0.0,0.0,1.0,7974.0,125,1,0
AMB-T2-026,2025-07-18,1,1,2,7,0,2,0,0,0.0,0.0,1.0,7974.0,125,1,0
AMB-T2-026,2025-07-25,1,1,2,14,0,2,0,0,0.0,0.0,1.0,7974.0,125,1,0
AMB-T2-026,2025-08-01,1,1,2,21,0,2,0,0,0.0,0.0,1.0,7472.0,122,1,0
AMB-T2-026,2025-08-08,1,1,2,28,0,2,0,0,0.0,0.0,1.0,7472.0,122,1,0
AMB-T2-026,2025-08-15,1,1,2,35,0,2,0,0,0.0,0.0,1.0,7472.0,122,1,1
AMB-T2-026,2025-08-22,1,1,2,42,0,2,0,0,0.0,0.0,1.0,7472.0,122,1,1
AMB-T2-026,2025-08-29,1,2,3,0,0,2,1,1,3.8,3.8,0.9367,7472.0,122,0,1
AMB-T2-026,2025-09-05,0,2,2,7,0,1,1,2,6.3,3.15,0.895,7026.0,103,0,0
AMB-T2-026,2025-09-12,0,1,1,14,0,0,1,2,6.3,3.15,0.895,7026.0,103,0,1
AMB-T2-026,2025-09-19,0,1,1,21,0,0,1,2,6.3,3.15,0.895,7026.0,103,0,1
AMB-T2-026,2025-09-26,0,2,2,3,0,0,2,3,10.0,3.33,0.8333,7026.0,103,0,1
AMB-T2-026,2025-10-03,0,4,4,2,0,0,4,4,15.1,3.78,0.7483,6978.0,114,0,0
AMB-T2-026,2025-10-10,0,4,4,9,0,0,4,4,15.1,3.78,0.7483,6978.0,114,0,0
AMB-T2-026,2025-10-17,0,4,4,16,0,0,4,4,15.1,3.78,0.7483,6978.0,114,0,0
AMB-T2-026,2025-10-24,0,4,4,23,0,0,4,4,15.1,3.78,0.7483,6978.0,114,0,0
AMB-T2-026,2025-10-31,0,3,3,30,0,0,3,2,8.8,4.4,0.8533,3388.0,72,0,0
AMB-T2-026,2025-11-07,0,3,3,37,0,0,3,2,8.8,4.4,0.8533,8193.0,141,0,0
AMB-T2-026,2025-11-14,0,3,3,44,0,0,3,2,8.8,4.4,0.8533,8193.0,141,0,0
AMB-T2-026,2025-11-21,0,3,3,51,0,0,3,2,8.8,4.4,0.8533,8193.0,141,0,0
AMB-T2-026,2025-11-28,0,2,2,58,0,0,2,1,5.1,5.1,0.915,8193.0,141,0,0
AMB-T2-026,2025-12-05,0,0,0,60,0,0,0,0,0.0,0.0,1.0,9583.0,131,1,0
AMB-T2-026,2025-12-12,0,1,1,2,0,1,0,0,0.0,0.0,1.0,9583.0,131,1,1
AMB-T2-027,2024-03-01,1,0,1,51,0,1,0,0,0.0,0.0,1.0,3484.0,68,1,0
AMB-T2-027,2024-03-08,1,0,1,58,0,1,0,0,0.0,0.0,1.0,3484.0,68,1,0
AMB-T2-027,2024-03-15,0,0,0,60,0,0,0,0,0.0,0.0,1.0,3484.0,68,1,0
AMB-T2-027,2024-03-22,0,0,0,60,0,0,0,0,0.0,0.0,1.0,3484.0,68,1,0
AMB-T2-027,2024-03-29,0,0,0,60,0,0,0,0,0.0,0.0,1.0,3484.0,68,1,0
AMB-T2-027,2024-04-05,0,0,0,60,0,0,0,0,0.0,0.0,1.0,4819.0,66,1,0
AMB-T2-027,2024-04-12,0,0,0,60,0,0,0,0,0.0,0.0,1.0,4819.0,66,1,0
AMB-T2-027,2024-04-19,0,0,0,60,0,0,0,0,0.0,0.0,1.0,4819.0,66,1,0
AMB-T2-027,2024-04-26,0,0,0,60,0,0,0,0,0.0,0.0,1.0,4819.0,66,1,0
AMB-T2-027,2024-05-03,0,0,0,60,0,0,0,0,0.0,0.0,1.0,4326.0,71,1,1
AMB-T2-027,2024-05-10,0,0,0,60,0,0,0,0,0.0,0.0,1.0,4326.0,71,1,1
AMB-T2-027,2024-05-17,0,1,1,1,1,0,0,1,2.3,2.3,0.9617,4326.0,71,1,0
AMB-T2-027,2024-05-24,0,1,1,8,1,0,0,1,2.3,2.3,0.9617,4326.0,71,1,0
AMB-T2-027,2024-05-31,0,1,1,15,1,0,0,1,2.3,2.3,0.9617,1795.0,35,1,0
AMB-T2-027,2024-06-07,0,1,1,22,1,0,0,1,2.3,2.3,0.9617,4754.0,73,1,0
AMB-T2-027,2024-06-14,0,1,1,29,1,0,0,1,2.3,2.3,0.9617,4754.0,73,1,0
AMB-T2-027,2024-06-21,0,1,1,36,1,0,0,1,2.3,2.3,0.9617,4754.0,73,1,0
AMB-T2-027,2024-06-28,0,1,1,43,1,0,0,1,2.3,2.3,0.9617,4754.0,73,1,0
AMB-T2-027,2024-07-05,0,1,1,50,1,0,0,1,2.3,2.3,0.9617,5571.0,70,1,0
AMB-T2-027,2024-07-12,0,1,1,57,1,0,0,1,2.3,2.3,0.9617,5571.0,70,1,0
AMB-T2-027,2024-07-19,1,0,1,3,0,1,0,0,0.0,0.0,1.0,5571.0,70,1,1
AMB-T2-027,2024-07-26,1,0,1,10,0,1,0,0,0.0,0.0,1.0,5571.0,70,1,1
AMB-T2-027,2024-08-02,1,1,2,0,1,1,0,1,3.9,3.9,0.935,5119.0,53,1,0
AMB-T2-027,2024-08-09,1,1,2,7,1,1,0,1,3.9,3.9,0.935,5119.0,53,1,0
AMB-T2-027,2024-08-16,1,1,2,14,1,1,0,1,3.9,3.9,0.935,5119.0,53,1,0
AMB-T2-027,2024-08-23,1,1,2,21,1,1,0,1,3.9,3.9,0.935,5119.0,53,1,1
AMB-T2-027,2024-08-30,1,1,2,28,1,1,0,1,3.9,3.9,0.935,2507.0,21,1,1
AMB-T2-027,2024-09-06,1,2,3,4,1,2,0,2,5.9,2.95,0.9017,4443.0,55,1,0
AMB-T2-027,2024-09-13,1,2,3,11,1,2,0,2,5.9,2.95,0.9017,4443.0,55,1,0
AMB-T2-027,2024-09-20,0,2,2,18,1,1,0,2,5.9,2.95,0.9017,4443.0,55,1,0
AMB-T2-027,2024-09-27,0,2,2,25,1,1,0,2,5.9,2.95,0.9017,4443.0,55,1,0
AMB-T2-027,2024-10-04,0,1,1,32,0,1,0,1,2.0,2.0,0.9667,3406.0,59,1,0
AMB-T2-027,2024-10-11,0,1,1,39,0,1,0,1,2.0,2.0,0.9667,3406.0,59,1,0
AMB-T2-027,2024-10-18,0,1,1,46,0,1,0,1,2.0,2.0,0.9667,3406.0,59,1,0
AMB-T2-027,2024-10-25,0,1,1,53,0,1,0,1,2.0,2.0,0.9667,3406.0,59,1,0
AMB-T2-027,2024-11-01,0,0,0,60,0,0,0,0,0.0,0.0,1.0,3894.0,62,1,0
AMB-T2-027,2024-11-08,0,0,0,60,0,0,0,0,0.0,0.0,1.0,3894.0,62,1,0
AMB-T2-027,2024-11-15,0,0,0,60,0,0,0,0,0.0,0.0,1.0,3894.0,62,1,0
AMB-T2-027,2024-11-22,0,0,0,60,0,0,0,0,0.0,0.0,1.0,3894.0,62,1,0
AMB-T2-027,2024-11-29,0,0,0,60,0,0,0,0,0.0,0.0,1.0,3894.0,62,1,0
AMB-T2-027,2024-12-06,0,1,1,2,0,0,1,0,0.0,0.0,1.0,5144.0,65,0,0
AMB-T2-027,2024-12-13,0,1,1,9,0,0,1,0,0.0,0.0,1.0,5144.0,65,0,0
AMB-T2-027,2024-12-20,0,1,1,16,0,0,1,0,0.0,0.0,1.0,5144.0,65,0,0
AMB-T2-027,2024-12-27,0,1,1,23,0,0,1,0,0.0,0.0,1.0,5144.0,65,0,1
AMB-T2-027,2025-01-03,1,1,2,4,1,0,1,0,0.0,0.0,1.0,4991.0,55,0,1
AMB-T2-027,2025-01-10,1,2,3,5,1,1,1,1,9.3,9.3,0.845,4991.0,55,0,1
AMB-T2-027,2025-01-17,1,3,4,3,1,2,1,2,11.0,5.5,0.8167,4991.0,55,0,0
AMB-T2-027,2025-01-24,1,3,4,10,1,2,1,2,11.0,5.5,0.8167,4991.0,55,0,0
AMB-T2-027,2025-01-31,1,3,4,17,1,2,1,2,11.0,5.5,0.8167,2271.0,27,0,0
AMB-T2-027,2025-02-07,1,2,3,24,1,2,0,2,11.0,5.5,0.8167,4931.0,77,1,0
AMB-T2-027,2025-02-14,1,2,3,31,1,2,0,2,11.0,5.5,0.8167,4931.0,77,1,1
AMB-T2-027,2025-02-21,1,2,3,38,1,2,0,2,11.0,5.5,0.8167,4931.0,77,1,1
AMB-T2-027,2025-02-28,0,4,4,0,0,2,2,3,13.1,4.37,0.7817,4931.0,77,0,1
AMB-T2-027,2025-03-07,0,4,4,0,1,1,2,3,9.1,3.03,0.8483,5186.0,98,0,1
AMB-T2-027,2025-03-14,0,4,4,7,1,1,2,3,9.1,3.03,0.8483,5186.0,98,0,1
AMB-T2-027,2025-03-21,0,5,5,2,3,0,2,3,10.0,3.33,0.8333,5186.0,98,0,1
AMB-T2-027,2025-03-28,0,6,6,2,3,0,3,4,15.3,3.82,0.745,5186.0,98,0,0
AMB-T2-027,2025-04-04,0,6,6,9,3,0,3,4,15.3,3.82,0.745,4782.0,93,0,0
AMB-T2-027,2025-04-11,0,6,6,16,3,0,3,4,15.3,3.82,0.745,4782.0,93,0,0
AMB-T2-027,2025-04-18,0,6,6,23,3,0,3,4,15.3,3.82,0.745,4782.0,93,0,0
AMB-T2-027,2025-04-25,0,6,6,30,3,0,3,4,15.3,3.82,0.745,4782.0,93,0,0
AMB-T2-027,2025-05-02,0,5,5,5,3,0,2,3,13.2,4.4,0.78,4537.0,68,0,0
AMB-T2-027,2025-05-09,0,4,4,12,2,0,2,2,7.9,3.95,0.8683,4537.0,68,0,0
AMB-T2-027,2025-05-16,0,4,4,19,2,0,2,2,7.9,3.95,0.8683,4537.0,68,0,0
AMB-T2-027,2025-05-23,0,2,2,26,0,0,2,1,5.3,5.3,0.9117,4537.0,68,0,0
AMB-T2-027,2025-05-30,0,1,1,33,0,0,1,0,0.0,0.0,1.0,4537.0,68,0,0
AMB-T2-027,2025-06-06,0,1,1,40,0,0,1,0,0.0,0.0,1.0,4665.0,46,0,0
AMB-T2-027,2025-06-13,0,1,1,47,0,0,1,0,0.0,0.0,1.0,4665.0,46,0,0
AMB-T2-027,2025-06-20,0,1,1,54,0,0,1,0,0.0,0.0,1.0,4665.0,46,0,0
AMB-T2-027,2025-06-27,0,0,0,60,0,0,0,0,0.0,0.0,1.0,4665.0,46,1,0
AMB-T2-027,2025-07-04,0,0,0,60,0,0,0,0,0.0,0.0,1.0,6024.0,54,1,0
AMB-T2-027,2025-07-11,1,0,1,2,0,1,0,0,0.0,0.0,1.0,6024.0,54,1,0
AMB-T2-027,2025-07-18,1,0,1,9,0,1,0,0,0.0,0.0,1.0,6024.0,54,1,0
AMB-T2-027,2025-07-25,1,0,1,16,0,1,0,0,0.0,0.0,1.0,6024.0,54,1,1
AMB-T2-027,2025-08-01,1,0,1,23,0,1,0,0,0.0,0.0,1.0,6263.0,66,1,1
AMB-T2-027,2025-08-08,1,0,1,30,0,1,0,1,7.6,7.6,0.8733,6263.0,66,1,0
AMB-T2-027,2025-08-15,1,0,1,37,0,1,0,1,7.6,7.6,0.8733,6263.0,66,1,0
AMB-T2-027,2025-08-22,1,1,2,0,0,1,1,1,7.6,7.6,0.8733,6263.0,66,0,1
AMB-T2-027,2025-08-29,1,1,2,7,0,1,1,1,7.6,7.6,0.8733,6263.0,66,0,1
AMB-T2-027,2025-09-05,1,2,3,0,0,1,2,2,11.4,5.7,0.81,4119.0,48,0,0
AMB-T2-027,2025-09-12,0,3,3,1,0,0,3,2,11.4,5.7,0.81,4119.0,48,0,0
AMB-T2-027,2025-09-19,0,3,3,8,0,0,3,2,11.4,5.7,0.81,4119.0,48,0,0
AMB-T2-027,2025-09-26,0,3,3,15,0,0,3,2,11.4,5.7,0.81,4119.0,48,0,0
AMB-T2-027,2025-10-03,0,3,3,22,0,0,3,2,11.4,5.7,0.81,4182.0,67,0,0
AMB-T2-027,2025-10-10,0,3,3,29,0,0,3,1,3.8,3.8,0.9367,4182.0,67,0,0
AMB-T2-027,2025-10-17,0,3,3,36,0,0,3,1,3.8,3.8,0.9367,4182.0,67,0,0
AMB-T2-027,2025-10-24,0,2,2,43,0,0,2,1,3.8,3.8,0.9367,4182.0,67,0,0
AMB-T2-027,2025-10-31,0,2,2,50,0,0,2,1,3.8,3.8,0.9367,2686.0,54,0,0
AMB-T2-027,2025-11-07,0,1,1,57,0,0,1,0,0.0,0.0,1.0,4481.0,70,0,0
AMB-T2-027,2025-11-14,0,0,0,60,0,0,0,0,0.0,0.0,1.0,4481.0,70,1,0
AMB-T2-027,2025-11-21,0,0,0,60,0,0,0,0,0.0,0.0,1.0,4481.0,70,1,1
AMB-T2-027,2025-11-28,0,0,0,60,0,0,0,0,0.0,0.0,1.0,4481.0,70,1,1
AMB-T2-027,2025-12-05,0,1,1,4,1,0,0,1,2.7,2.7,0.955,3836.0,40,1,0
AMB-T2-027,2025-12-12,0,1,1,11,1,0,0,1,2.7,2.7,0.955,3836.0,40,1,0
AMB-T2-028,2024-03-01,1,0,1,55,0,1,0,0,0.0,0.0,1.0,4304.0,61,1,0
AMB-T2-028,2024-03-08,0,0,0,60,0,0,0,0,0.0,0.0,1.0,4304.0,61,1,0
AMB-T2-028,2024-03-15,0,0,0,60,0,0,0,0,0.0,0.0,1.0,4304.0,61,1,0
AMB-T2-028,2024-03-22,0,0,0,60,0,0,0,0,0.0,0.0,1.0,4304.0,61,1,0
AMB-T2-028,2024-03-29,0,0,0,60,0,0,0,0,0.0,0.0,1.0,4304.0,61,1,0
AMB-T2-028,2024-04-05,0,0,0,60,0,0,0,0,0.0,0.0,1.0,4132.0,72,1,0
AMB-T2-028,2024-04-12,0,0,0,60,0,0,0,0,0.0,0.0,1.0,4132.0,72,1,0
AMB-T2-028,2024-04-19,0,0,0,60,0,0,0,0,0.0,0.0,1.0,4132.0,72,1,0
AMB-T2-028,2024-04-26,0,0,0,60,0,0,0,0,0.0,0.0,1.0,4132.0,72,1,0
AMB-T2-028,2024-05-03,0,0,0,60,0,0,0,0,0.0,0.0,1.0,4091.0,70,1,0
AMB-T2-028,2024-05-10,0,0,0,60,0,0,0,0,0.0,0.0,1.0,4091.0,70,1,0
AMB-T2-028,2024-05-17,0,0,0,60,0,0,0,0,0.0,0.0,1.0,4091.0,70,1,0
AMB-T2-028,2024-05-24,0,0,0,60,0,0,0,0,0.0,0.0,1.0,4091.0,70,1,0
AMB-T2-028,2024-05-31,0,0,0,60,0,0,0,0,0.0,0.0,1.0,2303.0,37,1,0
AMB-T2-028,2024-06-07,0,0,0,60,0,0,0,0,0.0,0.0,1.0,4318.0,86,1,0
AMB-T2-028,2024-06-14,0,0,0,60,0,0,0,0,0.0,0.0,1.0,4318.0,86,1,0
AMB-T2-028,2024-06-21,0,0,0,60,0,0,0,0,0.0,0.0,1.0,4318.0,86,1,0
AMB-T2-028,2024-06-28,0,0,0,60,0,0,0,0,0.0,0.0,1.0,4318.0,86,1,0
AMB-T2-028,2024-07-05,0,0,0,60,0,0,0,0,0.0,0.0,1.0,4355.0,75,1,0
AMB-T2-028,2024-07-12,0,0,0,60,0,0,0,0,0.0,0.0,1.0,4355.0,75,1,0
AMB-T2-028,2024-07-19,1,0,1,5,1,0,0,0,0.0,0.0,1.0,4355.0,75,1,0
AMB-T2-028,2024-07-26,1,0,1,12,1,0,0,0,0.0,0.0,1.0,4355.0,75,1,0
AMB-T2-028,2024-08-02,1,0,1,19,1,0,0,0,0.0,0.0,1.0,4064.0,51,1,0
AMB-T2-028,2024-08-09,1,0,1,26,1,0,0,0,0.0,0.0,1.0,4064.0,51,1,0
AMB-T2-028,2024-08-16,1,0,1,33,1,0,0,0,0.0,0.0,1.0,4064.0,51,1,0
AMB-T2-028,2024-08-23,1,0,1,40,1,0,0,0,0.0,0.0,1.0,4064.0,51,1,0
AMB-T2-028,2024-08-30,1,0,1,47,1,0,0,0,0.0,0.0,1.0,1724.0,25,1,0
AMB-T2-028,2024-09-06,1,0,1,54,1,0,0,0,0.0,0.0,1.0,4094.0,49,1,1
AMB-T2-028,2024-09-13,0,0,0,60,0,0,0,0,0.0,0.0,1.0,4094.0,49,1,1
AMB-T2-028,2024-09-20,0,1,1,5,1,0,0,1,1.9,1.9,0.9683,4094.0,49,1,1
AMB-T2-028,2024-09-27,0,1,1,12,1,0,0,1,1.9,1.9,0.9683,4094.0,49,1,1
AMB-T2-028,2024-10-04,0,2,2,3,1,1,0,2,4.6,2.3,0.9233,4106.0,68,1,1
AMB-T2-028,2024-10-11,0,3,3,5,1,1,1,3,7.8,2.6,0.87,4106.0,68,0,0
AMB-T2-028,2024-10-18,0,3,3,12,1,1,1,3,7.8,2.6,0.87,4106.0,68,0,1
AMB-T2-028,2024-10-25,0,3,3,19,1,1,1,3,7.8,2.6,0.87,4106.0,68,0,1
AMB-T2-028,2024-11-01,0,4,4,0,1,1,2,4,9.6,2.4,0.84,3842.0,90,0,0
AMB-T2-028,2024-11-08,0,4,4,7,1,1,2,4,9.6,2.4,0.84,3842.0,90,0,0
AMB-T2-028,2024-11-15,0,3,3,14,0,1,2,3,7.7,2.57,0.8717,3842.0,90,0,0
AMB-T2-028,2024-11-22,0,3,3,21,0,1,2,3,7.7,2.57,0.8717,3842.0,90,0,0
AMB-T2-028,2024-11-29,0,3,3,28,0,1,2,3,7.7,2.57,0.8717,3842.0,90,0,0
AMB-T2-028,2024-12-06,0,1,1,35,0,0,1,1,1.8,1.8,0.97,4575.0,63,0,0
AMB-T2-028,2024-12-13,0,1,1,42,0,0,1,1,1.8,1.8,0.97,4575.0,63,0,0
AMB-T2-028,2024-12-20,0,1,1,49,0,0,1,1,1.8,1.8,0.97,4575.0,63,0,0
AMB-T2-028,2024-12-27,0,1,1,56,0,0,1,1,1.8,1.8,0.97,4575.0,63,0,0
AMB-T2-028,2025-01-03,1,0,1,2,0,0,1,0,0.0,0.0,1.0,4398.0,60,1,0
AMB-T2-028,2025-01-10,1,0,1,9,0,0,1,0,0.0,0.0,1.0,4398.0,60,1,0
AMB-T2-028,2025-01-17,1,1,2,3,1,0,1,0,0.0,0.0,1.0,4398.0,60,1,0
AMB-T2-028,2025-01-24,1,1,2,10,1,0,1,0,0.0,0.0,1.0,4398.0,60,1,0
AMB-T2-028,2025-01-31,1,1,2,17,1,0,1,0,0.0,0.0,1.0,1929.0,43,1,0
AMB-T2-028,2025-02-07,1,1,2,24,1,0,1,0,0.0,0.0,1.0,3186.0,80,1,0
AMB-T2-028,2025-02-14,1,1,2,31,1,0,1,0,0.0,0.0,1.0,3186.0,80,1,0
AMB-T2-028,2025-02-21,1,1,2,38,1,0,1,0,0.0,0.0,1.0,3186.0,80,1,0
AMB-T2-028,2025-02-28,1,1,2,45,1,0,1,0,0.0,0.0,1.0,3186.0,80,1,0
AMB-T2-028,2025-03-07,0,1,1,52,1,0,0,0,0.0,0.0,1.0,3224.0,47,1,0
AMB-T2-028,2025-03-14,0,1,1,59,1,0,0,0,0.0,0.0,1.0,3224.0,47,1,0
AMB-T2-028,2025-03-21,0,0,0,60,0,0,0,0,0.0,0.0,1.0,3224.0,47,1,1
AMB-T2-028,2025-03-28,0,1,1,0,1,0,0,0,0.0,0.0,1.0,3224.0,47,1,1
AMB-T2-028,2025-04-04,0,2,2,2,2,0,0,1,3.3,3.3,0.945,4029.0,31,1,0
AMB-T2-028,2025-04-11,0,2,2,9,2,0,0,1,3.3,3.3,0.945,4029.0,31,1,0
AMB-T2-028,2025-04-18,0,2,2,16,2,0,0,1,3.3,3.3,0.945,4029.0,31,1,0
AMB-T2-028,2025-04-25,0,2,2,23,2,0,0,1,3.3,3.3,0.945,4029.0,31,1,0
AMB-T2-028,2025-05-02,0,2,2,30,2,0,0,1,3.3,3.3,0.945,3352.0,53,1,0
AMB-T2-028,2025-05-09,0,3,3,3,2,1,0,1,3.3,3.3,0.945,3352.0,53,1,0
AMB-T2-028,2025-05-16,0,3,3,10,2,1,0,1,3.3,3.3,0.945,3352.0,53,1,0
AMB-T2-028,2025-05-23,0,3,3,17,2,1,0,1,3.3,3.3,0.945,3352.0,53,1,0
AMB-T2-028,2025-05-30,0,2,2,24,1,1,0,1,3.3,3.3,0.945,3352.0,53,1,0
AMB-T2-028,2025-06-06,0,1,1,31,0,1,0,0,0.0,0.0,1.0,2122.0,55,1,0
AMB-T2-028,2025-06-13,0,2,2,5,1,1,0,0,0.0,0.0,1.0,2122.0,55,1,0
AMB-T2-028,2025-06-20,1,2,3,4,1,1,1,0,0.0,0.0,1.0,2122.0,55,1,1
AMB-T2-028,2025-06-27,1,2,3,11,1,1,1,0,0.0,0.0,1.0,2122.0,55,1,1
AMB-T2-028,2025-07-04,1,3,4,4,2,1,1,1,1.3,1.3,0.9783,4353.0,62,1,0
AMB-T2-028,2025-07-11,1,3,4,5,2,1,1,1,1.3,1.3,0.9783,4353.0,62,1,0
AMB-T2-028,2025-07-18,1,3,4,12,2,1,1,1,1.3,1.3,0.9783,4353.0,62,1,0
AMB-T2-028,2025-07-25,1,3,4,19,2,1,1,1,1.3,1.3,0.9783,4353.0,62,1,0
AMB-T2-028,2025-08-01,1,3,4,26,2,1,1,1,1.3,1.3,0.9783,4983.0,87,1,0
AMB-T2-028,2025-08-08,1,2,3,33,1,1,1,1,1.3,1.3,0.9783,4983.0,87,1,0
AMB-T2-028,2025-08-15,0,2,2,40,1,1,0,1,1.3,1.3,0.9783,4983.0,87,1,0
AMB-T2-028,2025-08-22,0,2,2,47,1,1,0,1,1.3,1.3,0.9783,4983.0,87,1,0
AMB-T2-028,2025-08-29,0,1,1,54,0,1,0,0,0.0,0.0,1.0,4983.0,87,1,0
AMB-T2-028,2025-09-05,0,0,0,60,0,0,0,0,0.0,0.0,1.0,2857.0,73,1,0
AMB-T2-028,2025-09-12,0,1,1,1,0,0,1,0,0.0,0.0,1.0,2857.0,73,0,0
AMB-T2-028,2025-09-19,0,1,1,8,0,0,1,0,0.0,0.0,1.0,2857.0,73,0,0
AMB-T2-028,2025-09-26,0,1,1,15,0,0,1,0,0.0,0.0,1.0,2857.0,73,0,0
AMB-T2-028,2025-10-03,0,1,1,22,0,0,1,0,0.0,0.0,1.0,2696.0,60,0,0
AMB-T2-028,2025-10-10,0,1,1,29,0,0,1,0,0.0,0.0,1.0,2696.0,60,0,0
AMB-T2-028,2025-10-17,0,1,1,36,0,0,1,0,0.0,0.0,1.0,2696.0,60,0,0
AMB-T2-028,2025-10-24,0,1,1,43,0,0,1,0,0.0,0.0,1.0,2696.0,60,0,0
AMB-T2-028,2025-10-31,0,1,1,50,0,0,1,0,0.0,0.0,1.0,1301.0,35,0,0
AMB-T2-028,2025-11-07,0,1,1,57,0,0,1,0,0.0,0.0,1.0,4113.0,55,0,1
AMB-T2-028,2025-11-14,0,1,1,2,0,0,1,0,0.0,0.0,1.0,4113.0,55,0,1
AMB-T2-028,2025-11-21,0,2,2,3,0,0,2,1,5.0,5.0,0.9167,4113.0,55,0,0
AMB-T2-028,2025-11-28,0,2,2,10,0,0,2,1,5.0,5.0,0.9167,4113.0,55,0,0
AMB-T2-028,2025-12-05,0,2,2,17,0,0,2,1,5.0,5.0,0.9167,3566.0,65,0,0
AMB-T2-028,2025-12-12,0,2,2,24,0,0,2,1,5.0,5.0,0.9167,3566.0,65,0,0
AMB-T2-029,2024-03-01,1,1,2,13,0,1,1,1,5.4,5.4,0.91,4503.0,61,0,0
AMB-T2-029,2024-03-08,1,1,2,20,0,1,1,1,5.4,5.4,0.91,4503.0,61,0,0
AMB-T2-029,2024-03-15,0,1,1,27,0,0,1,1,5.4,5.4,0.91,4503.0,61,0,0
AMB-T2-029,2024-03-22,0,1,1,34,0,0,1,1,5.4,5.4,0.91,4503.0,61,0,0
AMB-T2-029,2024-03-29,0,1,1,41,0,0,1,1,5.4,5.4,0.91,4503.0,61,0,0
AMB-T2-029,2024-04-05,0,1,1,48,0,0,1,1,5.4,5.4,0.91,4822.0,60,0,0
AMB-T2-029,2024-04-12,0,1,1,55,0,0,1,1,5.4,5.4,0.91,4822.0,60,0,0
AMB-T2-029,2024-04-19,0,0,0,60,0,0,0,0,0.0,0.0,1.0,4822.0,60,1,0
AMB-T2-029,2024-04-26,0,0,0,60,0,0,0,0,0.0,0.0,1.0,4822.0,60,1,1
AMB-T2-029,2024-05-03,0,0,0,60,0,0,0,0,0.0,0.0,1.0,5447.0,69,1,1
AMB-T2-029,2024-05-10,0,0,0,60,0,0,0,1,1.0,1.0,0.9833,5447.0,69,1,0
AMB-T2-029,2024-05-17,0,0,0,60,0,0,0,1,1.0,1.0,0.9833,5447.0,69,1,0
AMB-T2-029,2024-05-24,0,0,0,60,0,0,0,1,1.0,1.0,0.9833,5447.0,69,1,0
AMB-T2-029,2024-05-31,0,0,0,60,0,0,0,1,1.0,1.0,0.9833,2502.0,30,1,0
AMB-T2-029,2024-06-07,0,0,0,60,0,0,0,1,1.0,1.0,0.9833,4370.0,40,1,0
AMB-T2-029,2024-06-14,0,0,0,60,0,0,0,1,1.0,1.0,0.9833,4370.0,40,1,0
AMB-T2-029,2024-06-21,0,0,0,60,0,0,0,1,1.0,1.0,0.9833,4370.0,40,1,0
AMB-T2-029,2024-06-28,0,0,0,60,0,0,0,1,1.0,1.0,0.9833,4370.0,40,1,0
AMB-T2-029,2024-07-05,0,0,0,60,0,0,0,0,0.0,0.0,1.0,4081.0,65,1,0
AMB-T2-029,2024-07-12,0,0,0,60,0,0,0,0,0.0,0.0,1.0,4081.0,65,1,0
AMB-T2-029,2024-07-19,1,0,1,0,0,0,1,0,0.0,0.0,1.0,4081.0,65,1,0
AMB-T2-029,2024-07-26,1,1,2,0,0,1,1,0,0.0,0.0,1.0,4081.0,65,1,0
AMB-T2-029,2024-08-02,1,1,2,7,0,1,1,0,0.0,0.0,1.0,4028.0,74,1,0
AMB-T2-029,2024-08-09,1,1,2,14,0,1,1,0,0.0,0.0,1.0,4028.0,74,1,0
AMB-T2-029,2024-08-16,1,1,2,21,0,1,1,0,0.0,0.0,1.0,4028.0,74,1,1
AMB-T2-029,2024-08-23,1,1,2,28,0,1,1,0,0.0,0.0,1.0,4028.0,74,1,1
AMB-T2-029,2024-08-30,1,2,3,5,0,1,2,1,2.1,2.1,0.965,1815.0,19,0,0
AMB-T2-029,2024-09-06,1,2,3,12,0,1,2,1,2.1,2.1,0.965,4426.0,64,0,0
AMB-T2-029,2024-09-13,1,2,3,19,0,1,2,1,2.1,2.1,0.965,4426.0,64,0,0
AMB-T2-029,2024-09-20,0,3,3,6,0,2,1,1,2.1,2.1,0.965,4426.0,64,0,0
AMB-T2-029,2024-09-27,0,2,2,13,0,1,1,1,2.1,2.1,0.965,4426.0,64,0,0
AMB-T2-029,2024-10-04,0,2,2,20,0,1,1,1,2.1,2.1,0.965,4609.0,78,0,0
AMB-T2-029,2024-10-11,0,2,2,27,0,1,1,1,2.1,2.1,0.965,4609.0,78,0,0
AMB-T2-029,2024-10-18,0,2,2,34,0,1,1,1,2.1,2.1,0.965,4609.0,78,0,0
AMB-T2-029,2024-10-25,0,1,1,41,0,1,0,0,0.0,0.0,1.0,4609.0,78,1,0
AMB-T2-029,2024-11-01,0,1,1,48,0,1,0,0,0.0,0.0,1.0,4506.0,68,1,0
AMB-T2-029,2024-11-08,0,1,1,55,0,1,0,0,0.0,0.0,1.0,4506.0,68,1,0
AMB-T2-029,2024-11-15,0,0,0,60,0,0,0,0,0.0,0.0,1.0,4506.0,68,1,0
AMB-T2-029,2024-11-22,0,0,0,60,0,0,0,0,0.0,0.0,1.0,4506.0,68,1,0
AMB-T2-029,2024-11-29,0,0,0,60,0,0,0,0,0.0,0.0,1.0,4506.0,68,1,0
AMB-T2-029,2024-12-06,0,0,0,60,0,0,0,0,0.0,0.0,1.0,5458.0,102,1,0
AMB-T2-029,2024-12-13,0,0,0,60,0,0,0,0,0.0,0.0,1.0,5458.0,102,1,0
AMB-T2-029,2024-12-20,0,0,0,60,0,0,0,0,0.0,0.0,1.0,5458.0,102,1,0
AMB-T2-029,2024-12-27,0,0,0,60,0,0,0,0,0.0,0.0,1.0,5458.0,102,1,0
AMB-T2-029,2025-01-03,0,0,0,60,0,0,0,0,0.0,0.0,1.0,4274.0,119,1,1
AMB-T2-029,2025-01-10,0,0,0,60,0,0,0,0,0.0,0.0,1.0,4274.0,119,1,1
AMB-T2-029,2025-01-17,1,1,2,1,0,1,1,1,2.0,2.0,0.9667,4274.0,119,1,0
AMB-T2-029,2025-01-24,1,1,2,8,0,1,1,1,2.0,2.0,0.9667,4274.0,119,1,0
AMB-T2-029,2025-01-31,1,1,2,15,0,1,1,1,2.0,2.0,0.9667,1324.0,52,1,0
AMB-T2-029,2025-02-07,1,1,2,22,0,1,1,1,2.0,2.0,0.9667,3737.0,106,1,0
AMB-T2-029,2025-02-14,1,1,2,29,0,1,1,1,2.0,2.0,0.9667,3737.0,106,1,1
AMB-T2-029,2025-02-21,1,2,3,0,1,1,1,1,2.0,2.0,0.9667,3737.0,106,1,1
AMB-T2-029,2025-02-28,1,3,4,3,2,1,1,2,5.9,2.95,0.9017,3737.0,106,1,0
AMB-T2-029,2025-03-07,1,3,4,10,2,1,1,2,5.9,2.95,0.9017,5197.0,92,1,0
AMB-T2-029,2025-03-14,1,2,3,17,2,0,1,1,3.9,3.9,0.935,5197.0,92,1,0
AMB-T2-029,2025-03-21,0,2,2,24,2,0,0,1,3.9,3.9,0.935,5197.0,92,1,0
AMB-T2-029,2025-03-28,0,2,2,31,2,0,0,1,3.9,3.9,0.935,5197.0,92,1,0
AMB-T2-029,2025-04-04,0,2,2,38,2,0,0,1,3.9,3.9,0.935,5589.0,71,1,0
AMB-T2-029,2025-04-11,0,2,2,45,2,0,0,1,3.9,3.9,0.935,5589.0,71,1,0
AMB-T2-029,2025-04-18,0,2,2,52,2,0,0,1,3.9,3.9,0.935,5589.0,71,1,0
AMB-T2-029,2025-04-25,0,1,1,59,1,0,0,1,3.9,3.9,0.935,5589.0,71,1,1
AMB-T2-029,2025-05-02,0,0,0,60,0,0,0,0,0.0,0.0,1.0,4690.0,80,1,1
AMB-T2-029,2025-05-09,0,1,1,3,0,1,0,1,6.0,6.0,0.9,4690.0,80,1,0
AMB-T2-029,2025-05-16,0,1,1,10,0,1,0,1,6.0,6.0,0.9,4690.0,80,1,0
AMB-T2-029,2025-05-23,0,1,1,17,0,1,0,1,6.0,6.0,0.9,4690.0,80,1,0
AMB-T2-029,2025-05-30,0,1,1,24,0,1,0,1,6.0,6.0,0.9,4690.0,80,1,0
AMB-T2-029,2025-06-06,0,2,2,3,1,1,0,1,6.0,6.0,0.9,3728.0,92,1,0
AMB-T2-029,2025-06-13,0,2,2,10,1,1,0,1,6.0,6.0,0.9,3728.0,92,1,0
AMB-T2-029,2025-06-20,0,2,2,17,1,1,0,1,6.0,6.0,0.9,3728.0,92,1,0
AMB-T2-029,2025-06-27,0,2,2,24,1,1,0,1,6.0,6.0,0.9,3728.0,92,1,0
AMB-T2-029,2025-07-04,0,2,2,31,1,1,0,1,6.0,6.0,0.9,4211.0,55,1,0
AMB-T2-029,2025-07-11,1,1,2,6,1,0,1,0,0.0,0.0,1.0,4211.0,55,1,0
AMB-T2-029,2025-07-18,1,1,2,13,1,0,1,0,0.0,0.0,1.0,4211.0,55,1,0
AMB-T2-029,2025-07-25,1,1,2,20,1,0,1,0,0.0,0.0,1.0,4211.0,55,1,0
AMB-T2-029,2025-08-01,1,1,2,27,1,0,1,0,0.0,0.0,1.0,4373.0,51,1,0
AMB-T2-029,2025-08-08,1,0,1,34,0,0,1,0,0.0,0.0,1.0,4373.0,51,1,0
AMB-T2-029,2025-08-15,1,0,1,41,0,0,1,0,0.0,0.0,1.0,4373.0,51,1,0
AMB-T2-029,2025-08-22,1,0,1,48,0,0,1,0,0.0,0.0,1.0,4373.0,51,1,1
AMB-T2-029,2025-08-29,1,0,1,55,0,0,1,0,0.0,0.0,1.0,4373.0,51,1,1
AMB-T2-029,2025-09-05,0,2,2,2,0,1,1,2,7.2,3.6,0.88,4111.0,51,0,1
AMB-T2-029,2025-09-12,0,2,2,9,0,1,1,2,7.2,3.6,0.88,4111.0,51,0,1
AMB-T2-029,2025-09-19,0,2,2,16,0,1,1,3,8.2,2.73,0.8633,4111.0,51,0,0
AMB-T2-029,2025-09-26,0,2,2,23,0,1,1,3,8.2,2.73,0.8633,4111.0,51,0,0
AMB-T2-029,2025-10-03,0,2,2,30,0,1,1,3,8.2,2.73,0.8633,5248.0,49,0,0
AMB-T2-029,2025-10-10,0,2,2,37,0,1,1,3,8.2,2.73,0.8633,5248.0,49,0,0
AMB-T2-029,2025-10-17,0,2,2,44,0,1,1,3,8.2,2.73,0.8633,5248.0,49,0,0
AMB-T2-029,2025-10-24,0,2,2,51,0,1,1,3,8.2,2.73,0.8633,5248.0,49,0,0
AMB-T2-029,2025-10-31,0,1,1,58,0,1,0,2,1.7,0.85,0.9717,3142.0,39,1,0
AMB-T2-029,2025-11-07,0,0,0,60,0,0,0,1,1.0,1.0,0.9833,5758.0,71,1,0
AMB-T2-029,2025-11-14,0,0,0,60,0,0,0,1,1.0,1.0,0.9833,5758.0,71,1,0
AMB-T2-029,2025-11-21,0,0,0,60,0,0,0,0,0.0,0.0,1.0,5758.0,71,1,0
AMB-T2-029,2025-11-28,0,1,1,3,1,0,0,0,0.0,0.0,1.0,5758.0,71,1,0
AMB-T2-029,2025-12-05,0,1,1,10,1,0,0,0,0.0,0.0,1.0,5284.0,91,1,1
AMB-T2-029,2025-12-12,0,1,1,17,1,0,0,0,0.0,0.0,1.0,5284.0,91,1,1
AMB-T2-030,2024-03-01,1,1,2,11,0,2,0,0,0.0,0.0,1.0,6266.0,69,1,0
AMB-T2-030,2024-03-08,0,1,1,18,0,1,0,0,0.0,0.0,1.0,6266.0,69,1,0
AMB-T2-030,2024-03-15,0,1,1,25,0,1,0,0,0.0,0.0,1.0,6266.0,69,1,0
AMB-T2-030,2024-03-22,0,1,1,32,0,1,0,0,0.0,0.0,1.0,6266.0,69,1,0
AMB-T2-030,2024-03-29,0,1,1,39,0,1,0,0,0.0,0.0,1.0,6266.0,69,1,0
AMB-T2-030,2024-04-05,0,1,1,46,0,1,0,0,0.0,0.0,1.0,6433.0,76,1,0
AMB-T2-030,2024-04-12,0,1,1,53,0,1,0,0,0.0,0.0,1.0,6433.0,76,1,0
AMB-T2-030,2024-04-19,0,0,0,60,0,0,0,0,0.0,0.0,1.0,6433.0,76,1,0
AMB-T2-030,2024-04-26,0,0,0,60,0,0,0,0,0.0,0.0,1.0,6433.0,76,1,0
AMB-T2-030,2024-05-03,0,0,0,60,0,0,0,0,0.0,0.0,1.0,4628.0,73,1,0
AMB-T2-030,2024-05-10,0,0,0,60,0,0,0,0,0.0,0.0,1.0,4628.0,73,1,0
AMB-T2-030,2024-05-17,0,0,0,60,0,0,0,0,0.0,0.0,1.0,4628.0,73,1,0
AMB-T2-030,2024-05-24,0,0,0,60,0,0,0,0,0.0,0.0,1.0,4628.0,73,1,0
AMB-T2-030,2024-05-31,0,0,0,60,0,0,0,0,0.0,0.0,1.0,1872.0,39,1,0
AMB-T2-030,2024-06-07,0,0,0,60,0,0,0,0,0.0,0.0,1.0,5171.0,73,1,0
AMB-T2-030,2024-06-14,0,0,0,60,0,0,0,0,0.0,0.0,1.0,5171.0,73,1,0
AMB-T2-030,2024-06-21,0,0,0,60,0,0,0,0,0.0,0.0,1.0,5171.0,73,1,0
AMB-T2-030,2024-06-28,1,0,1,6,1,0,0,0,0.0,0.0,1.0,5171.0,73,1,0
AMB-T2-030,2024-07-05,1,0,1,13,1,0,0,0,0.0,0.0,1.0,5633.0,89,1,0
AMB-T2-030,2024-07-12,1,0,1,20,1,0,0,0,0.0,0.0,1.0,5633.0,89,1,0
AMB-T2-030,2024-07-19,1,0,1,27,1,0,0,0,0.0,0.0,1.0,5633.0,89,1,0
AMB-T2-030,2024-07-26,1,0,1,34,1,0,0,0,0.0,0.0,1.0,5633.0,89,1,0
AMB-T2-030,2024-08-02,1,0,1,41,1,0,0,0,0.0,0.0,1.0,4504.0,98,1,0
AMB-T2-030,2024-08-09,1,0,1,48,1,0,0,0,0.0,0.0,1.0,4504.0,98,1,0
AMB-T2-030,2024-08-16,1,0,1,55,1,0,0,0,0.0,0.0,1.0,4504.0,98,1,1
AMB-T2-030,2024-08-23,0,0,0,60,0,0,0,0,0.0,0.0,1.0,4504.0,98,1,1
AMB-T2-030,2024-08-30,0,1,1,0,1,0,0,1,5.5,5.5,0.9083,2170.0,43,1,0
AMB-T2-030,2024-09-06,0,3,3,0,1,2,0,1,5.5,5.5,0.9083,5046.0,78,1,1
AMB-T2-030,2024-09-13,0,3,3,7,1,2,0,1,5.5,5.5,0.9083,5046.0,78,1,1
AMB-T2-030,2024-09-20,0,4,4,6,2,2,0,2,8.9,4.45,0.8517,5046.0,78,1,0
AMB-T2-030,2024-09-27,0,4,4,13,2,2,0,2,8.9,4.45,0.8517,5046.0,78,1,0
AMB-T2-030,2024-10-04,0,4,4,20,2,2,0,2,8.9,4.45,0.8517,5412.0,80,1,0
AMB-T2-030,2024-10-11,0,4,4,27,2,2,0,2,8.9,4.45,0.8517,5412.0,80,1,0
AMB-T2-030,2024-10-18,0,4,4,34,2,2,0,2,8.9,4.45,0.8517,5412.0,80,1,0
AMB-T2-030,2024-10-25,0,4,4,41,2,2,0,2,8.9,4.45,0.8517,5412.0,80,1,0
AMB-T2-030,2024-11-01,0,2,2,48,1,1,0,1,3.4,3.4,0.9433,4645.0,92,1,0
AMB-T2-030,2024-11-08,0,1,1,55,1,0,0,1,3.4,3.4,0.9433,4645.0,92,1,0
AMB-T2-030,2024-11-15,0,0,0,60,0,0,0,0,0.0,0.0,1.0,4645.0,92,1,0
AMB-T2-030,2024-11-22,0,1,1,3,0,1,0,0,0.0,0.0,1.0,4645.0,92,1,0
AMB-T2-030,2024-11-29,0,1,1,10,0,1,0,0,0.0,0.0,1.0,4645.0,92,1,0
AMB-T2-030,2024-12-06,0,2,2,1,0,1,1,0,0.0,0.0,1.0,4131.0,76,0,0
AMB-T2-030,2024-12-13,0,2,2,8,0,1,1,0,0.0,0.0,1.0,4131.0,76,0,0
AMB-T2-030,2024-12-20,1,2,3,4,0,1,2,0,0.0,0.0,1.0,4131.0,76,0,0
AMB-T2-030,2024-12-27,1,2,3,11,0,1,2,0,0.0,0.0,1.0,4131.0,76,0,0
AMB-T2-030,2025-01-03,1,2,3,18,0,1,2,0,0.0,0.0,1.0,3456.0,60,0,0
AMB-T2-030,2025-01-10,1,2,3,25,0,1,2,0,0.0,0.0,1.0,3456.0,60,0,0
AMB-T2-030,2025-01-17,1,2,3,32,0,1,2,0,0.0,0.0,1.0,3456.0,60,0,0
AMB-T2-030,2025-01-24,1,1,2,39,0,0,2,0,0.0,0.0,1.0,3456.0,60,0,0
AMB-T2-030,2025-01-31,1,1,2,46,0,0,2,0,0.0,0.0,1.0,1434.0,31,0,0
AMB-T2-030,2025-02-07,1,0,1,53,0,0,1,0,0.0,0.0,1.0,3294.0,63,1,0
AMB-T2-030,2025-02-14,0,0,0,60,0,0,0,0,0.0,0.0,1.0,3294.0,63,1,1
AMB-T2-030,2025-02-21,0,0,0,60,0,0,0,0,0.0,0.0,1.0,3294.0,63,1,1
AMB-T2-030,2025-02-28,0,2,2,2,1,0,1,1,3.4,3.4,0.9433,3294.0,63,0,0
AMB-T2-030,2025-03-07,0,2,2,9,1,0,1,1,3.4,3.4,0.9433,4577.0,49,0,0
AMB-T2-030,2025-03-14,0,2,2,16,1,0,1,1,3.4,3.4,0.9433,4577.0,49,0,0
AMB-T2-030,2025-03-21,0,2,2,23,1,0,1,1,3.4,3.4,0.9433,4577.0,49,0,0
AMB-T2-030,2025-03-28,0,2,2,30,1,0,1,1,3.4,3.4,0.9433,4577.0,49,0,0
AMB-T2-030,2025-04-04,0,2,2,37,1,0,1,1,3.4,3.4,0.9433,3882.0,45,0,0
AMB-T2-030,2025-04-11,0,2,2,44,1,0,1,1,3.4,3.4,0.9433,3882.0,45,0,0
AMB-T2-030,2025-04-18,0,2,2,51,1,0,1,1,3.4,3.4,0.9433,3882.0,45,0,0
AMB-T2-030,2025-04-25,0,2,2,58,1,0,1,1,3.4,3.4,0.9433,3882.0,45,0,0
AMB-T2-030,2025-05-02,0,0,0,60,0,0,0,0,0.0,0.0,1.0,3791.0,69,1,0
AMB-T2-030,2025-05-09,0,0,0,60,0,0,0,0,0.0,0.0,1.0,3791.0,69,1,0
AMB-T2-030,2025-05-16,0,0,0,60,0,0,0,0,0.0,0.0,1.0,3791.0,69,1,0
AMB-T2-030,2025-05-23,0,0,0,60,0,0,0,0,0.0,0.0,1.0,3791.0,69,1,0
AMB-T2-030,2025-05-30,0,0,0,60,0,0,0,0,0.0,0.0,1.0,3791.0,69,1,0
AMB-T2-030,2025-06-06,0,0,0,60,0,0,0,0,0.0,0.0,1.0,4517.0,92,1,0
AMB-T2-030,2025-06-13,0,0,0,60,0,0,0,0,0.0,0.0,1.0,4517.0,92,1,0
AMB-T2-030,2025-06-20,0,0,0,60,0,0,0,0,0.0,0.0,1.0,4517.0,92,1,0
AMB-T2-030,2025-06-27,1,0,1,1,0,0,1,0,0.0,0.0,1.0,4517.0,92,1,0
AMB-T2-030,2025-07-04,1,0,1,8,0,0,1,0,0.0,0.0,1.0,3846.0,94,1,0
AMB-T2-030,2025-07-11,1,1,2,3,0,1,1,0,0.0,0.0,1.0,3846.0,94,1,0
AMB-T2-030,2025-07-18,1,1,2,10,0,1,1,0,0.0,0.0,1.0,3846.0,94,1,0
AMB-T2-030,2025-07-25,1,1,2,17,0,1,1,0,0.0,0.0,1.0,3846.0,94,1,0
AMB-T2-030,2025-08-01,1,2,3,4,1,1,1,0,0.0,0.0,1.0,4087.0,70,1,0
AMB-T2-030,2025-08-08,1,2,3,11,1,1,1,0,0.0,0.0,1.0,4087.0,70,1,0
AMB-T2-030,2025-08-15,1,3,4,6,2,1,1,0,0.0,0.0,1.0,4087.0,70,1,0
AMB-T2-030,2025-08-22,1,3,4,13,2,1,1,0,0.0,0.0,1.0,4087.0,70,1,0
AMB-T2-030,2025-08-29,0,3,3,20,2,1,0,0,0.0,0.0,1.0,4087.0,70,1,0
AMB-T2-030,2025-09-05,0,3,3,27,2,1,0,0,0.0,0.0,1.0,4119.0,73,1,0
AMB-T2-030,2025-09-12,0,2,2,34,2,0,0,0,0.0,0.0,1.0,4119.0,73,1,0
AMB-T2-030,2025-09-19,0,2,2,41,2,0,0,0,0.0,0.0,1.0,4119.0,73,1,0
AMB-T2-030,2025-09-26,0,1,1,48,1,0,0,0,0.0,0.0,1.0,4119.0,73,1,0
AMB-T2-030,2025-10-03,0,2,2,5,2,0,0,0,0.0,0.0,1.0,4553.0,95,1,0
AMB-T2-030,2025-10-10,0,1,1,12,1,0,0,0,0.0,0.0,1.0,4553.0,95,1,0
AMB-T2-030,2025-10-17,0,1,1,19,1,0,0,0,0.0,0.0,1.0,4553.0,95,1,0
AMB-T2-030,2025-10-24,0,1,1,26,1,0,0,0,0.0,0.0,1.0,4553.0,95,1,0
AMB-T2-030,2025-10-31,0,1,1,33,1,0,0,0,0.0,0.0,1.0,2566.0,49,1,0
AMB-T2-030,2025-11-07,0,2,2,6,2,0,0,0,0.0,0.0,1.0,5132.0,67,1,0
AMB-T2-030,2025-11-14,0,2,2,13,2,0,0,0,0.0,0.0,1.0,5132.0,67,1,0
AMB-T2-030,2025-11-21,0,2,2,20,2,0,0,0,0.0,0.0,1.0,5132.0,67,1,0
AMB-T2-030,2025-11-28,0,1,1,27,1,0,0,0,0.0,0.0,1.0,5132.0,67,1,0
AMB-T2-030,2025-12-05,0,1,1,34,1,0,0,0,0.0,0.0,1.0,6184.0,60,1,0
AMB-T2-030,2025-12-12,0,1,1,41,1,0,0,0,0.0,0.0,1.0,6184.0,60,1,0
AMB-T2-031,2024-03-01,1,4,5,7,4,1,0,3,12.7,4.23,0.7883,7978.0,72,1,0
AMB-T2-031,2024-03-08,1,4,5,14,4,1,0,3,12.7,4.23,0.7883,7978.0,72,1,0
AMB-T2-031,2024-03-15,0,4,4,21,3,1,0,3,12.7,4.23,0.7883,7978.0,72,1,0
AMB-T2-031,2024-03-22,0,4,4,28,3,1,0,3,12.7,4.23,0.7883,7978.0,72,1,1
AMB-T2-031,2024-03-29,0,4,4,35,3,1,0,3,12.7,4.23,0.7883,7978.0,72,1,1
AMB-T2-031,2024-04-05,0,5,5,2,4,1,0,4,19.0,4.75,0.6833,7716.0,72,1,0
AMB-T2-031,2024-04-12,0,2,2,9,1,1,0,2,12.0,6.0,0.8,7716.0,72,1,0
AMB-T2-031,2024-04-19,0,2,2,16,1,1,0,2,12.0,6.0,0.8,7716.0,72,1,0
AMB-T2-031,2024-04-26,0,2,2,1,1,1,0,1,6.3,6.3,0.895,7716.0,72,1,0
AMB-T2-031,2024-05-03,0,2,2,8,1,1,0,1,6.3,6.3,0.895,7516.0,114,1,0
AMB-T2-031,2024-05-10,0,2,2,15,1,1,0,1,6.3,6.3,0.895,7516.0,114,1,1
AMB-T2-031,2024-05-17,0,2,2,22,1,1,0,1,6.3,6.3,0.895,7516.0,114,1,1
AMB-T2-031,2024-05-24,0,3,3,2,2,1,0,2,12.7,6.35,0.7883,7516.0,114,1,0
AMB-T2-031,2024-05-31,0,3,3,9,2,1,0,2,12.7,6.35,0.7883,3638.0,72,1,1
AMB-T2-031,2024-06-07,0,3,3,0,1,1,1,1,6.4,6.4,0.8933,7603.0,142,0,1
AMB-T2-031,2024-06-14,0,4,4,3,1,2,1,2,6.9,3.45,0.885,7603.0,142,0,0
AMB-T2-031,2024-06-21,0,4,4,10,1,2,1,2,6.9,3.45,0.885,7603.0,142,0,0
AMB-T2-031,2024-06-28,0,3,3,17,1,1,1,2,6.9,3.45,0.885,7603.0,142,0,0
AMB-T2-031,2024-07-05,1,3,4,0,1,1,2,2,6.9,3.45,0.885,8109.0,119,0,0
AMB-T2-031,2024-07-12,1,3,4,7,1,1,2,2,6.9,3.45,0.885,8109.0,119,0,1
AMB-T2-031,2024-07-19,1,3,4,14,1,1,2,2,6.9,3.45,0.885,8109.0,119,0,1
AMB-T2-031,2024-07-26,1,3,4,3,1,1,2,2,3.5,1.75,0.9417,8109.0,119,0,0
AMB-T2-031,2024-08-02,1,3,4,10,1,1,2,2,3.5,1.75,0.9417,7975.0,84,0,0
AMB-T2-031,2024-08-09,1,2,3,17,1,1,1,2,3.5,1.75,0.9417,7975.0,84,1,1
AMB-T2-031,2024-08-16,1,1,2,24,1,0,1,1,3.0,3.0,0.95,7975.0,84,1,1
AMB-T2-031,2024-08-23,1,2,3,3,1,1,1,2,3.5,1.75,0.9417,7975.0,84,1,1
AMB-T2-031,2024-08-30,1,3,4,5,1,2,1,3,5.5,1.83,0.9083,3831.0,35,1,1
AMB-T2-031,2024-09-06,0,4,4,2,1,2,1,4,6.0,1.5,0.9,6891.0,107,0,0
AMB-T2-031,2024-09-13,0,4,4,9,1,2,1,4,6.0,1.5,0.9,6891.0,107,0,0
AMB-T2-031,2024-09-20,0,5,5,4,1,2,2,4,6.0,1.5,0.9,6891.0,107,0,1
AMB-T2-031,2024-09-27,0,4,4,11,0,2,2,3,3.0,1.0,0.95,6891.0,107,0,1
AMB-T2-031,2024-10-04,0,5,5,2,0,2,3,4,7.4,1.85,0.8767,6301.0,105,0,1
AMB-T2-031,2024-10-11,0,5,5,9,0,2,3,4,7.4,1.85,0.8767,6301.0,105,0,1
AMB-T2-031,2024-10-18,0,7,7,2,0,3,4,6,13.9,2.32,0.7683,6301.0,105,0,1
AMB-T2-031,2024-10-25,0,6,6,0,1,1,4,5,13.3,2.66,0.7783,6301.0,105,0,0
AMB-T2-031,2024-11-01,0,6,6,7,1,1,4,5,13.3,2.66,0.7783,7921.0,95,0,0
AMB-T2-031,2024-11-08,0,6,6,1,1,1,4,4,12.8,3.2,0.7867,7921.0,95,0,1
AMB-T2-031,2024-11-15,0,5,5,8,1,1,3,4,12.8,3.2,0.7867,7921.0,95,0,1
AMB-T2-031,2024-11-22,0,6,6,2,2,1,3,5,16.9,3.38,0.7183,7921.0,95,0,0
AMB-T2-031,2024-11-29,0,6,6,9,2,1,3,5,16.9,3.38,0.7183,7921.0,95,0,0
AMB-T2-031,2024-12-06,0,5,5,16,2,1,2,4,12.5,3.12,0.7917,8610.0,106,0,0
AMB-T2-031,2024-12-13,0,4,4,23,2,0,2,3,8.6,2.87,0.8567,8610.0,106,0,0
AMB-T2-031,2024-12-20,0,3,3,30,2,0,1,2,6.0,3.0,0.9,8610.0,106,0,0
AMB-T2-031,2024-12-27,0,2,2,37,1,0,1,1,4.1,4.1,0.9317,8610.0,106,0,0
AMB-T2-031,2025-01-03,1,2,3,3,1,0,2,1,4.1,4.1,0.9317,7572.0,102,0,0
AMB-T2-031,2025-01-10,1,1,2,10,1,0,1,1,4.1,4.1,0.9317,7572.0,102,1,0
AMB-T2-031,2025-01-17,1,1,2,17,1,0,1,1,4.1,4.1,0.9317,7572.0,102,1,1
AMB-T2-031,2025-01-24,1,0,1,24,0,0,1,0,0.0,0.0,1.0,7572.0,102,1,1
AMB-T2-031,2025-01-31,1,2,3,4,0,0,3,2,2.8,1.4,0.9533,3642.0,58,0,0
AMB-T2-031,2025-02-07,1,2,3,11,0,0,3,2,2.8,1.4,0.9533,6621.0,111,0,0
AMB-T2-031,2025-02-14,1,2,3,18,0,0,3,2,2.8,1.4,0.9533,6621.0,111,0,0
AMB-T2-031,2025-02-21,1,2,3,25,0,0,3,2,2.8,1.4,0.9533,6621.0,111,0,0
AMB-T2-031,2025-02-28,1,3,4,0,0,1,3,2,2.8,1.4,0.9533,6621.0,111,0,0
AMB-T2-031,2025-03-07,0,3,3,7,0,1,2,2,2.8,1.4,0.9533,5550.0,104,0,0
AMB-T2-031,2025-03-14,0,3,3,14,0,1,2,2,2.8,1.4,0.9533,5550.0,104,0,0
AMB-T2-031,2025-03-21,0,3,3,21,0,1,2,2,2.8,1.4,0.9533,5550.0,104,0,0
AMB-T2-031,2025-03-28,0,1,1,28,0,1,0,0,0.0,0.0,1.0,5550.0,104,1,0
AMB-T2-031,2025-04-04,0,1,1,35,0,1,0,0,0.0,0.0,1.0,6627.0,97,1,0
AMB-T2-031,2025-04-11,0,1,1,42,0,1,0,0,0.0,0.0,1.0,6627.0,97,1,0
AMB-T2-031,2025-04-18,0,1,1,49,0,1,0,0,0.0,0.0,1.0,6627.0,97,1,0
AMB-T2-031,2025-04-25,0,1,1,56,0,1,0,0,0.0,0.0,1.0,6627.0,97,1,1
AMB-T2-031,2025-05-02,0,0,0,60,0,0,0,0,0.0,0.0,1.0,8672.0,84,1,1
AMB-T2-031,2025-05-09,0,0,0,60,0,0,0,1,2.2,2.2,0.9633,8672.0,84,1,0
AMB-T2-031,2025-05-16,0,0,0,60,0,0,0,1,2.2,2.2,0.9633,8672.0,84,1,0
AMB-T2-031,2025-05-23,0,0,0,60,0,0,0,1,2.2,2.2,0.9633,8672.0,84,1,0
AMB-T2-031,2025-05-30,0,0,0,60,0,0,0,1,2.2,2.2,0.9633,8672.0,84,1,1
AMB-T2-031,2025-06-06,0,0,0,60,0,0,0,1,2.2,2.2,0.9633,7932.0,85,1,1
AMB-T2-031,2025-06-13,0,1,1,1,1,0,0,2,3.3,1.65,0.945,7932.0,85,1,0
AMB-T2-031,2025-06-20,1,1,2,0,1,1,0,2,3.3,1.65,0.945,7932.0,85,1,0
AMB-T2-031,2025-06-27,1,2,3,5,1,1,1,2,3.3,1.65,0.945,7932.0,85,0,0
AMB-T2-031,2025-07-04,1,2,3,12,1,1,1,2,3.3,1.65,0.945,6680.0,119,0,0
AMB-T2-031,2025-07-11,1,2,3,19,1,1,1,1,1.1,1.1,0.9817,6680.0,119,0,0
AMB-T2-031,2025-07-18,1,2,3,26,1,1,1,1,1.1,1.1,0.9817,6680.0,119,0,0
AMB-T2-031,2025-07-25,1,2,3,33,1,1,1,1,1.1,1.1,0.9817,6680.0,119,0,0
AMB-T2-031,2025-08-01,1,2,3,40,1,1,1,1,1.1,1.1,0.9817,6245.0,122,0,0
AMB-T2-031,2025-08-08,1,2,3,47,1,1,1,1,1.1,1.1,0.9817,6245.0,122,0,0
AMB-T2-031,2025-08-15,1,1,2,54,0,1,1,0,0.0,0.0,1.0,6245.0,122,0,0
AMB-T2-031,2025-08-22,0,0,0,60,0,0,0,0,0.0,0.0,1.0,6245.0,122,1,0
AMB-T2-031,2025-08-29,0,0,0,60,0,0,0,0,0.0,0.0,1.0,6245.0,122,1,0
AMB-T2-031,2025-09-05,0,0,0,60,0,0,0,0,0.0,0.0,1.0,6745.0,106,1,0
AMB-T2-031,2025-09-12,0,0,0,60,0,0,0,0,0.0,0.0,1.0,6745.0,106,1,1
AMB-T2-031,2025-09-19,0,0,0,60,0,0,0,0,0.0,0.0,1.0,6745.0,106,1,1
AMB-T2-031,2025-09-26,0,1,1,2,0,0,1,1,3.1,3.1,0.9483,6745.0,106,0,0
AMB-T2-031,2025-10-03,0,1,1,9,0,0,1,1,3.1,3.1,0.9483,7441.0,100,0,0
AMB-T2-031,2025-10-10,0,1,1,16,0,0,1,1,3.1,3.1,0.9483,7441.0,100,0,0
AMB-T2-031,2025-10-17,0,1,1,23,0,0,1,1,3.1,3.1,0.9483,7441.0,100,0,0
AMB-T2-031,2025-10-24,0,1,1,30,0,0,1,1,3.1,3.1,0.9483,7441.0,100,0,0
AMB-T2-031,2025-10-31,0,1,1,37,0,0,1,1,3.1,3.1,0.9483,3577.0,44,0,1
AMB-T2-031,2025-11-07,0,1,1,44,0,0,1,1,3.1,3.1,0.9483,7006.0,113,0,1
AMB-T2-031,2025-11-14,0,2,2,3,1,0,1,2,5.4,2.7,0.91,7006.0,113,0,1
AMB-T2-031,2025-11-21,0,3,3,2,1,1,1,3,8.1,2.7,0.865,7006.0,113,0,1
AMB-T2-031,2025-11-28,0,3,3,2,1,1,1,3,9.5,3.17,0.8417,7006.0,113,0,1
AMB-T2-031,2025-12-05,0,5,5,3,2,2,1,5,21.3,4.26,0.645,5935.0,116,0,0
AMB-T2-031,2025-12-12,1,5,6,4,2,2,2,5,21.3,4.26,0.645,5935.0,116,0,0
AMB-T2-032,2024-03-01,1,2,3,27,1,1,1,3,9.3,3.1,0.845,6604.0,89,0,0
AMB-T2-032,2024-03-08,1,2,3,34,1,1,1,3,9.3,3.1,0.845,6604.0,89,0,0
AMB-T2-032,2024-03-15,0,1,1,41,1,0,0,1,4.2,4.2,0.93,6604.0,89,1,1
AMB-T2-032,2024-03-22,0,1,1,48,1,0,0,1,4.2,4.2,0.93,6604.0,89,1,1
AMB-T2-032,2024-03-29,0,2,2,4,2,0,0,2,8.1,4.05,0.865,6604.0,89,1,0
AMB-T2-032,2024-04-05,0,1,1,11,1,0,0,1,3.9,3.9,0.935,5691.0,88,1,0
AMB-T2-032,2024-04-12,0,1,1,18,1,0,0,1,3.9,3.9,0.935,5691.0,88,1,0
AMB-T2-032,2024-04-19,0,1,1,25,1,0,0,1,3.9,3.9,0.935,5691.0,88,1,0
AMB-T2-032,2024-04-26,0,1,1,32,1,0,0,1,3.9,3.9,0.935,5691.0,88,1,0
AMB-T2-032,2024-05-03,0,1,1,39,1,0,0,1,3.9,3.9,0.935,6841.0,91,1,1
AMB-T2-032,2024-05-10,0,1,1,46,1,0,0,1,3.9,3.9,0.935,6841.0,91,1,1
AMB-T2-032,2024-05-17,0,2,2,6,2,0,0,2,4.4,2.2,0.9267,6841.0,91,1,0
AMB-T2-032,2024-05-24,0,1,1,13,1,0,0,1,0.5,0.5,0.9917,6841.0,91,1,0
AMB-T2-032,2024-05-31,0,1,1,20,1,0,0,1,0.5,0.5,0.9917,3783.0,43,1,0
AMB-T2-032,2024-06-07,0,1,1,27,1,0,0,1,0.5,0.5,0.9917,7280.0,91,1,0
AMB-T2-032,2024-06-14,0,1,1,34,1,0,0,1,0.5,0.5,0.9917,7280.0,91,1,0
AMB-T2-032,2024-06-21,0,1,1,41,1,0,0,1,0.5,0.5,0.9917,7280.0,91,1,0
AMB-T2-032,2024-06-28,0,1,1,48,1,0,0,1,0.5,0.5,0.9917,7280.0,91,1,0
AMB-T2-032,2024-07-05,0,1,1,55,1,0,0,1,0.5,0.5,0.9917,6286.0,96,1,0
AMB-T2-032,2024-07-12,1,0,1,3,0,1,0,0,0.0,0.0,1.0,6286.0,96,1,0
AMB-T2-032,2024-07-19,1,0,1,10,0,1,0,0,0.0,0.0,1.0,6286.0,96,1,0
AMB-T2-032,2024-07-26,1,0,1,17,0,1,0,0,0.0,0.0,1.0,6286.0,96,1,0
AMB-T2-032,2024-08-02,1,0,1,24,0,1,0,0,0.0,0.0,1.0,6227.0,110,1,0
AMB-T2-032,2024-08-09,1,0,1,31,0,1,0,0,0.0,0.0,1.0,6227.0,110,1,0
AMB-T2-032,2024-08-16,1,0,1,38,0,1,0,0,0.0,0.0,1.0,6227.0,110,1,0
AMB-T2-032,2024-08-23,1,0,1,45,0,1,0,0,0.0,0.0,1.0,6227.0,110,1,0
AMB-T2-032,2024-08-30,1,0,1,52,0,1,0,0,0.0,0.0,1.0,3438.0,62,1,0
AMB-T2-032,2024-09-06,1,0,1,59,0,1,0,0,0.0,0.0,1.0,6523.0,99,1,0
AMB-T2-032,2024-09-13,0,0,0,60,0,0,0,0,0.0,0.0,1.0,6523.0,99,1,1
AMB-T2-032,2024-09-20,0,0,0,60,0,0,0,0,0.0,0.0,1.0,6523.0,99,1,1
AMB-T2-032,2024-09-27,0,2,2,2,2,0,0,1,2.8,2.8,0.9533,6523.0,99,1,0
AMB-T2-032,2024-10-04,0,2,2,9,2,0,0,1,2.8,2.8,0.9533,6921.0,78,1,1
AMB-T2-032,2024-10-11,0,2,2,16,2,0,0,1,2.8,2.8,0.9533,6921.0,78,1,1
AMB-T2-032,2024-10-18,0,3,3,2,3,0,0,2,5.6,2.8,0.9067,6921.0,78,1,0
AMB-T2-032,2024-10-25,0,3,3,9,3,0,0,2,5.6,2.8,0.9067,6921.0,78,1,0
AMB-T2-032,2024-11-01,0,3,3,16,3,0,0,2,5.6,2.8,0.9067,7229.0,92,1,0
AMB-T2-032,2024-11-08,0,3,3,23,3,0,0,2,5.6,2.8,0.9067,7229.0,92,1,0
AMB-T2-032,2024-11-15,0,3,3,30,3,0,0,2,5.6,2.8,0.9067,7229.0,92,1,0
AMB-T2-032,2024-11-22,0,2,2,37,2,0,0,2,5.6,2.8,0.9067,7229.0,92,1,0
AMB-T2-032,2024-11-29,0,1,1,44,1,0,0,1,2.8,2.8,0.9533,7229.0,92,1,0
AMB-T2-032,2024-12-06,0,1,1,51,1,0,0,1,2.8,2.8,0.9533,6534.0,97,1,0
AMB-T2-032,2024-12-13,0,1,1,58,1,0,0,1,2.8,2.8,0.9533,6534.0,97,1,0
AMB-T2-032,2024-12-20,0,0,0,60,0,0,0,0,0.0,0.0,1.0,6534.0,97,1,0
AMB-T2-032,2024-12-27,0,0,0,60,0,0,0,0,0.0,0.0,1.0,6534.0,97,1,0
AMB-T2-032,2025-01-03,1,0,1,3,0,1,0,0,0.0,0.0,1.0,6749.0,56,1,1
AMB-T2-032,2025-01-10,1,0,1,10,0,1,0,0,0.0,0.0,1.0,6749.0,56,1,1
AMB-T2-032,2025-01-17,1,1,2,5,0,2,0,1,2.5,2.5,0.9583,6749.0,56,1,1
AMB-T2-032,2025-01-24,1,2,3,3,0,2,1,2,5.9,2.95,0.9017,6749.0,56,0,1
AMB-T2-032,2025-01-31,1,4,5,2,1,3,1,4,10.5,2.62,0.825,3608.0,10,0,0
AMB-T2-032,2025-02-07,1,4,5,9,1,3,1,4,10.5,2.62,0.825,7526.0,51,0,0
AMB-T2-032,2025-02-14,1,4,5,16,1,3,1,4,10.5,2.62,0.825,7526.0,51,0,0
AMB-T2-032,2025-02-21,1,4,5,23,1,3,1,4,10.5,2.62,0.825,7526.0,51,0,0
AMB-T2-032,2025-02-28,1,4,5,30,1,3,1,4,10.5,2.62,0.825,7526.0,51,0,1
AMB-T2-032,2025-03-07,0,4,4,37,1,2,1,4,10.5,2.62,0.825,7399.0,97,0,1
AMB-T2-032,2025-03-14,0,4,4,2,2,1,1,4,11.2,2.8,0.8133,7399.0,97,0,0
AMB-T2-032,2025-03-21,0,4,4,9,2,1,1,4,11.2,2.8,0.8133,7399.0,97,0,0
AMB-T2-032,2025-03-28,0,3,3,16,2,1,0,3,7.8,2.6,0.87,7399.0,97,1,1
AMB-T2-032,2025-04-04,0,1,1,23,1,0,0,1,3.2,3.2,0.9467,7482.0,110,1,1
AMB-T2-032,2025-04-11,0,2,2,1,1,1,0,2,5.4,2.7,0.91,7482.0,110,1,0
AMB-T2-032,2025-04-18,0,2,2,8,1,1,0,2,5.4,2.7,0.91,7482.0,110,1,1
AMB-T2-032,2025-04-25,0,2,2,15,1,1,0,2,5.4,2.7,0.91,7482.0,110,1,1
AMB-T2-032,2025-05-02,0,3,3,2,2,1,0,3,5.9,1.97,0.9017,6740.0,86,1,0
AMB-T2-032,2025-05-09,0,3,3,9,2,1,0,3,5.9,1.97,0.9017,6740.0,86,1,1
AMB-T2-032,2025-05-16,0,2,2,16,1,1,0,2,2.7,1.35,0.955,6740.0,86,1,1
AMB-T2-032,2025-05-23,0,3,3,2,2,1,0,3,3.4,1.13,0.9433,6740.0,86,1,0
AMB-T2-032,2025-05-30,0,4,4,3,2,2,0,3,3.4,1.13,0.9433,6740.0,86,1,0
AMB-T2-032,2025-06-06,0,4,4,10,2,2,0,3,3.4,1.13,0.9433,5766.0,60,1,0
AMB-T2-032,2025-06-13,0,3,3,17,2,1,0,2,1.2,0.6,0.98,5766.0,60,1,0
AMB-T2-032,2025-06-20,0,3,3,24,2,1,0,2,1.2,0.6,0.98,5766.0,60,1,0
AMB-T2-032,2025-06-27,0,3,3,31,2,1,0,2,1.2,0.6,0.98,5766.0,60,1,0
AMB-T2-032,2025-07-04,0,2,2,38,1,1,0,1,0.7,0.7,0.9883,5886.0,76,1,0
AMB-T2-032,2025-07-11,1,2,3,3,2,1,0,1,0.7,0.7,0.9883,5886.0,76,1,1
AMB-T2-032,2025-07-18,1,2,3,10,2,1,0,1,0.7,0.7,0.9883,5886.0,76,1,1
AMB-T2-032,2025-07-25,1,2,3,5,2,1,0,1,3.7,3.7,0.9383,5886.0,76,1,0
AMB-T2-032,2025-08-01,1,1,2,12,2,0,0,1,3.7,3.7,0.9383,5681.0,100,1,0
AMB-T2-032,2025-08-08,1,1,2,19,2,0,0,1,3.7,3.7,0.9383,5681.0,100,1,1
AMB-T2-032,2025-08-15,1,1,2,26,2,0,0,1,3.7,3.7,0.9383,5681.0,100,1,1
AMB-T2-032,2025-08-22,1,3,4,3,4,0,0,3,9.9,3.3,0.835,5681.0,100,1,1
AMB-T2-032,2025-08-29,1,4,5,6,5,0,0,4,11.7,2.92,0.805,5681.0,100,1,0
AMB-T2-032,2025-09-05,1,4,5,13,5,0,0,4,11.7,2.92,0.805,5916.0,100,1,0
AMB-T2-032,2025-09-12,0,4,4,20,4,0,0,4,11.7,2.92,0.805,5916.0,100,1,1
AMB-T2-032,2025-09-19,0,3,3,27,3,0,0,3,8.0,2.67,0.8667,5916.0,100,1,1
AMB-T2-032,2025-09-26,0,4,4,0,3,1,0,4,12.4,3.1,0.7933,5916.0,100,1,0
AMB-T2-032,2025-10-03,0,4,4,7,3,1,0,4,12.4,3.1,0.7933,4876.0,84,1,0
AMB-T2-032,2025-10-10,0,4,4,14,3,1,0,4,12.4,3.1,0.7933,4876.0,84,1,1
AMB-T2-032,2025-10-17,0,3,3,21,2,1,0,3,6.7,2.23,0.8883,4876.0,84,1,1
AMB-T2-032,2025-10-24,0,2,2,2,0,1,1,2,9.7,4.85,0.8383,4876.0,84,0,1
AMB-T2-032,2025-10-31,0,2,2,9,0,1,1,2,9.7,4.85,0.8383,1782.0,36,0,1
AMB-T2-032,2025-11-07,0,4,4,4,1,2,1,4,14.5,3.62,0.7583,5404.0,97,0,0
AMB-T2-032,2025-11-14,0,4,4,11,1,2,1,4,14.5,3.62,0.7583,5404.0,97,0,1
AMB-T2-032,2025-11-21,0,4,4,18,1,2,1,4,14.5,3.62,0.7583,5404.0,97,0,1
AMB-T2-032,2025-11-28,0,4,4,4,1,2,1,4,16.0,4.0,0.7333,5404.0,97,0,0
AMB-T2-032,2025-12-05,0,4,4,11,1,2,1,4,16.0,4.0,0.7333,5755.0,103,0,1
AMB-T2-032,2025-12-12,0,4,4,18,1,2,1,4,16.0,4.0,0.7333,5755.0,103,0,1
AMB-T2-033,2024-03-01,1,1,2,32,0,2,0,0,0.0,0.0,1.0,6080.0,113,1,0
AMB-T2-033,2024-03-08,0,1,1,39,0,1,0,0,0.0,0.0,1.0,6080.0,113,1,0
AMB-T2-033,2024-03-15,0,1,1,46,0,1,0,0,0.0,0.0,1.0,6080.0,113,1,0
AMB-T2-033,2024-03-22,0,1,1,53,0,1,0,0,0.0,0.0,1.0,6080.0,113,1,0
AMB-T2-033,2024-03-29,0,0,0,60,0,0,0,0,0.0,0.0,1.0,6080.0,113,1,0
AMB-T2-033,2024-04-05,0,0,0,60,0,0,0,0,0.0,0.0,1.0,6052.0,118,1,0
AMB-T2-033,2024-04-12,0,0,0,60,0,0,0,0,0.0,0.0,1.0,6052.0,118,1,0
AMB-T2-033,2024-04-19,0,1,1,0,0,1,0,0,0.0,0.0,1.0,6052.0,118,1,0
AMB-T2-033,2024-04-26,0,1,1,7,0,1,0,0,0.0,0.0,1.0,6052.0,118,1,0
AMB-T2-033,2024-05-03,0,1,1,14,0,1,0,0,0.0,0.0,1.0,6536.0,124,1,0
AMB-T2-033,2024-05-10,0,1,1,21,0,1,0,0,0.0,0.0,1.0,6536.0,124,1,0
AMB-T2-033,2024-05-17,0,1,1,28,0,1,0,0,0.0,0.0,1.0,6536.0,124,1,1
AMB-T2-033,2024-05-24,0,1,1,35,0,1,0,0,0.0,0.0,1.0,6536.0,124,1,1
AMB-T2-033,2024-05-31,0,2,2,5,1,1,0,1,5.2,5.2,0.9133,3449.0,51,1,1
AMB-T2-033,2024-06-07,0,4,4,1,3,1,0,3,13.5,4.5,0.775,6316.0,108,1,0
AMB-T2-033,2024-06-14,0,4,4,8,3,1,0,3,13.5,4.5,0.775,6316.0,108,1,0
AMB-T2-033,2024-06-21,0,3,3,15,3,0,0,3,13.5,4.5,0.775,6316.0,108,1,0
AMB-T2-033,2024-06-28,1,4,5,0,4,0,1,3,13.5,4.5,0.775,6316.0,108,0,0
AMB-T2-033,2024-07-05,1,4,5,7,4,0,1,3,13.5,4.5,0.775,6444.0,95,0,0
AMB-T2-033,2024-07-12,1,4,5,14,4,0,1,3,13.5,4.5,0.775,6444.0,95,0,0
AMB-T2-033,2024-07-19,1,4,5,21,4,0,1,3,13.5,4.5,0.775,6444.0,95,0,1
AMB-T2-033,2024-07-26,1,3,4,28,3,0,1,2,8.3,4.15,0.8617,6444.0,95,0,1
AMB-T2-033,2024-08-02,1,5,6,2,4,0,2,4,14.6,3.65,0.7567,7171.0,87,0,0
AMB-T2-033,2024-08-09,1,3,4,9,2,0,2,2,6.3,3.15,0.895,7171.0,87,0,0
AMB-T2-033,2024-08-16,1,3,4,16,2,0,2,2,6.3,3.15,0.895,7171.0,87,0,0
AMB-T2-033,2024-08-23,1,3,4,23,2,0,2,2,6.3,3.15,0.895,7171.0,87,0,0
AMB-T2-033,2024-08-30,0,2,2,30,1,0,1,2,6.3,3.15,0.895,3594.0,49,0,0
AMB-T2-033,2024-09-06,0,2,2,37,1,0,1,2,6.3,3.15,0.895,6791.0,89,0,0
AMB-T2-033,2024-09-13,0,2,2,44,1,0,1,2,6.3,3.15,0.895,6791.0,89,0,0
AMB-T2-033,2024-09-20,0,2,2,51,1,0,1,2,6.3,3.15,0.895,6791.0,89,0,0
AMB-T2-033,2024-09-27,0,1,1,58,0,0,1,1,5.8,5.8,0.9033,6791.0,89,0,0
AMB-T2-033,2024-10-04,0,0,0,60,0,0,0,0,0.0,0.0,1.0,6139.0,78,1,0
AMB-T2-033,2024-10-11,0,0,0,60,0,0,0,0,0.0,0.0,1.0,6139.0,78,1,0
AMB-T2-033,2024-10-18,0,0,0,60,0,0,0,0,0.0,0.0,1.0,6139.0,78,1,0
AMB-T2-033,2024-10-25,0,0,0,60,0,0,0,0,0.0,0.0,1.0,6139.0,78,1,0
AMB-T2-033,2024-11-01,0,0,0,60,0,0,0,0,0.0,0.0,1.0,5477.0,93,1,0
AMB-T2-033,2024-11-08,0,0,0,60,0,0,0,0,0.0,0.0,1.0,5477.0,93,1,0
AMB-T2-033,2024-11-15,0,0,0,60,0,0,0,0,0.0,0.0,1.0,5477.0,93,1,0
AMB-T2-033,2024-11-22,0,0,0,60,0,0,0,0,0.0,0.0,1.0,5477.0,93,1,0
AMB-T2-033,2024-11-29,0,0,0,60,0,0,0,0,0.0,0.0,1.0,5477.0,93,1,0
AMB-T2-033,2024-12-06,0,0,0,60,0,0,0,0,0.0,0.0,1.0,5504.0,90,1,1
AMB-T2-033,2024-12-13,0,0,0,60,0,0,0,0,0.0,0.0,1.0,5504.0,90,1,1
AMB-T2-033,2024-12-20,0,1,1,4,0,0,1,1,3.4,3.4,0.9433,5504.0,90,0,0
AMB-T2-033,2024-12-27,0,1,1,11,0,0,1,1,3.4,3.4,0.9433,5504.0,90,0,0
AMB-T2-033,2025-01-03,1,1,2,4,0,1,1,1,3.4,3.4,0.9433,7457.0,72,0,0
AMB-T2-033,2025-01-10,1,2,3,0,0,2,1,1,3.4,3.4,0.9433,7457.0,72,0,0
AMB-T2-033,2025-01-17,1,2,3,7,0,2,1,1,3.4,3.4,0.9433,7457.0,72,0,0
AMB-T2-033,2025-01-24,1,2,3,14,0,2,1,1,3.4,3.4,0.9433,7457.0,72,0,0
AMB-T2-033,2025-01-31,1,2,3,21,0,2,1,1,3.4,3.4,0.9433,4488.0,37,0,0
AMB-T2-033,2025-02-07,1,2,3,28,0,2,1,1,3.4,3.4,0.9433,8325.0,70,0,0
AMB-T2-033,2025-02-14,1,1,2,35,0,2,0,0,0.0,0.0,1.0,8325.0,70,1,0
AMB-T2-033,2025-02-21,1,1,2,42,0,2,0,0,0.0,0.0,1.0,8325.0,70,1,0
AMB-T2-033,2025-02-28,0,1,1,49,0,1,0,0,0.0,0.0,1.0,8325.0,70,1,0
AMB-T2-033,2025-03-07,0,1,1,56,0,1,0,0,0.0,0.0,1.0,7293.0,81,1,1
AMB-T2-033,2025-03-14,0,0,0,60,0,0,0,0,0.0,0.0,1.0,7293.0,81,1,1
AMB-T2-033,2025-03-21,0,1,1,4,0,1,0,1,3.8,3.8,0.9367,7293.0,81,1,1
AMB-T2-033,2025-03-28,0,1,1,11,0,1,0,1,3.8,3.8,0.9367,7293.0,81,1,1
AMB-T2-033,2025-04-04,0,2,2,5,1,1,0,2,5.4,2.7,0.91,6260.0,101,1,1
AMB-T2-033,2025-04-11,0,2,2,12,1,1,0,2,5.4,2.7,0.91,6260.0,101,1,1
AMB-T2-033,2025-04-18,0,3,3,1,1,1,1,3,5.9,1.97,0.9017,6260.0,101,0,1
AMB-T2-033,2025-04-25,0,4,4,5,1,2,1,4,9.6,2.4,0.84,6260.0,101,0,0
AMB-T2-033,2025-05-02,0,4,4,12,1,2,1,4,9.6,2.4,0.84,6023.0,94,0,0
AMB-T2-033,2025-05-09,0,4,4,19,1,2,1,4,9.6,2.4,0.84,6023.0,94,0,1
AMB-T2-033,2025-05-16,0,3,3,26,1,1,1,3,5.8,1.93,0.9033,6023.0,94,0,1
AMB-T2-033,2025-05-23,0,4,4,3,2,1,1,4,10.4,2.6,0.8267,6023.0,94,0,0
AMB-T2-033,2025-05-30,0,3,3,10,1,1,1,3,8.8,2.93,0.8533,6023.0,94,0,0
AMB-T2-033,2025-06-06,0,3,3,17,1,1,1,3,8.8,2.93,0.8533,5886.0,73,0,1
AMB-T2-033,2025-06-13,0,3,3,24,1,1,1,3,8.8,2.93,0.8533,5886.0,73,0,1
AMB-T2-033,2025-06-20,1,2,3,5,1,1,1,2,9.5,4.75,0.8417,5886.0,73,0,1
AMB-T2-033,2025-06-27,1,4,5,6,1,3,1,3,14.2,4.73,0.7633,5886.0,73,0,0
AMB-T2-033,2025-07-04,1,4,5,13,1,3,1,3,14.2,4.73,0.7633,6032.0,68,0,0
AMB-T2-033,2025-07-11,1,4,5,20,1,3,1,3,14.2,4.73,0.7633,6032.0,68,0,0
AMB-T2-033,2025-07-18,1,4,5,27,1,3,1,3,14.2,4.73,0.7633,6032.0,68,0,1
AMB-T2-033,2025-07-25,1,3,4,34,0,3,1,2,9.6,4.8,0.84,6032.0,68,0,1
AMB-T2-033,2025-08-01,1,4,5,1,0,4,1,3,13.8,4.6,0.77,6549.0,94,0,1
AMB-T2-033,2025-08-08,1,5,6,2,1,4,1,4,15.5,3.88,0.7417,6549.0,94,0,0
AMB-T2-033,2025-08-15,0,4,4,9,1,3,0,3,10.6,3.53,0.8233,6549.0,94,1,1
AMB-T2-033,2025-08-22,0,2,2,16,1,1,0,2,5.9,2.95,0.9017,6549.0,94,1,1
AMB-T2-033,2025-08-29,0,3,3,2,1,2,0,3,10.9,3.63,0.8183,6549.0,94,1,0
AMB-T2-033,2025-09-05,0,3,3,9,1,2,0,3,10.9,3.63,0.8183,6490.0,100,1,1
AMB-T2-033,2025-09-12,0,3,3,16,1,2,0,3,10.9,3.63,0.8183,6490.0,100,1,1
AMB-T2-033,2025-09-19,0,5,5,0,1,3,1,5,18.0,3.6,0.7,6490.0,100,0,1
AMB-T2-033,2025-09-26,0,5,5,7,1,3,1,5,18.0,3.6,0.7,6490.0,100,0,1
AMB-T2-033,2025-10-03,0,5,5,1,1,2,2,5,17.1,3.42,0.715,7033.0,88,0,1
AMB-T2-033,2025-10-10,0,4,4,8,0,2,2,4,15.4,3.85,0.7433,7033.0,88,0,1
AMB-T2-033,2025-10-17,0,5,5,0,0,2,3,5,18.8,3.76,0.6867,7033.0,88,0,0
AMB-T2-033,2025-10-24,0,5,5,7,0,2,3,5,18.8,3.76,0.6867,7033.0,88,0,0
AMB-T2-033,2025-10-31,0,4,4,14,0,1,3,4,13.8,3.45,0.77,3727.0,46,0,0
AMB-T2-033,2025-11-07,0,4,4,21,0,1,3,4,13.8,3.45,0.77,6108.0,93,0,0
AMB-T2-033,2025-11-14,0,3,3,28,0,1,2,3,12.4,4.13,0.7933,6108.0,93,0,1
AMB-T2-033,2025-11-21,0,2,2,35,0,0,2,2,6.7,3.35,0.8883,6108.0,93,0,1
AMB-T2-033,2025-11-28,0,3,3,6,1,0,2,3,11.9,3.97,0.8017,6108.0,93,0,1
AMB-T2-033,2025-12-05,1,3,4,1,2,0,2,3,14.1,4.7,0.765,5915.0,90,0,0
AMB-T2-033,2025-12-12,1,3,4,8,2,0,2,3,14.1,4.7,0.765,5915.0,90,0,0
