id_ambulancia,t0,modelo_base,prob_inoperatividad,nivel_riesgo,dias_desde_ultima_interv,downtime_total_dias_w,n_cm_w,disponibilidad_w,equipamiento_funcional,km_en_w,servicios_en_w
AMB-T2-001,2025-06-13,Random Forest,0.8414,ALTO,3,1.5,4,0.975,1,7740.0,130
AMB-T2-001,2025-06-20,Random Forest,0.8392,ALTO,10,1.5,3,0.975,1,7740.0,130
AMB-T2-021,2025-06-13,Random Forest,0.7694,ALTO,10,1.6,1,0.9733,1,6976.0,134
AMB-T2-001,2025-05-09,Random Forest,0.7665,ALTO,12,3.0,4,0.95,1,8008.0,121
AMB-T2-021,2025-06-20,Random Forest,0.7663,ALTO,17,1.6,1,0.9733,1,6976.0,134
AMB-T2-001,2025-05-16,Random Forest,0.7508,ALTO,19,1.5,3,0.975,1,8008.0,121
AMB-T2-021,2025-06-06,Random Forest,0.7475,ALTO,3,1.6,1,0.9733,1,6976.0,134
AMB-T2-005,2025-11-07,Random Forest,0.7438,ALTO,8,2.8,3,0.9533,1,7260.0,141
AMB-T2-031,2025-06-27,Random Forest,0.7416,ALTO,5,3.3,2,0.945,0,7932.0,85
AMB-T2-001,2025-05-02,Random Forest,0.7363,ALTO,5,3.0,4,0.95,1,8008.0,121
AMB-T2-031,2025-02-28,Random Forest,0.7236,ALTO,0,2.8,3,0.9533,0,6621.0,111
AMB-T2-001,2025-01-24,Random Forest,0.7068,ALTO,11,6.9,3,0.885,0,8671.0,112
AMB-T2-001,2025-06-06,Random Forest,0.7033,ALTO,40,1.5,3,0.975,1,7740.0,130
AMB-T2-001,2025-10-17,Random Forest,0.701,ALTO,11,0.5,1,0.9917,0,8230.0,140
AMB-T2-001,2025-05-23,Random Forest,0.6991,ALTO,26,1.5,3,0.975,1,8008.0,121
AMB-T2-021,2025-04-11,Random Forest,0.6915,ALTO,4,3.2,3,0.9467,0,6988.0,120
AMB-T2-001,2025-10-10,Random Forest,0.6862,ALTO,4,0.5,1,0.9917,0,8230.0,140
AMB-T2-001,2025-06-27,Random Forest,0.684,ALTO,17,0.0,1,1.0,1,7740.0,130
AMB-T2-012,2025-08-29,Random Forest,0.6787,ALTO,8,16.6,4,0.7233,0,5830.0,118
AMB-T2-012,2025-08-22,Random Forest,0.6755,ALTO,1,16.6,4,0.7233,0,5830.0,118
AMB-T2-024,2025-07-18,Random Forest,0.6754,ALTO,3,1.2,3,0.98,0,6113.0,127
AMB-T2-031,2025-07-04,Random Forest,0.6717,ALTO,12,3.3,2,0.945,0,6680.0,119
AMB-T2-001,2025-01-17,Random Forest,0.6703,ALTO,4,6.9,3,0.885,0,8671.0,112
AMB-T2-002,2025-11-14,Random Forest,0.669,ALTO,22,11.3,4,0.8117,0,5971.0,117
AMB-T2-005,2025-01-17,Random Forest,0.6666,ALTO,2,0.0,0,1.0,1,8069.0,143
AMB-T2-018,2025-08-29,Random Forest,0.6659,ALTO,9,7.4,3,0.8767,0,5140.0,108
AMB-T2-024,2025-07-25,Random Forest,0.6659,ALTO,3,3.8,3,0.9367,0,6113.0,127
AMB-T2-021,2025-08-01,Random Forest,0.665,ALTO,8,4.1,3,0.9317,0,6649.0,112
AMB-T2-001,2025-05-30,Random Forest,0.6638,ALTO,33,1.5,3,0.975,1,8008.0,121
AMB-T2-029,2025-01-31,Random Forest,0.6614,ALTO,15,2.0,1,0.9667,1,1324.0,52
AMB-T2-002,2025-11-07,Random Forest,0.6594,ALTO,15,11.3,4,0.8117,0,5971.0,117
AMB-T2-022,2025-12-12,Random Forest,0.6576,ALTO,13,2.9,3,0.9517,1,7397.0,101
AMB-T2-002,2025-06-06,Random Forest,0.6563,ALTO,8,3.3,3,0.945,0,7455.0,99
AMB-T2-002,2025-02-28,Random Forest,0.6538,ALTO,0,11.3,4,0.8117,0,5030.0,108
AMB-T2-018,2025-09-05,Random Forest,0.6523,ALTO,16,7.4,3,0.8767,0,5324.0,112
AMB-T2-032,2025-01-17,Random Forest,0.6518,ALTO,5,2.5,1,0.9583,1,6749.0,56
AMB-T2-012,2025-10-31,Random Forest,0.6502,ALTO,13,2.6,3,0.9567,0,2682.0,47
AMB-T2-026,2025-12-12,Random Forest,0.6456,ALTO,2,0.0,1,1.0,1,9583.0,131
AMB-T2-022,2025-12-05,Random Forest,0.6435,ALTO,6,2.9,3,0.9517,1,7397.0,101
AMB-T2-002,2025-01-24,Random Forest,0.6413,ALTO,0,10.7,3,0.8217,0,5688.0,121
AMB-T2-031,2025-02-14,Random Forest,0.6351,ALTO,18,2.8,2,0.9533,0,6621.0,111
AMB-T2-002,2025-05-30,Random Forest,0.6347,ALTO,1,3.3,3,0.945,0,6653.0,105
AMB-T2-026,2025-02-14,Random Forest,0.6331,ALTO,14,12.3,4,0.795,0,7586.0,108
AMB-T2-024,2025-02-07,Random Forest,0.6329,ALTO,23,3.9,2,0.935,1,7972.0,128
AMB-T2-002,2025-12-12,Random Forest,0.6314,ALTO,13,3.9,3,0.935,1,7471.0,94
AMB-T2-031,2025-02-07,Random Forest,0.6309,ALTO,11,2.8,2,0.9533,0,6621.0,111
AMB-T2-026,2025-10-24,Random Forest,0.6284,ALTO,23,15.1,4,0.7483,0,6978.0,114
AMB-T2-012,2025-09-26,Random Forest,0.6269,ALTO,0,16.6,5,0.7233,0,4698.0,98
AMB-T2-005,2025-10-17,Random Forest,0.6259,ALTO,16,4.6,4,0.9233,0,7304.0,136
AMB-T2-014,2025-09-19,Random Forest,0.6256,ALTO,11,0.0,2,1.0,0,8085.0,113
AMB-T2-011,2025-11-07,Random Forest,0.6245,ALTO,6,5.7,3,0.905,1,5492.0,93
AMB-T2-012,2025-09-12,Random Forest,0.6225,ALTO,22,16.6,3,0.7233,0,4698.0,98
AMB-T2-005,2025-01-24,Random Forest,0.6217,ALTO,1,0.0,1,1.0,1,8069.0,143
AMB-T2-012,2025-09-19,Random Forest,0.6214,ALTO,3,16.6,4,0.7233,0,4698.0,98
AMB-T2-007,2025-02-07,Random Forest,0.6191,ALTO,11,3.5,2,0.9417,1,5230.0,72
AMB-T2-027,2025-08-29,Random Forest,0.6183,ALTO,7,7.6,1,0.8733,0,6263.0,66
AMB-T2-021,2025-07-18,Random Forest,0.6175,ALTO,10,1.6,2,0.9733,0,6377.0,124
AMB-T2-026,2025-02-07,Random Forest,0.6168,ALTO,7,12.3,4,0.795,0,7586.0,108
AMB-T2-005,2025-10-10,Random Forest,0.6168,ALTO,9,4.6,4,0.9233,0,7304.0,136
AMB-T2-002,2025-02-07,Random Forest,0.616,ALTO,14,6.1,2,0.8983,0,5030.0,108
AMB-T2-021,2025-07-25,Random Forest,0.6156,ALTO,1,4.1,3,0.9317,0,6377.0,124
AMB-T2-012,2025-09-05,Random Forest,0.6146,ALTO,15,16.6,4,0.7233,0,4698.0,98
AMB-T2-001,2025-04-25,Random Forest,0.6139,ALTO,3,3.0,3,0.95,1,7949.0,92
AMB-T2-021,2025-07-11,Random Forest,0.613,ALTO,3,1.6,2,0.9733,0,6377.0,124
AMB-T2-022,2025-01-24,Random Forest,0.6121,ALTO,8,6.9,3,0.885,1,7457.0,123
AMB-T2-022,2025-08-01,Random Forest,0.6121,ALTO,16,3.6,2,0.94,0,8123.0,113
AMB-T2-012,2025-10-24,Random Forest,0.6114,ALTO,6,2.6,3,0.9567,0,5100.0,88
AMB-T2-005,2025-10-24,Random Forest,0.609,ALTO,23,0.0,2,1.0,1,7304.0,136
AMB-T2-021,2025-06-27,Random Forest,0.6067,ALTO,24,1.6,1,0.9733,1,6976.0,134
AMB-T2-013,2025-11-21,Random Forest,0.6045,ALTO,6,5.6,3,0.9067,0,5510.0,62
AMB-T2-027,2025-08-22,Random Forest,0.6042,ALTO,0,7.6,1,0.8733,0,6263.0,66
AMB-T2-018,2025-08-22,Random Forest,0.6031,ALTO,2,7.4,3,0.8767,0,5140.0,108
AMB-T2-024,2025-01-24,Random Forest,0.6029,ALTO,9,3.9,2,0.935,1,8482.0,117
AMB-T2-033,2025-01-24,Random Forest,0.6021,ALTO,14,3.4,2,0.9433,0,7457.0,72
AMB-T2-002,2025-02-14,Random Forest,0.6004,ALTO,21,6.1,2,0.8983,0,5030.0,108
AMB-T2-022,2025-01-10,Random Forest,0.6,ALTO,7,6.5,4,0.8917,0,7457.0,123
AMB-T2-022,2025-06-27,Random Forest,0.5974,ALTO,7,3.0,2,0.95,1,7017.0,119
AMB-T2-023,2025-01-03,Random Forest,0.5965,ALTO,17,8.1,2,0.865,1,4860.0,61
AMB-T2-026,2025-10-17,Random Forest,0.5956,ALTO,16,15.1,4,0.7483,0,6978.0,114
AMB-T2-027,2025-07-18,Random Forest,0.5955,ALTO,9,0.0,0,1.0,1,6024.0,54
AMB-T2-028,2025-05-16,Random Forest,0.595,ALTO,10,3.3,3,0.945,1,3352.0,53
AMB-T2-010,2025-09-05,Random Forest,0.5947,ALTO,20,8.6,3,0.8567,0,5115.0,48
AMB-T2-033,2025-01-17,Random Forest,0.5947,ALTO,7,3.4,2,0.9433,0,7457.0,72
AMB-T2-029,2025-01-24,Random Forest,0.5941,ALTO,8,2.0,1,0.9667,1,4274.0,119
AMB-T2-026,2025-10-10,Random Forest,0.5929,ALTO,9,15.1,4,0.7483,0,6978.0,114
AMB-T2-002,2025-11-28,Random Forest,0.5926,ALTO,9,6.7,3,0.8883,1,5971.0,117
AMB-T2-025,2025-10-31,Random Forest,0.5919,ALTO,60,0.0,0,1.0,1,1396.0,52
AMB-T2-014,2025-09-12,Random Forest,0.5915,ALTO,4,0.0,2,1.0,0,8085.0,113
AMB-T2-022,2025-02-21,Random Forest,0.5911,ALTO,24,12.3,3,0.795,1,7373.0,106
AMB-T2-022,2025-07-25,Random Forest,0.5908,ALTO,9,3.6,2,0.94,0,7418.0,121
AMB-T2-012,2025-10-17,Random Forest,0.5904,ALTO,21,7.4,3,0.8767,0,5100.0,88
AMB-T2-024,2025-09-05,Random Forest,0.5893,ALTO,35,8.9,5,0.8517,0,7644.0,109
AMB-T2-029,2025-06-06,Random Forest,0.589,ALTO,3,6.0,2,0.9,1,3728.0,92
AMB-T2-028,2025-05-23,Random Forest,0.5886,ALTO,17,3.3,3,0.945,1,3352.0,53
AMB-T2-003,2025-08-15,Random Forest,0.5885,ALTO,28,2.6,1,0.9567,1,2065.0,71
AMB-T2-002,2025-02-21,Random Forest,0.5884,ALTO,28,6.1,2,0.8983,0,5030.0,108
AMB-T2-013,2025-02-07,Random Forest,0.5881,ALTO,24,2.3,3,0.9617,1,5693.0,69
AMB-T2-002,2025-10-24,Random Forest,0.5873,ALTO,1,11.3,4,0.8117,0,5877.0,111
AMB-T2-006,2025-02-14,Random Forest,0.5861,ALTO,21,9.9,3,0.835,0,4150.0,47
AMB-T2-011,2025-10-24,Random Forest,0.586,ALTO,5,5.7,2,0.905,1,4655.0,78
AMB-T2-032,2025-03-07,Random Forest,0.5854,ALTO,37,10.5,4,0.825,0,7399.0,97
AMB-T2-029,2025-06-13,Random Forest,0.5836,ALTO,10,6.0,2,0.9,1,3728.0,92
AMB-T2-011,2025-09-26,Random Forest,0.5833,ALTO,12,5.7,1,0.905,1,4169.0,86
AMB-T2-018,2025-08-15,Random Forest,0.5828,ALTO,13,2.8,2,0.9533,0,5140.0,108
AMB-T2-007,2025-02-14,Random Forest,0.5823,ALTO,18,3.5,1,0.9417,1,5230.0,72
AMB-T2-006,2025-12-12,Random Forest,0.5823,ALTO,9,10.2,4,0.83,0,5023.0,33
AMB-T2-031,2025-02-21,Random Forest,0.5819,ALTO,25,2.8,2,0.9533,0,6621.0,111
AMB-T2-026,2025-02-21,Random Forest,0.5818,ALTO,21,7.7,3,0.8717,0,7586.0,108
AMB-T2-032,2025-02-21,Random Forest,0.5818,ALTO,23,10.5,4,0.825,0,7526.0,51
AMB-T2-005,2025-11-14,Random Forest,0.5817,ALTO,15,2.8,2,0.9533,1,7260.0,141
AMB-T2-006,2025-10-24,Random Forest,0.5815,ALTO,11,0.6,2,0.99,1,5005.0,66
AMB-T2-033,2025-10-31,Random Forest,0.5805,ALTO,14,13.8,4,0.77,0,3727.0,46
AMB-T2-028,2025-05-09,Random Forest,0.5798,ALTO,3,3.3,3,0.945,1,3352.0,53
AMB-T2-005,2025-05-02,Random Forest,0.5791,ALTO,11,2.9,1,0.9517,1,7075.0,136
AMB-T2-002,2025-03-07,Random Forest,0.579,ALTO,7,11.3,3,0.8117,1,6089.0,84
AMB-T2-001,2025-02-07,Random Forest,0.5788,ALTO,25,0.0,0,1.0,1,8246.0,138
AMB-T2-012,2025-10-03,Random Forest,0.5787,ALTO,7,16.6,5,0.7233,0,5100.0,88
AMB-T2-024,2025-11-07,Random Forest,0.5787,ALTO,39,15.9,3,0.735,0,8358.0,115
AMB-T2-006,2025-02-07,Random Forest,0.5785,ALTO,14,9.9,3,0.835,0,4150.0,47
AMB-T2-005,2025-10-03,Random Forest,0.5777,ALTO,2,4.6,4,0.9233,0,7304.0,136
AMB-T2-031,2025-03-14,Random Forest,0.5777,ALTO,14,2.8,3,0.9533,0,5550.0,104
AMB-T2-026,2025-06-06,Random Forest,0.5774,ALTO,28,6.7,3,0.8883,0,6649.0,110
AMB-T2-026,2025-06-13,Random Forest,0.5768,ALTO,35,6.7,3,0.8883,0,6649.0,110
AMB-T2-010,2025-09-19,Random Forest,0.5767,ALTO,9,9.3,3,0.845,0,5115.0,48
AMB-T2-005,2025-03-07,Random Forest,0.5767,ALTO,29,7.3,3,0.8783,1,7942.0,127
AMB-T2-019,2025-02-28,Random Forest,0.5767,ALTO,5,0.0,1,1.0,1,5719.0,66
AMB-T2-026,2025-05-30,Random Forest,0.5763,ALTO,21,6.7,3,0.8883,0,5801.0,102
AMB-T2-009,2025-09-19,Random Forest,0.5761,ALTO,1,4.7,1,0.9217,0,3070.0,38
AMB-T2-032,2025-05-30,Random Forest,0.5761,ALTO,3,3.4,4,0.9433,1,6740.0,86
AMB-T2-012,2025-02-28,Random Forest,0.5749,ALTO,9,3.0,1,0.95,1,6153.0,83
AMB-T2-004,2025-10-31,Random Forest,0.5737,ALTO,60,0.0,0,1.0,1,1601.0,47
AMB-T2-013,2025-01-24,Random Forest,0.5724,ALTO,10,2.3,3,0.9617,1,4922.0,64
AMB-T2-027,2025-09-19,Random Forest,0.5722,ALTO,8,11.4,3,0.81,0,4119.0,48
AMB-T2-002,2025-10-17,Random Forest,0.5721,ALTO,10,13.1,3,0.7817,0,5877.0,111
AMB-T2-032,2025-06-06,Random Forest,0.572,ALTO,10,3.4,4,0.9433,1,5766.0,60
AMB-T2-033,2025-05-02,Random Forest,0.5716,ALTO,12,9.6,4,0.84,0,6023.0,94
AMB-T2-026,2025-10-03,Random Forest,0.5705,ALTO,2,15.1,4,0.7483,0,6978.0,114
AMB-T2-001,2025-10-03,Random Forest,0.57,ALTO,60,0.0,0,1.0,1,8230.0,140
AMB-T2-005,2025-01-03,Random Forest,0.57,ALTO,60,0.0,0,1.0,1,8069.0,143
AMB-T2-005,2025-01-10,Random Forest,0.57,ALTO,60,0.0,0,1.0,1,8069.0,143
AMB-T2-009,2025-03-07,Random Forest,0.5695,ALTO,13,4.1,4,0.9317,0,2884.0,48
AMB-T2-031,2025-03-21,Random Forest,0.5693,ALTO,21,2.8,3,0.9533,0,5550.0,104
AMB-T2-033,2025-06-06,Random Forest,0.5691,ALTO,17,8.8,3,0.8533,0,5886.0,73
AMB-T2-033,2025-11-07,Random Forest,0.569,ALTO,21,13.8,4,0.77,0,6108.0,93
AMB-T2-022,2025-07-18,Random Forest,0.569,ALTO,2,3.6,2,0.94,0,7418.0,121
AMB-T2-012,2025-10-10,Random Forest,0.5689,ALTO,14,16.6,5,0.7233,0,5100.0,88
AMB-T2-002,2025-03-14,Random Forest,0.5688,ALTO,14,11.3,3,0.8117,1,6089.0,84
AMB-T2-027,2025-09-05,Random Forest,0.5687,ALTO,0,11.4,2,0.81,0,4119.0,48
AMB-T2-012,2025-08-15,Random Forest,0.5687,ALTO,2,9.2,3,0.8467,0,5830.0,118
AMB-T2-024,2025-10-24,Random Forest,0.5679,ALTO,25,15.9,3,0.735,0,8607.0,140
AMB-T2-032,2025-12-12,Random Forest,0.5677,ALTO,18,16.0,4,0.7333,0,5755.0,103
AMB-T2-024,2025-10-31,Random Forest,0.5676,ALTO,32,15.9,3,0.735,0,5070.0,65
AMB-T2-005,2025-05-23,Random Forest,0.5672,ALTO,13,2.9,2,0.9517,1,7075.0,136
AMB-T2-005,2025-10-31,Random Forest,0.5662,ALTO,1,2.8,3,0.9533,1,3617.0,79
AMB-T2-033,2025-01-10,Random Forest,0.566,ALTO,0,3.4,2,0.9433,0,7457.0,72
AMB-T2-001,2025-01-03,Random Forest,0.5659,ALTO,25,6.9,3,0.885,0,8671.0,112
AMB-T2-022,2025-01-03,Random Forest,0.5655,ALTO,0,6.5,4,0.8917,0,7457.0,123
AMB-T2-033,2025-02-07,Random Forest,0.5654,ALTO,28,3.4,2,0.9433,0,8325.0,70
AMB-T2-022,2025-06-20,Random Forest,0.5654,ALTO,0,3.0,2,0.95,1,7017.0,119
AMB-T2-011,2025-10-31,Random Forest,0.5652,ALTO,12,5.7,2,0.905,1,2885.0,42
AMB-T2-027,2025-10-03,Random Forest,0.5652,ALTO,22,11.4,3,0.81,0,4182.0,67
AMB-T2-005,2025-09-12,Random Forest,0.5648,ALTO,3,4.6,3,0.9233,0,6844.0,117
AMB-T2-033,2025-05-09,Random Forest,0.5647,ALTO,19,9.6,4,0.84,0,6023.0,94
AMB-T2-031,2025-03-07,Random Forest,0.5645,ALTO,7,2.8,3,0.9533,0,5550.0,104
AMB-T2-006,2025-03-07,Random Forest,0.5641,ALTO,14,11.6,3,0.8067,0,3165.0,66
AMB-T2-027,2025-07-25,Random Forest,0.5639,ALTO,16,0.0,0,1.0,1,6024.0,54
AMB-T2-010,2025-05-02,Random Forest,0.5639,ALTO,13,5.7,1,0.905,1,5431.0,62
AMB-T2-005,2025-03-14,Random Forest,0.5639,ALTO,36,7.3,3,0.8783,1,7942.0,127
AMB-T2-026,2025-05-23,Random Forest,0.5638,ALTO,14,8.4,4,0.86,0,5801.0,102
AMB-T2-024,2025-07-11,Random Forest,0.5627,ALTO,0,0.5,2,0.9917,1,6113.0,127
AMB-T2-005,2025-02-28,Random Forest,0.5624,ALTO,22,7.3,3,0.8783,1,7634.0,123
AMB-T2-013,2025-01-10,Random Forest,0.5624,ALTO,14,2.3,2,0.9617,1,4922.0,64
AMB-T2-016,2025-01-10,Random Forest,0.5615,ALTO,8,5.9,2,0.9017,1,5565.0,53
AMB-T2-023,2025-01-17,Random Forest,0.5615,ALTO,11,11.5,2,0.8083,1,4860.0,61
AMB-T2-032,2025-05-23,Random Forest,0.5612,ALTO,2,3.4,3,0.9433,1,6740.0,86
AMB-T2-003,2025-08-29,Random Forest,0.5611,ALTO,42,2.6,1,0.9567,1,2065.0,71
AMB-T2-001,2025-01-10,Random Forest,0.5609,ALTO,32,6.9,3,0.885,0,8671.0,112
AMB-T2-006,2025-10-17,Random Forest,0.5607,ALTO,4,0.6,2,0.99,1,5005.0,66
AMB-T2-005,2025-05-16,Random Forest,0.5605,ALTO,6,2.9,2,0.9517,1,7075.0,136
AMB-T2-010,2025-08-29,Random Forest,0.5604,ALTO,13,11.6,4,0.8067,0,6022.0,78
AMB-T2-027,2025-09-12,Random Forest,0.5601,ALTO,1,11.4,3,0.81,0,4119.0,48
AMB-T2-013,2025-02-14,Random Forest,0.5601,ALTO,31,2.3,3,0.9617,1,5693.0,69
AMB-T2-010,2025-06-27,Random Forest,0.56,ALTO,0,11.0,2,0.8167,0,3562.0,63
AMB-T2-009,2025-02-21,Random Forest,0.5599,ALTO,4,2.2,3,0.9633,0,3788.0,62
AMB-T2-032,2025-02-28,Random Forest,0.5599,ALTO,30,10.5,4,0.825,0,7526.0,51
AMB-T2-033,2025-04-25,Random Forest,0.5598,ALTO,5,9.6,4,0.84,0,6260.0,101
AMB-T2-032,2025-06-13,Random Forest,0.5594,ALTO,17,1.2,3,0.98,1,5766.0,60
AMB-T2-011,2025-01-17,Random Forest,0.5594,ALTO,17,3.4,1,0.9433,1,6439.0,92
AMB-T2-018,2025-08-01,Random Forest,0.5586,ALTO,10,2.8,1,0.9533,1,5140.0,108
AMB-T2-006,2025-11-28,Random Forest,0.5583,ALTO,7,6.2,3,0.8967,0,5952.0,66
AMB-T2-005,2025-05-09,Random Forest,0.558,ALTO,18,2.9,1,0.9517,1,7075.0,136
AMB-T2-032,2025-02-14,Random Forest,0.5574,ALTO,16,10.5,4,0.825,0,7526.0,51
AMB-T2-013,2025-01-03,Random Forest,0.5573,ALTO,7,2.3,2,0.9617,1,4922.0,64
AMB-T2-028,2025-10-31,Random Forest,0.5569,ALTO,50,0.0,1,1.0,0,1301.0,35
AMB-T2-013,2025-11-28,Random Forest,0.5566,ALTO,13,5.6,3,0.9067,0,5510.0,62
AMB-T2-002,2025-10-31,Random Forest,0.5565,ALTO,8,11.3,4,0.8117,0,2142.0,68
AMB-T2-031,2025-07-11,Random Forest,0.5563,ALTO,19,1.1,2,0.9817,0,6680.0,119
AMB-T2-006,2025-02-28,Random Forest,0.5562,ALTO,7,11.6,3,0.8067,0,4150.0,47
AMB-T2-022,2025-08-15,Random Forest,0.5559,ALTO,7,9.6,3,0.84,0,8123.0,113
AMB-T2-033,2025-08-01,Random Forest,0.5559,ALTO,1,13.8,4,0.77,0,6549.0,94
AMB-T2-032,2025-11-21,Random Forest,0.5553,ALTO,18,14.5,4,0.7583,0,5404.0,97
AMB-T2-017,2025-07-04,Random Forest,0.5548,ALTO,11,1.9,1,0.9683,1,6251.0,90
AMB-T2-018,2025-08-08,Random Forest,0.5548,ALTO,6,2.8,2,0.9533,0,5140.0,108
AMB-T2-002,2025-03-21,Random Forest,0.5547,ALTO,21,11.3,3,0.8117,1,6089.0,84
AMB-T2-027,2025-03-14,Random Forest,0.5545,ALTO,7,9.1,4,0.8483,0,5186.0,98
AMB-T2-029,2025-02-07,Random Forest,0.5545,ALTO,22,2.0,1,0.9667,1,3737.0,106
AMB-T2-021,2025-01-24,Random Forest,0.5544,ALTO,12,4.4,1,0.9267,1,6503.0,123
AMB-T2-033,2025-09-26,Random Forest,0.554,ALTO,7,18.0,5,0.7,0,6490.0,100
AMB-T2-033,2025-01-31,Random Forest,0.5535,ALTO,21,3.4,2,0.9433,0,4488.0,37
AMB-T2-011,2025-01-10,Random Forest,0.5535,ALTO,10,3.4,1,0.9433,1,6439.0,92
AMB-T2-024,2025-10-10,Random Forest,0.5531,ALTO,11,15.9,3,0.735,0,8607.0,140
AMB-T2-023,2025-01-24,Random Forest,0.5524,ALTO,18,11.5,2,0.8083,1,4860.0,61
AMB-T2-033,2025-07-18,Random Forest,0.5523,ALTO,27,14.2,4,0.7633,0,6032.0,68
AMB-T2-027,2025-12-05,Random Forest,0.5521,ALTO,4,2.7,1,0.955,1,3836.0,40
AMB-T2-016,2025-01-17,Random Forest,0.552,ALTO,15,5.9,2,0.9017,1,5565.0,53
AMB-T2-011,2025-11-28,Random Forest,0.5518,ALTO,12,2.2,3,0.9633,1,5492.0,93
AMB-T2-028,2025-11-21,Random Forest,0.5512,ALTO,3,5.0,2,0.9167,0,4113.0,55
AMB-T2-013,2025-01-31,Random Forest,0.5511,ALTO,17,2.3,3,0.9617,1,2951.0,16
AMB-T2-015,2025-08-08,Random Forest,0.5505,ALTO,8,2.1,2,0.965,0,5944.0,67
AMB-T2-024,2025-12-12,Random Forest,0.5505,ALTO,4,4.3,3,0.9283,0,7219.0,115
AMB-T2-025,2025-09-26,Random Forest,0.5505,ALTO,60,0.0,0,1.0,1,2544.0,56
AMB-T2-003,2025-08-22,Random Forest,0.5504,ALTO,35,2.6,1,0.9567,1,2065.0,71
AMB-T2-004,2025-02-14,Random Forest,0.5503,ALTO,20,3.9,2,0.935,0,5258.0,60
AMB-T2-030,2025-08-22,Random Forest,0.5503,ALTO,13,0.0,3,1.0,1,4087.0,70
AMB-T2-006,2025-12-05,Random Forest,0.55,ALTO,2,10.8,5,0.82,0,5023.0,33
AMB-T2-013,2025-12-05,Random Forest,0.5496,ALTO,5,5.6,3,0.9067,0,5247.0,55
AMB-T2-009,2025-09-26,Random Forest,0.5496,ALTO,8,4.7,1,0.9217,0,3070.0,38
AMB-T2-029,2025-05-09,Random Forest,0.5495,ALTO,3,6.0,1,0.9,1,4690.0,80
AMB-T2-026,2025-01-24,Random Forest,0.5495,ALTO,12,12.3,3,0.795,0,7375.0,135
AMB-T2-029,2025-05-16,Random Forest,0.5487,ALTO,10,6.0,1,0.9,1,4690.0,80
AMB-T2-022,2025-01-17,Random Forest,0.5485,ALTO,1,6.9,4,0.885,0,7457.0,123
AMB-T2-033,2025-06-13,Random Forest,0.5477,ALTO,24,8.8,3,0.8533,0,5886.0,73
AMB-T2-033,2025-11-14,Random Forest,0.5477,ALTO,28,12.4,3,0.7933,0,6108.0,93
AMB-T2-032,2025-12-05,Random Forest,0.5468,ALTO,11,16.0,4,0.7333,0,5755.0,103
AMB-T2-033,2025-04-18,Random Forest,0.5466,ALTO,1,5.9,3,0.9017,0,6260.0,101
AMB-T2-003,2025-08-01,Random Forest,0.5466,ALTO,14,6.6,2,0.89,0,2065.0,71
AMB-T2-013,2025-01-17,Random Forest,0.5465,ALTO,3,2.3,3,0.9617,1,4922.0,64
AMB-T2-024,2025-09-12,Random Forest,0.5464,ALTO,42,8.4,4,0.86,0,7644.0,109
AMB-T2-027,2025-09-26,Random Forest,0.5464,ALTO,15,11.4,3,0.81,0,4119.0,48
AMB-T2-018,2025-09-12,Random Forest,0.5462,ALTO,23,7.4,3,0.8767,0,5324.0,112
AMB-T2-023,2025-02-07,Random Forest,0.5457,ALTO,32,11.5,2,0.8083,1,4845.0,67
AMB-T2-016,2025-07-25,Random Forest,0.5456,ALTO,9,0.0,2,1.0,1,5204.0,82
AMB-T2-022,2025-06-06,Random Forest,0.545,ALTO,18,3.0,2,0.95,1,7017.0,119
AMB-T2-028,2025-08-01,Random Forest,0.5448,ALTO,26,1.3,3,0.9783,1,4983.0,87
AMB-T2-018,2025-10-31,Random Forest,0.5447,ALTO,9,1.9,1,0.9683,1,3021.0,50
AMB-T2-028,2025-07-18,Random Forest,0.5446,ALTO,12,1.3,3,0.9783,1,4353.0,62
AMB-T2-029,2025-06-20,Random Forest,0.5445,ALTO,17,6.0,2,0.9,1,3728.0,92
AMB-T2-027,2025-02-21,Random Forest,0.5445,ALTO,38,11.0,2,0.8167,1,4931.0,77
AMB-T2-007,2025-02-21,Random Forest,0.5442,ALTO,25,3.5,1,0.9417,1,5230.0,72
AMB-T2-007,2025-03-21,Random Forest,0.5441,ALTO,53,3.5,1,0.9417,1,4307.0,65
AMB-T2-004,2025-02-07,Random Forest,0.5439,ALTO,13,7.5,3,0.875,0,5258.0,60
AMB-T2-024,2025-10-03,Random Forest,0.5437,ALTO,4,15.9,3,0.735,0,8607.0,140
AMB-T2-024,2025-10-17,Random Forest,0.5437,ALTO,18,15.9,3,0.735,0,8607.0,140
AMB-T2-026,2025-12-05,Random Forest,0.5435,ALTO,60,0.0,0,1.0,1,9583.0,131
AMB-T2-033,2025-07-25,Random Forest,0.5433,ALTO,34,9.6,3,0.84,0,6032.0,68
AMB-T2-024,2025-02-21,Random Forest,0.5428,ALTO,13,8.7,3,0.855,1,7972.0,128
AMB-T2-006,2025-06-13,Random Forest,0.5428,ALTO,12,4.6,3,0.9233,1,3331.0,67
AMB-T2-010,2025-07-04,Random Forest,0.5425,ALTO,7,11.0,2,0.8167,0,4428.0,74
AMB-T2-033,2025-08-15,Random Forest,0.5424,ALTO,9,10.6,4,0.8233,1,6549.0,94
AMB-T2-009,2025-03-14,Random Forest,0.5424,ALTO,20,4.1,4,0.9317,0,2884.0,48
AMB-T2-005,2025-04-25,Random Forest,0.5421,ALTO,4,2.9,1,0.9517,1,7631.0,130
AMB-T2-017,2025-07-11,Random Forest,0.542,ALTO,18,1.9,1,0.9683,1,6251.0,90
AMB-T2-029,2025-09-12,Random Forest,0.542,ALTO,9,7.2,2,0.88,0,4111.0,51
AMB-T2-027,2025-07-11,Random Forest,0.542,ALTO,2,0.0,0,1.0,1,6024.0,54
AMB-T2-006,2025-01-03,Random Forest,0.5416,ALTO,11,0.5,1,0.9917,1,5283.0,54
AMB-T2-027,2025-12-12,Random Forest,0.5415,ALTO,11,2.7,1,0.955,1,3836.0,40
AMB-T2-010,2025-01-31,Random Forest,0.5406,ALTO,46,3.3,1,0.945,0,1734.0,28
AMB-T2-006,2025-06-06,Random Forest,0.5406,ALTO,5,4.6,3,0.9233,1,3331.0,67
AMB-T2-018,2025-03-14,Random Forest,0.5405,ALTO,11,0.0,1,1.0,1,5537.0,84
AMB-T2-027,2025-01-10,Random Forest,0.5402,ALTO,5,9.3,2,0.845,0,4991.0,55
AMB-T2-022,2025-02-14,Random Forest,0.5402,ALTO,17,12.3,3,0.795,1,7373.0,106
AMB-T2-024,2025-08-29,Random Forest,0.5401,ALTO,28,8.9,5,0.8517,0,6708.0,84
AMB-T2-027,2025-02-14,Random Forest,0.5399,ALTO,31,11.0,2,0.8167,1,4931.0,77
AMB-T2-027,2025-02-07,Random Forest,0.5399,ALTO,24,11.0,2,0.8167,1,4931.0,77
AMB-T2-018,2025-04-25,Random Forest,0.5399,ALTO,6,2.8,3,0.9533,0,5423.0,82
AMB-T2-029,2025-01-17,Random Forest,0.5388,ALTO,1,2.0,1,0.9667,1,4274.0,119
AMB-T2-009,2025-02-28,Random Forest,0.5385,ALTO,6,4.1,4,0.9317,0,3788.0,62
AMB-T2-022,2025-04-11,Random Forest,0.5382,ALTO,60,0.0,0,1.0,1,8379.0,132
AMB-T2-022,2025-04-04,Random Forest,0.5382,ALTO,60,0.0,0,1.0,1,8379.0,132
AMB-T2-022,2025-04-25,Random Forest,0.5382,ALTO,60,0.0,0,1.0,1,8379.0,132
AMB-T2-022,2025-04-18,Random Forest,0.5382,ALTO,60,0.0,0,1.0,1,8379.0,132
AMB-T2-001,2025-11-28,Random Forest,0.5376,ALTO,24,10.9,3,0.8183,0,8013.0,132
AMB-T2-032,2025-02-07,Random Forest,0.537,ALTO,9,10.5,4,0.825,0,7526.0,51
AMB-T2-011,2025-11-21,Random Forest,0.537,ALTO,5,2.2,3,0.9633,1,5492.0,93
AMB-T2-011,2025-12-12,Random Forest,0.5367,ALTO,10,2.2,3,0.9633,1,4715.0,81
AMB-T2-033,2025-07-11,Random Forest,0.5367,ALTO,20,14.2,4,0.7633,0,6032.0,68
AMB-T2-001,2025-02-28,Random Forest,0.5364,ALTO,46,0.0,0,1.0,1,8246.0,138
AMB-T2-025,2025-10-24,Random Forest,0.5363,ALTO,60,0.0,0,1.0,1,2405.0,71
AMB-T2-025,2025-10-17,Random Forest,0.5363,ALTO,60,0.0,0,1.0,1,2405.0,71
AMB-T2-025,2025-10-03,Random Forest,0.5363,ALTO,60,0.0,0,1.0,1,2405.0,71
AMB-T2-025,2025-10-10,Random Forest,0.5363,ALTO,60,0.0,0,1.0,1,2405.0,71
AMB-T2-032,2025-07-18,Random Forest,0.5362,ALTO,10,0.7,2,0.9883,1,5886.0,76
AMB-T2-003,2025-09-05,Random Forest,0.5355,ALTO,49,2.6,1,0.9567,1,2987.0,73
AMB-T2-007,2025-03-14,Random Forest,0.5354,ALTO,46,3.5,1,0.9417,1,4307.0,65
AMB-T2-010,2025-05-09,Random Forest,0.5346,ALTO,20,5.7,1,0.905,1,5431.0,62
AMB-T2-024,2025-08-22,Random Forest,0.5345,ALTO,21,8.9,5,0.8517,0,6708.0,84
AMB-T2-032,2025-11-14,Random Forest,0.5344,ALTO,11,14.5,4,0.7583,0,5404.0,97
AMB-T2-030,2025-08-29,Random Forest,0.5342,ALTO,20,0.0,3,1.0,1,4087.0,70
AMB-T2-033,2025-10-10,Random Forest,0.5337,ALTO,8,15.4,4,0.7433,0,7033.0,88
AMB-T2-001,2025-02-14,Random Forest,0.5337,ALTO,32,0.0,0,1.0,1,8246.0,138
AMB-T2-028,2025-07-11,Random Forest,0.5336,ALTO,5,1.3,3,0.9783,1,4353.0,62
AMB-T2-031,2025-01-17,Random Forest,0.5336,ALTO,17,4.1,1,0.9317,1,7572.0,102
AMB-T2-029,2025-05-23,Random Forest,0.5335,ALTO,17,6.0,1,0.9,1,4690.0,80
AMB-T2-032,2025-05-16,Random Forest,0.5333,ALTO,16,2.7,2,0.955,1,6740.0,86
AMB-T2-018,2025-07-25,Random Forest,0.5331,ALTO,3,2.8,1,0.9533,1,5985.0,94
AMB-T2-026,2025-11-21,Random Forest,0.533,ALTO,51,8.8,3,0.8533,0,8193.0,141
AMB-T2-028,2025-07-25,Random Forest,0.5317,ALTO,19,1.3,3,0.9783,1,4353.0,62
AMB-T2-022,2025-09-12,Random Forest,0.5316,ALTO,20,6.5,3,0.8917,0,7586.0,121
AMB-T2-004,2025-02-21,Random Forest,0.5309,ALTO,27,3.9,2,0.935,0,5258.0,60
AMB-T2-030,2025-08-15,Random Forest,0.5308,ALTO,6,0.0,3,1.0,1,4087.0,70
AMB-T2-028,2025-07-04,Random Forest,0.5303,ALTO,4,1.3,3,0.9783,1,4353.0,62
AMB-T2-029,2025-09-05,Random Forest,0.5302,ALTO,2,7.2,2,0.88,0,4111.0,51
AMB-T2-007,2025-01-31,Random Forest,0.5295,ALTO,4,3.5,2,0.9417,1,3244.0,39
AMB-T2-011,2025-06-27,Random Forest,0.5295,ALTO,5,4.5,1,0.925,1,5182.0,44
AMB-T2-032,2025-07-11,Random Forest,0.5293,ALTO,3,0.7,2,0.9883,1,5886.0,76
AMB-T2-004,2025-02-28,Random Forest,0.5293,ALTO,34,3.9,2,0.935,0,5258.0,60
AMB-T2-026,2025-11-14,Random Forest,0.5292,ALTO,44,8.8,3,0.8533,0,8193.0,141
AMB-T2-022,2025-11-14,Random Forest,0.5292,ALTO,6,5.5,2,0.9083,1,6941.0,92
AMB-T2-010,2025-02-07,Random Forest,0.5291,ALTO,53,3.3,1,0.945,0,5070.0,67
AMB-T2-012,2025-08-08,Random Forest,0.5276,ALTO,28,0.0,2,1.0,0,5830.0,118
AMB-T2-013,2025-12-12,Random Forest,0.5273,ALTO,12,5.6,3,0.9067,0,5247.0,55
AMB-T2-009,2025-03-21,Random Forest,0.5272,ALTO,27,4.1,4,0.9317,0,2884.0,48
AMB-T2-027,2025-10-17,Random Forest,0.527,ALTO,36,3.8,3,0.9367,0,4182.0,67
AMB-T2-030,2025-02-07,Random Forest,0.527,ALTO,53,0.0,0,1.0,1,3294.0,63
AMB-T2-033,2025-08-08,Random Forest,0.5269,ALTO,2,15.5,5,0.7417,0,6549.0,94
AMB-T2-031,2025-07-18,Random Forest,0.5268,ALTO,26,1.1,2,0.9817,0,6680.0,119
AMB-T2-030,2025-01-31,Random Forest,0.5265,ALTO,46,0.0,1,1.0,0,1434.0,31
AMB-T2-007,2025-02-28,Random Forest,0.5262,ALTO,32,3.5,1,0.9417,1,5230.0,72
AMB-T2-003,2025-08-08,Random Forest,0.5255,ALTO,21,6.6,2,0.89,0,2065.0,71
AMB-T2-018,2025-09-19,Random Forest,0.5255,ALTO,30,6.2,3,0.8967,0,5324.0,112
AMB-T2-017,2025-06-27,Random Forest,0.5244,ALTO,4,1.9,1,0.9683,1,5934.0,75
AMB-T2-012,2025-02-21,Random Forest,0.5242,ALTO,2,3.0,1,0.95,1,6153.0,83
AMB-T2-026,2025-03-21,Random Forest,0.5239,ALTO,1,4.3,3,0.9283,1,8346.0,95
AMB-T2-031,2025-06-20,Random Forest,0.5237,ALTO,0,3.3,1,0.945,1,7932.0,85
AMB-T2-021,2025-11-21,Random Forest,0.5237,ALTO,16,0.0,2,1.0,1,8427.0,116
AMB-T2-021,2025-10-17,Random Forest,0.5231,ALTO,14,0.0,1,1.0,1,8390.0,93
AMB-T2-010,2025-10-03,Random Forest,0.5229,ALTO,11,7.7,3,0.8717,0,5112.0,68
AMB-T2-012,2025-08-01,Random Forest,0.5222,ALTO,21,0.0,2,1.0,0,5830.0,118
AMB-T2-032,2025-06-20,Random Forest,0.5221,ALTO,24,1.2,3,0.98,1,5766.0,60
AMB-T2-001,2025-01-31,Random Forest,0.5218,ALTO,18,4.7,1,0.9217,1,4052.0,59
AMB-T2-022,2025-09-05,Random Forest,0.5218,ALTO,13,6.5,3,0.8917,0,7586.0,121
AMB-T2-033,2025-05-16,Random Forest,0.5217,ALTO,26,5.8,3,0.9033,0,6023.0,94
AMB-T2-029,2025-10-24,Random Forest,0.5213,ALTO,51,8.2,2,0.8633,0,5248.0,49
AMB-T2-026,2025-07-25,Random Forest,0.5209,ALTO,14,0.0,1,1.0,1,7974.0,125
AMB-T2-024,2025-09-19,Random Forest,0.5206,ALTO,3,18.5,5,0.6917,0,7644.0,109
AMB-T2-009,2025-01-17,Random Forest,0.5203,ALTO,4,3.5,1,0.9417,0,2882.0,67
AMB-T2-009,2025-01-24,Random Forest,0.5202,ALTO,11,3.5,1,0.9417,0,2882.0,67
AMB-T2-023,2025-11-21,Random Forest,0.52,ALTO,9,3.6,1,0.94,1,3936.0,66
AMB-T2-027,2025-10-10,Random Forest,0.5198,ALTO,29,3.8,3,0.9367,0,4182.0,67
AMB-T2-032,2025-07-25,Random Forest,0.5193,ALTO,5,3.7,2,0.9383,1,5886.0,76
AMB-T2-011,2025-01-03,Random Forest,0.5191,ALTO,3,3.4,1,0.9433,1,6439.0,92
AMB-T2-001,2025-03-28,Random Forest,0.5187,ALTO,14,1.5,1,0.975,1,7873.0,120
AMB-T2-033,2025-10-24,Random Forest,0.5186,ALTO,7,18.8,5,0.6867,0,7033.0,88
AMB-T2-030,2025-02-21,Random Forest,0.5185,ALTO,60,0.0,0,1.0,1,3294.0,63
AMB-T2-030,2025-02-14,Random Forest,0.5185,ALTO,60,0.0,0,1.0,1,3294.0,63
AMB-T2-026,2025-11-07,Random Forest,0.5182,ALTO,37,8.8,3,0.8533,0,8193.0,141
AMB-T2-011,2025-11-14,Random Forest,0.5178,ALTO,13,0.0,2,1.0,1,5492.0,93
AMB-T2-024,2025-09-26,Random Forest,0.5176,ALTO,10,14.2,3,0.7633,0,7644.0,109
AMB-T2-003,2025-04-04,Random Forest,0.5175,ALTO,60,0.0,0,1.0,1,3429.0,71
AMB-T2-003,2025-04-11,Random Forest,0.5175,ALTO,60,0.0,0,1.0,1,3429.0,71
AMB-T2-003,2025-04-18,Random Forest,0.5175,ALTO,60,0.0,0,1.0,1,3429.0,71
AMB-T2-029,2025-12-12,Random Forest,0.5175,ALTO,17,0.0,1,1.0,1,5284.0,91
AMB-T2-010,2025-10-10,Random Forest,0.5173,ALTO,18,7.7,3,0.8717,0,5112.0,68
AMB-T2-001,2025-11-21,Random Forest,0.5172,ALTO,17,10.9,3,0.8183,0,8013.0,132
AMB-T2-031,2025-01-10,Random Forest,0.5171,ALTO,10,4.1,1,0.9317,1,7572.0,102
AMB-T2-033,2025-09-19,Random Forest,0.5167,ALTO,0,18.0,5,0.7,0,6490.0,100
AMB-T2-021,2025-04-18,Random Forest,0.5164,ALTO,11,1.8,2,0.97,0,6988.0,120
AMB-T2-018,2025-03-07,Random Forest,0.5161,ALTO,4,0.0,1,1.0,1,5537.0,84
AMB-T2-016,2025-01-24,Random Forest,0.5158,ALTO,22,5.9,2,0.9017,1,5565.0,53
AMB-T2-010,2025-06-06,Random Forest,0.5156,ALTO,48,5.7,1,0.905,1,3562.0,63
AMB-T2-011,2025-10-03,Random Forest,0.515,ALTO,19,5.7,1,0.905,1,4655.0,78
AMB-T2-023,2025-06-13,Random Forest,0.5149,ALTO,5,5.6,1,0.9067,1,3920.0,45
AMB-T2-033,2025-05-30,Random Forest,0.5148,ALTO,10,8.8,3,0.8533,0,6023.0,94
AMB-T2-022,2025-01-31,Random Forest,0.5148,ALTO,3,12.3,4,0.795,1,3330.0,55
AMB-T2-023,2025-06-20,Random Forest,0.5147,ALTO,12,5.6,1,0.9067,1,3920.0,45
AMB-T2-029,2025-10-17,Random Forest,0.5146,ALTO,44,8.2,2,0.8633,0,5248.0,49
AMB-T2-006,2025-11-21,Random Forest,0.514,ALTO,0,6.2,3,0.8967,0,5952.0,66
AMB-T2-031,2025-01-03,Random Forest,0.514,ALTO,3,4.1,2,0.9317,0,7572.0,102
AMB-T2-011,2025-06-20,Random Forest,0.514,ALTO,1,0.0,0,1.0,1,5182.0,44
AMB-T2-014,2025-12-05,Random Forest,0.5139,ALTO,16,0.0,1,1.0,1,9605.0,112
AMB-T2-002,2025-11-21,Random Forest,0.5129,ALTO,2,9.6,4,0.84,1,5971.0,117
AMB-T2-022,2025-02-07,Random Forest,0.5123,ALTO,10,12.3,4,0.795,1,7373.0,106
AMB-T2-007,2025-03-07,Random Forest,0.5122,ALTO,39,3.5,1,0.9417,1,4307.0,65
AMB-T2-022,2025-05-30,Random Forest,0.5119,ALTO,11,3.0,2,0.95,1,7375.0,118
AMB-T2-029,2025-09-19,Random Forest,0.5118,ALTO,16,8.2,2,0.8633,0,4111.0,51
AMB-T2-010,2025-06-13,Random Forest,0.5116,ALTO,55,5.7,1,0.905,1,3562.0,63
AMB-T2-032,2025-10-31,Random Forest,0.5114,ALTO,9,9.7,2,0.8383,0,1782.0,36
AMB-T2-001,2025-02-21,Random Forest,0.5114,ALTO,39,0.0,0,1.0,1,8246.0,138
AMB-T2-019,2025-10-10,Random Forest,0.5114,ALTO,12,0.0,1,1.0,1,6003.0,65
AMB-T2-022,2025-02-28,Random Forest,0.5112,ALTO,31,10.4,2,0.8267,1,7373.0,106
AMB-T2-006,2025-06-20,Random Forest,0.5108,ALTO,19,4.6,3,0.9233,1,3331.0,67
AMB-T2-026,2025-05-16,Random Forest,0.5107,ALTO,7,12.7,5,0.7883,0,5801.0,102
AMB-T2-010,2025-01-03,Random Forest,0.5105,ALTO,18,3.3,1,0.945,0,4326.0,66
AMB-T2-024,2025-08-15,Random Forest,0.5101,ALTO,14,8.9,5,0.8517,0,6708.0,84
AMB-T2-006,2025-02-21,Random Forest,0.5098,ALTO,0,11.6,3,0.8067,0,4150.0,47
AMB-T2-005,2025-02-21,Random Forest,0.5097,ALTO,15,7.3,3,0.8783,1,7634.0,123
AMB-T2-006,2025-04-25,Random Forest,0.5095,ALTO,0,4.6,1,0.9233,1,2920.0,104
AMB-T2-016,2025-10-31,Random Forest,0.5091,ALTO,60,0.0,0,1.0,1,1680.0,39
AMB-T2-011,2025-12-05,Random Forest,0.5089,ALTO,3,2.2,3,0.9633,1,4715.0,81
AMB-T2-015,2025-06-27,Random Forest,0.5088,ALTO,12,0.0,0,1.0,1,5701.0,63
AMB-T2-007,2025-01-17,Random Forest,0.5084,ALTO,15,0.0,1,1.0,1,4683.0,81
AMB-T2-010,2025-03-14,Random Forest,0.5079,ALTO,12,5.1,1,0.915,1,5813.0,79
AMB-T2-033,2025-07-04,Random Forest,0.5078,ALTO,13,14.2,4,0.7633,0,6032.0,68
AMB-T2-026,2025-07-18,Random Forest,0.5077,ALTO,7,0.0,1,1.0,1,7974.0,125
AMB-T2-010,2025-03-07,Random Forest,0.5076,ALTO,5,5.1,1,0.915,1,5813.0,79
AMB-T2-027,2025-01-24,Random Forest,0.5075,ALTO,10,11.0,3,0.8167,0,4991.0,55
AMB-T2-006,2025-01-31,Random Forest,0.5075,ALTO,7,9.9,3,0.835,0,2594.0,29
AMB-T2-015,2025-12-12,Random Forest,0.5075,ALTO,6,3.6,3,0.94,0,4881.0,95
AMB-T2-029,2025-02-21,Random Forest,0.5073,ALTO,0,2.0,2,0.9667,1,3737.0,106
AMB-T2-029,2025-08-29,Random Forest,0.5071,ALTO,55,0.0,0,1.0,1,4373.0,51
AMB-T2-003,2025-03-14,Random Forest,0.5063,ALTO,59,0.0,0,1.0,1,5069.0,49
AMB-T2-009,2025-02-14,Random Forest,0.5063,ALTO,15,5.7,3,0.905,0,3788.0,62
AMB-T2-031,2025-09-05,Random Forest,0.5058,ALTO,60,0.0,0,1.0,1,6745.0,106
AMB-T2-031,2025-09-19,Random Forest,0.5058,ALTO,60,0.0,0,1.0,1,6745.0,106
AMB-T2-031,2025-09-12,Random Forest,0.5058,ALTO,60,0.0,0,1.0,1,6745.0,106
AMB-T2-005,2025-05-30,Random Forest,0.5056,ALTO,20,2.9,2,0.9517,1,7075.0,136
AMB-T2-033,2025-06-20,Random Forest,0.5054,ALTO,5,9.5,2,0.8417,0,5886.0,73
AMB-T2-028,2025-11-28,Random Forest,0.5054,ALTO,10,5.0,2,0.9167,0,4113.0,55
AMB-T2-016,2025-07-18,Random Forest,0.5049,ALTO,2,0.0,2,1.0,1,5204.0,82
AMB-T2-022,2025-08-08,Random Forest,0.5044,ALTO,0,9.6,3,0.84,0,8123.0,113
AMB-T2-027,2025-03-07,Random Forest,0.5042,ALTO,0,9.1,4,0.8483,0,5186.0,98
AMB-T2-019,2025-01-24,Random Forest,0.5038,ALTO,17,0.0,1,1.0,1,5271.0,80
AMB-T2-010,2025-09-12,Random Forest,0.5033,ALTO,2,11.8,4,0.8033,0,5115.0,48
AMB-T2-024,2025-01-31,Random Forest,0.5033,ALTO,16,3.9,2,0.935,1,4324.0,57
AMB-T2-015,2025-08-01,Random Forest,0.5031,ALTO,1,2.1,2,0.965,0,5944.0,67
AMB-T2-013,2025-04-18,Random Forest,0.502,ALTO,11,6.8,3,0.8867,1,4889.0,87
AMB-T2-012,2025-07-25,Random Forest,0.5017,ALTO,14,0.0,2,1.0,0,5110.0,103
AMB-T2-032,2025-01-31,Random Forest,0.5013,ALTO,2,10.5,4,0.825,0,3608.0,10
AMB-T2-026,2025-01-17,Random Forest,0.5007,ALTO,5,12.3,3,0.795,0,7375.0,135
AMB-T2-033,2025-10-17,Random Forest,0.5007,ALTO,0,18.8,5,0.6867,0,7033.0,88
AMB-T2-031,2025-07-25,Random Forest,0.5003,ALTO,33,1.1,2,0.9817,0,6680.0,119
AMB-T2-030,2025-09-05,Random Forest,0.5003,ALTO,27,0.0,3,1.0,1,4119.0,73
AMB-T2-012,2025-04-11,Random Forest,0.5001,ALTO,10,10.3,3,0.8283,0,4468.0,104
AMB-T2-001,2025-11-14,Random Forest,0.4998,MEDIO,10,10.9,3,0.8183,0,8013.0,132
AMB-T2-013,2025-08-08,Random Forest,0.4997,MEDIO,15,0.0,1,1.0,1,5021.0,93
AMB-T2-022,2025-06-13,Random Forest,0.4996,MEDIO,25,3.0,2,0.95,1,7017.0,119
AMB-T2-019,2025-11-21,Random Forest,0.4996,MEDIO,2,4.5,3,0.925,0,6250.0,60
AMB-T2-030,2025-11-14,Random Forest,0.4996,MEDIO,13,0.0,2,1.0,1,5132.0,67
AMB-T2-013,2025-05-09,Random Forest,0.4994,MEDIO,2,6.8,3,0.8867,0,3433.0,76
AMB-T2-033,2025-09-12,Random Forest,0.4993,MEDIO,16,10.9,3,0.8183,1,6490.0,100
AMB-T2-002,2025-12-05,Random Forest,0.499,MEDIO,6,7.5,4,0.875,1,7471.0,94
AMB-T2-030,2025-08-08,Random Forest,0.4989,MEDIO,11,0.0,2,1.0,1,4087.0,70
AMB-T2-023,2025-05-30,Random Forest,0.4989,MEDIO,9,5.6,1,0.9067,1,4613.0,67
AMB-T2-010,2025-01-10,Random Forest,0.4982,MEDIO,25,3.3,1,0.945,0,4326.0,66
AMB-T2-001,2025-10-31,Random Forest,0.498,MEDIO,9,6.5,2,0.8917,0,3499.0,74
AMB-T2-013,2025-05-16,Random Forest,0.4974,MEDIO,9,5.3,2,0.9117,0,3433.0,76
AMB-T2-023,2025-06-06,Random Forest,0.4973,MEDIO,16,5.6,1,0.9067,1,3920.0,45
AMB-T2-002,2025-09-05,Random Forest,0.4973,MEDIO,24,10.1,1,0.8317,1,6522.0,95
AMB-T2-032,2025-11-28,Random Forest,0.4962,MEDIO,4,16.0,4,0.7333,0,5404.0,97
AMB-T2-009,2025-02-07,Random Forest,0.4956,MEDIO,8,5.7,3,0.905,0,3788.0,62
AMB-T2-032,2025-01-10,Random Forest,0.4955,MEDIO,10,0.0,0,1.0,1,6749.0,56
AMB-T2-016,2025-06-13,Random Forest,0.4952,MEDIO,15,0.0,1,1.0,1,6458.0,62
AMB-T2-032,2025-01-03,Random Forest,0.4951,MEDIO,3,0.0,0,1.0,1,6749.0,56
AMB-T2-006,2025-08-22,Random Forest,0.4951,MEDIO,52,0.0,1,1.0,0,2466.0,41
AMB-T2-002,2025-04-25,Random Forest,0.495,MEDIO,16,8.0,3,0.8667,1,6820.0,100
AMB-T2-012,2025-04-25,Random Forest,0.4949,MEDIO,11,11.9,3,0.8017,0,4468.0,104
AMB-T2-024,2025-02-14,Random Forest,0.4948,MEDIO,6,8.7,3,0.855,1,7972.0,128
AMB-T2-004,2025-01-31,Random Forest,0.4943,MEDIO,6,7.5,3,0.875,0,2311.0,27
AMB-T2-022,2025-05-16,Random Forest,0.4941,MEDIO,15,0.0,1,1.0,1,7375.0,118
AMB-T2-005,2025-09-19,Random Forest,0.4939,MEDIO,10,4.6,3,0.9233,0,6844.0,117
AMB-T2-027,2025-08-15,Random Forest,0.4939,MEDIO,37,7.6,0,0.8733,1,6263.0,66
AMB-T2-007,2025-01-10,Random Forest,0.4938,MEDIO,8,0.0,1,1.0,1,4683.0,81
AMB-T2-005,2025-09-26,Random Forest,0.4938,MEDIO,17,4.6,3,0.9233,0,6844.0,117
AMB-T2-023,2025-07-04,Random Forest,0.4937,MEDIO,9,10.2,2,0.83,1,3935.0,53
AMB-T2-032,2025-06-27,Random Forest,0.4934,MEDIO,31,1.2,3,0.98,1,5766.0,60
AMB-T2-003,2025-12-12,Random Forest,0.4932,MEDIO,16,0.0,2,1.0,1,3958.0,68
AMB-T2-025,2025-01-10,Random Forest,0.4929,MEDIO,14,0.0,1,1.0,1,4693.0,90
AMB-T2-024,2025-06-06,Random Forest,0.4927,MEDIO,14,0.0,2,1.0,0,6920.0,104
AMB-T2-023,2025-02-14,Random Forest,0.4927,MEDIO,39,11.5,2,0.8083,1,4845.0,67
AMB-T2-006,2025-10-03,Random Forest,0.4925,MEDIO,20,0.0,1,1.0,1,5005.0,66
AMB-T2-027,2025-01-17,Random Forest,0.4925,MEDIO,3,11.0,3,0.8167,0,4991.0,55
AMB-T2-009,2025-03-28,Random Forest,0.4923,MEDIO,34,4.1,3,0.9317,0,2884.0,48
AMB-T2-005,2025-11-21,Random Forest,0.4923,MEDIO,22,2.8,2,0.9533,1,7260.0,141
AMB-T2-030,2025-02-28,Random Forest,0.492,MEDIO,2,3.4,2,0.9433,0,3294.0,63
AMB-T2-013,2025-05-02,Random Forest,0.4916,MEDIO,25,6.8,3,0.8867,1,3433.0,76
AMB-T2-006,2025-08-29,Random Forest,0.4915,MEDIO,59,0.0,0,1.0,1,2466.0,41
AMB-T2-002,2025-01-31,Random Forest,0.4913,MEDIO,7,6.1,2,0.8983,0,2522.0,60
AMB-T2-013,2025-04-25,Random Forest,0.4913,MEDIO,18,6.8,3,0.8867,1,4889.0,87
AMB-T2-014,2025-01-31,Random Forest,0.4912,MEDIO,23,0.0,1,1.0,1,4328.0,37
AMB-T2-002,2025-01-17,Random Forest,0.4911,MEDIO,12,4.6,2,0.9233,0,5688.0,121
AMB-T2-008,2025-02-21,Random Forest,0.4911,MEDIO,50,0.0,0,1.0,1,4422.0,70
AMB-T2-019,2025-10-17,Random Forest,0.4911,MEDIO,19,0.0,1,1.0,1,6003.0,65
AMB-T2-010,2025-01-24,Random Forest,0.4909,MEDIO,39,3.3,1,0.945,0,4326.0,66
AMB-T2-012,2025-11-14,Random Forest,0.4909,MEDIO,12,8.4,4,0.86,0,6158.0,96
AMB-T2-021,2025-04-25,Random Forest,0.4906,MEDIO,18,1.8,2,0.97,0,6988.0,120
AMB-T2-008,2025-01-17,Random Forest,0.4905,MEDIO,15,0.0,1,1.0,1,3566.0,66
AMB-T2-033,2025-09-05,Random Forest,0.4904,MEDIO,9,10.9,3,0.8183,1,6490.0,100
AMB-T2-032,2025-11-07,Random Forest,0.4904,MEDIO,4,14.5,4,0.7583,0,5404.0,97
AMB-T2-026,2025-10-31,Random Forest,0.4903,MEDIO,30,8.8,3,0.8533,0,3388.0,72
AMB-T2-016,2025-03-21,Random Forest,0.4898,MEDIO,15,0.0,1,1.0,1,5758.0,76
AMB-T2-027,2025-08-08,Random Forest,0.4897,MEDIO,30,7.6,0,0.8733,1,6263.0,66
AMB-T2-017,2025-04-11,Random Forest,0.4895,MEDIO,60,0.0,0,1.0,1,6770.0,120
AMB-T2-017,2025-04-25,Random Forest,0.4895,MEDIO,60,0.0,0,1.0,1,6770.0,120
AMB-T2-017,2025-04-18,Random Forest,0.4895,MEDIO,60,0.0,0,1.0,1,6770.0,120
AMB-T2-017,2025-04-04,Random Forest,0.4895,MEDIO,60,0.0,0,1.0,1,6770.0,120
AMB-T2-015,2025-07-11,Random Forest,0.4886,MEDIO,13,0.0,1,1.0,1,6511.0,47
AMB-T2-008,2025-01-10,Random Forest,0.4881,MEDIO,8,0.0,1,1.0,1,3566.0,66
AMB-T2-019,2025-08-15,Random Forest,0.4877,MEDIO,55,0.0,0,1.0,1,5728.0,69
AMB-T2-007,2025-06-27,Random Forest,0.4877,MEDIO,5,3.6,1,0.94,1,5030.0,73
AMB-T2-011,2025-07-04,Random Forest,0.487,MEDIO,12,4.5,1,0.925,1,4644.0,71
AMB-T2-019,2025-01-17,Random Forest,0.487,MEDIO,10,0.0,1,1.0,1,5271.0,80
AMB-T2-021,2025-11-14,Random Forest,0.4868,MEDIO,9,0.0,2,1.0,1,8427.0,116
AMB-T2-013,2025-08-01,Random Forest,0.4868,MEDIO,8,0.0,1,1.0,1,5021.0,93
AMB-T2-006,2025-03-14,Random Forest,0.4865,MEDIO,21,6.6,2,0.89,0,3165.0,66
AMB-T2-031,2025-08-08,Random Forest,0.4858,MEDIO,47,1.1,2,0.9817,0,6245.0,122
AMB-T2-010,2025-01-17,Random Forest,0.4855,MEDIO,32,3.3,1,0.945,0,4326.0,66
AMB-T2-004,2025-01-24,Random Forest,0.4854,MEDIO,2,4.1,2,0.9317,0,5496.0,63
AMB-T2-015,2025-01-17,Random Forest,0.4853,MEDIO,15,0.0,1,1.0,1,4506.0,89
AMB-T2-029,2025-05-30,Random Forest,0.4849,MEDIO,24,6.0,1,0.9,1,4690.0,80
AMB-T2-019,2025-10-03,Random Forest,0.4849,MEDIO,5,0.0,1,1.0,1,6003.0,65
AMB-T2-003,2025-03-07,Random Forest,0.4848,MEDIO,52,0.0,0,1.0,1,5069.0,49
AMB-T2-026,2025-08-29,Random Forest,0.4846,MEDIO,0,3.8,2,0.9367,0,7472.0,122
AMB-T2-013,2025-03-28,Random Forest,0.4843,MEDIO,12,1.5,2,0.975,1,5971.0,96
AMB-T2-020,2025-01-10,Random Forest,0.4842,MEDIO,12,0.9,2,0.985,0,5182.0,78
AMB-T2-016,2025-07-11,Random Forest,0.4838,MEDIO,4,0.0,2,1.0,1,5204.0,82
AMB-T2-010,2025-04-25,Random Forest,0.4835,MEDIO,6,10.8,2,0.82,1,5730.0,66
AMB-T2-028,2025-06-13,Random Forest,0.4835,MEDIO,5,0.0,2,1.0,1,2122.0,55
AMB-T2-031,2025-01-31,Random Forest,0.4833,MEDIO,4,2.8,2,0.9533,0,3642.0,58
AMB-T2-029,2025-03-14,Random Forest,0.4833,MEDIO,17,3.9,2,0.935,1,5197.0,92
AMB-T2-021,2025-10-10,Random Forest,0.4833,MEDIO,7,0.0,1,1.0,1,8390.0,93
AMB-T2-022,2025-05-23,Random Forest,0.4832,MEDIO,4,3.0,2,0.95,1,7375.0,118
AMB-T2-002,2025-04-18,Random Forest,0.4829,MEDIO,9,8.0,3,0.8667,1,6820.0,100
AMB-T2-026,2025-03-14,Random Forest,0.4824,MEDIO,6,0.0,2,1.0,1,8346.0,95
AMB-T2-029,2025-11-28,Random Forest,0.4822,MEDIO,3,0.0,1,1.0,1,5758.0,71
AMB-T2-005,2025-03-21,Random Forest,0.4822,MEDIO,43,7.3,3,0.8783,1,7942.0,127
AMB-T2-033,2025-06-27,Random Forest,0.482,MEDIO,6,14.2,4,0.7633,0,5886.0,73
AMB-T2-021,2025-07-04,Random Forest,0.4817,MEDIO,31,1.6,1,0.9733,1,6377.0,124
AMB-T2-031,2025-08-01,Random Forest,0.4817,MEDIO,40,1.1,2,0.9817,0,6245.0,122
AMB-T2-024,2025-08-08,Random Forest,0.4817,MEDIO,7,8.9,5,0.8517,0,6708.0,84
AMB-T2-021,2025-01-03,Random Forest,0.4815,MEDIO,14,0.5,1,0.9917,0,6503.0,123
AMB-T2-002,2025-01-10,Random Forest,0.4811,MEDIO,5,4.6,2,0.9233,0,5688.0,121
AMB-T2-015,2025-06-20,Random Forest,0.4811,MEDIO,5,1.4,1,0.9767,1,5701.0,63
AMB-T2-001,2025-03-21,Random Forest,0.4811,MEDIO,7,1.5,1,0.975,1,7873.0,120
AMB-T2-024,2025-01-17,Random Forest,0.4807,MEDIO,2,7.7,3,0.8717,1,8482.0,117
AMB-T2-028,2025-10-24,Random Forest,0.4804,MEDIO,43,0.0,1,1.0,0,2696.0,60
AMB-T2-020,2025-01-03,Random Forest,0.4803,MEDIO,5,0.9,2,0.985,0,5182.0,78
AMB-T2-029,2025-06-27,Random Forest,0.4799,MEDIO,24,6.0,2,0.9,1,3728.0,92
AMB-T2-023,2025-10-31,Random Forest,0.4796,MEDIO,60,0.0,0,1.0,1,1913.0,30
AMB-T2-030,2025-11-07,Random Forest,0.4794,MEDIO,6,0.0,2,1.0,1,5132.0,67
AMB-T2-029,2025-02-14,Random Forest,0.4791,MEDIO,29,2.0,1,0.9667,1,3737.0,106
AMB-T2-012,2025-05-02,Random Forest,0.4787,MEDIO,18,11.9,3,0.8017,0,5261.0,94
AMB-T2-029,2025-09-26,Random Forest,0.4786,MEDIO,23,8.2,2,0.8633,0,4111.0,51
AMB-T2-028,2025-04-11,Random Forest,0.4786,MEDIO,9,3.3,2,0.945,1,4029.0,31
AMB-T2-024,2025-11-14,Random Forest,0.478,MEDIO,0,12.9,3,0.785,0,8358.0,115
AMB-T2-027,2025-01-31,Random Forest,0.4778,MEDIO,17,11.0,3,0.8167,0,2271.0,27
AMB-T2-011,2025-07-11,Random Forest,0.4778,MEDIO,19,4.5,1,0.925,1,4644.0,71
AMB-T2-022,2025-11-28,Random Forest,0.4774,MEDIO,2,2.9,2,0.9517,1,6941.0,92
AMB-T2-028,2025-08-08,Random Forest,0.477,MEDIO,33,1.3,2,0.9783,1,4983.0,87
AMB-T2-030,2025-11-21,Random Forest,0.4768,MEDIO,20,0.0,2,1.0,1,5132.0,67
AMB-T2-020,2025-01-17,Random Forest,0.4765,MEDIO,19,0.9,2,0.985,0,5182.0,78
AMB-T2-028,2025-05-30,Random Forest,0.4751,MEDIO,24,3.3,2,0.945,1,3352.0,53
AMB-T2-029,2025-12-05,Random Forest,0.475,MEDIO,10,0.0,1,1.0,1,5284.0,91
AMB-T2-029,2025-10-10,Random Forest,0.4748,MEDIO,37,8.2,2,0.8633,0,5248.0,49
AMB-T2-015,2025-07-04,Random Forest,0.4748,MEDIO,6,0.0,1,1.0,1,6511.0,47
AMB-T2-004,2025-12-05,Random Forest,0.4748,MEDIO,15,0.0,1,1.0,0,5016.0,95
AMB-T2-014,2025-09-26,Random Forest,0.4744,MEDIO,18,0.0,2,1.0,0,8085.0,113
AMB-T2-021,2025-01-10,Random Forest,0.4744,MEDIO,21,0.5,1,0.9917,0,6503.0,123
AMB-T2-021,2025-02-14,Random Forest,0.4743,MEDIO,18,10.3,2,0.8283,0,5971.0,88
AMB-T2-003,2025-12-05,Random Forest,0.4742,MEDIO,9,0.0,2,1.0,1,3958.0,68
AMB-T2-016,2025-06-06,Random Forest,0.4742,MEDIO,8,0.0,1,1.0,1,6458.0,62
AMB-T2-023,2025-07-11,Random Forest,0.4738,MEDIO,16,10.2,2,0.83,1,3935.0,53
AMB-T2-005,2025-02-14,Random Forest,0.4734,MEDIO,8,7.3,3,0.8783,1,7634.0,123
AMB-T2-008,2025-10-31,Random Forest,0.4734,MEDIO,60,0.0,0,1.0,1,2095.0,55
AMB-T2-020,2025-09-05,Random Forest,0.4733,MEDIO,57,0.0,0,1.0,1,5635.0,77
AMB-T2-031,2025-12-12,Random Forest,0.4733,MEDIO,4,21.3,5,0.645,0,5935.0,116
AMB-T2-001,2025-07-11,Random Forest,0.473,MEDIO,12,0.0,1,1.0,1,7480.0,86
AMB-T2-028,2025-06-27,Random Forest,0.4726,MEDIO,11,0.0,2,1.0,1,2122.0,55
AMB-T2-030,2025-08-01,Random Forest,0.4725,MEDIO,4,0.0,2,1.0,1,4087.0,70
AMB-T2-026,2025-01-31,Random Forest,0.4724,MEDIO,0,12.3,4,0.795,0,3656.0,70
AMB-T2-026,2025-05-09,Random Forest,0.4723,MEDIO,0,12.7,5,0.7883,0,5801.0,102
AMB-T2-008,2025-01-24,Random Forest,0.472,MEDIO,22,0.0,1,1.0,1,3566.0,66
AMB-T2-021,2025-01-17,Random Forest,0.471,MEDIO,5,4.9,2,0.9183,0,6503.0,123
AMB-T2-033,2025-01-03,Random Forest,0.4705,MEDIO,4,3.4,1,0.9433,0,7457.0,72
AMB-T2-021,2025-08-29,Random Forest,0.4694,MEDIO,18,9.4,4,0.8433,0,6649.0,112
AMB-T2-022,2025-08-29,Random Forest,0.4692,MEDIO,6,6.5,3,0.8917,0,8123.0,113
AMB-T2-019,2025-03-07,Random Forest,0.4691,MEDIO,12,0.0,1,1.0,1,3743.0,75
AMB-T2-023,2025-11-14,Random Forest,0.4689,MEDIO,2,3.6,1,0.94,1,3936.0,66
AMB-T2-032,2025-08-08,Random Forest,0.4685,MEDIO,19,3.7,1,0.9383,1,5681.0,100
AMB-T2-012,2025-04-18,Random Forest,0.4684,MEDIO,4,13.9,4,0.7683,0,4468.0,104
AMB-T2-015,2025-02-14,Random Forest,0.4677,MEDIO,9,4.6,2,0.9233,1,5178.0,87
AMB-T2-032,2025-08-01,Random Forest,0.4676,MEDIO,12,3.7,1,0.9383,1,5681.0,100
AMB-T2-015,2025-07-18,Random Forest,0.4673,MEDIO,20,0.0,1,1.0,1,6511.0,47
AMB-T2-021,2025-02-07,Random Forest,0.4672,MEDIO,11,10.3,2,0.8283,0,5971.0,88
AMB-T2-006,2025-08-15,Random Forest,0.4665,MEDIO,45,0.0,1,1.0,0,2466.0,41
AMB-T2-013,2025-04-11,Random Forest,0.4665,MEDIO,4,6.8,3,0.8867,1,4889.0,87
AMB-T2-017,2025-06-13,Random Forest,0.4662,MEDIO,16,1.9,1,0.9683,1,5934.0,75
AMB-T2-006,2025-05-09,Random Forest,0.4661,MEDIO,10,4.6,2,0.9233,1,2768.0,96
AMB-T2-006,2025-10-31,Random Forest,0.4661,MEDIO,18,0.6,2,0.99,1,2972.0,43
AMB-T2-019,2025-01-10,Random Forest,0.4654,MEDIO,3,0.0,1,1.0,1,5271.0,80
AMB-T2-011,2025-10-10,Random Forest,0.4653,MEDIO,26,5.7,1,0.905,1,4655.0,78
AMB-T2-028,2025-04-18,Random Forest,0.4652,MEDIO,16,3.3,2,0.945,1,4029.0,31
AMB-T2-030,2025-07-25,Random Forest,0.4652,MEDIO,17,0.0,1,1.0,1,3846.0,94
AMB-T2-027,2025-05-16,Random Forest,0.4651,MEDIO,19,7.9,4,0.8683,0,4537.0,68
AMB-T2-004,2025-07-25,Random Forest,0.4649,MEDIO,16,0.0,2,1.0,1,3573.0,48
AMB-T2-002,2025-10-10,Random Forest,0.4649,MEDIO,3,18.3,4,0.695,0,5877.0,111
AMB-T2-016,2025-08-08,Random Forest,0.4649,MEDIO,23,0.0,1,1.0,1,3726.0,92
AMB-T2-006,2025-03-21,Random Forest,0.4649,MEDIO,28,6.6,2,0.89,0,3165.0,66
AMB-T2-006,2025-05-02,Random Forest,0.4645,MEDIO,3,4.6,2,0.9233,1,2768.0,96
AMB-T2-017,2025-06-06,Random Forest,0.4641,MEDIO,9,1.9,1,0.9683,1,5934.0,75
AMB-T2-013,2025-08-15,Random Forest,0.4632,MEDIO,22,0.0,1,1.0,1,5021.0,93
AMB-T2-021,2025-09-05,Random Forest,0.463,MEDIO,25,9.4,4,0.8433,0,7165.0,100
AMB-T2-012,2025-07-18,Random Forest,0.4628,MEDIO,7,0.0,2,1.0,0,5110.0,103
AMB-T2-021,2025-01-31,Random Forest,0.4627,MEDIO,4,10.3,2,0.8283,0,2993.0,50
AMB-T2-001,2025-12-12,Random Forest,0.4627,MEDIO,5,10.9,3,0.8183,0,9054.0,112
AMB-T2-004,2025-06-27,Random Forest,0.4627,MEDIO,13,0.0,1,1.0,1,4750.0,80
AMB-T2-003,2025-05-09,Random Forest,0.4626,MEDIO,19,0.0,1,1.0,1,4053.0,88
AMB-T2-010,2025-05-30,Random Forest,0.4624,MEDIO,41,5.7,1,0.905,1,5431.0,62
AMB-T2-028,2025-12-05,Random Forest,0.4623,MEDIO,17,5.0,2,0.9167,0,3566.0,65
AMB-T2-003,2025-07-25,Random Forest,0.4622,MEDIO,7,6.6,2,0.89,0,2763.0,100
AMB-T2-027,2025-04-25,Random Forest,0.462,MEDIO,30,15.3,6,0.745,0,4782.0,93
AMB-T2-013,2025-03-21,Random Forest,0.462,MEDIO,5,1.5,2,0.975,1,5971.0,96
AMB-T2-022,2025-07-11,Random Forest,0.4616,MEDIO,13,6.6,2,0.89,1,7418.0,121
AMB-T2-003,2025-05-02,Random Forest,0.4615,MEDIO,12,0.0,1,1.0,1,4053.0,88
AMB-T2-029,2025-07-18,Random Forest,0.4611,MEDIO,13,0.0,1,1.0,1,4211.0,55
AMB-T2-024,2025-06-13,Random Forest,0.461,MEDIO,21,0.0,2,1.0,0,6920.0,104
AMB-T2-025,2025-07-25,Random Forest,0.4609,MEDIO,3,0.0,0,1.0,1,5099.0,81
AMB-T2-016,2025-08-01,Random Forest,0.4608,MEDIO,16,0.0,1,1.0,1,3726.0,92
AMB-T2-016,2025-06-20,Random Forest,0.4603,MEDIO,22,0.0,1,1.0,1,6458.0,62
AMB-T2-029,2025-02-28,Random Forest,0.4602,MEDIO,3,5.9,3,0.9017,1,3737.0,106
AMB-T2-015,2025-10-31,Random Forest,0.4602,MEDIO,60,0.0,0,1.0,1,2690.0,42
AMB-T2-013,2025-10-31,Random Forest,0.4602,MEDIO,60,0.0,0,1.0,1,2677.0,42
AMB-T2-006,2025-06-27,Random Forest,0.4601,MEDIO,1,0.0,3,1.0,0,3331.0,67
AMB-T2-026,2025-01-10,Random Forest,0.46,MEDIO,14,10.3,2,0.8283,1,7375.0,135
AMB-T2-013,2025-04-04,Random Forest,0.46,MEDIO,19,1.5,2,0.975,1,4889.0,87
AMB-T2-016,2025-11-28,Random Forest,0.4599,MEDIO,19,0.0,1,1.0,1,3953.0,90
AMB-T2-010,2025-05-16,Random Forest,0.4599,MEDIO,27,5.7,1,0.905,1,5431.0,62
AMB-T2-004,2025-08-01,Random Forest,0.4597,MEDIO,23,0.0,2,1.0,1,4444.0,58
AMB-T2-012,2025-06-27,Random Forest,0.4597,MEDIO,17,0.0,1,1.0,0,4394.0,90
AMB-T2-023,2025-01-31,Random Forest,0.4592,MEDIO,25,11.5,2,0.8083,1,2192.0,23
AMB-T2-020,2025-10-31,Random Forest,0.459,MEDIO,60,0.0,0,1.0,1,2556.0,39
AMB-T2-032,2025-03-21,Random Forest,0.4588,MEDIO,9,11.2,4,0.8133,0,7399.0,97
AMB-T2-029,2025-10-03,Random Forest,0.4586,MEDIO,30,8.2,2,0.8633,0,5248.0,49
AMB-T2-021,2025-10-24,Random Forest,0.4584,MEDIO,21,0.0,1,1.0,1,8390.0,93
AMB-T2-008,2025-08-29,Random Forest,0.4583,MEDIO,53,0.0,1,1.0,1,4812.0,59
AMB-T2-020,2025-02-21,Random Forest,0.4581,MEDIO,54,0.0,0,1.0,1,5203.0,120
AMB-T2-013,2025-03-14,Random Forest,0.4579,MEDIO,5,0.0,2,1.0,1,5971.0,96
AMB-T2-027,2025-03-21,Random Forest,0.4578,MEDIO,2,10.0,5,0.8333,0,5186.0,98
AMB-T2-023,2025-05-23,Random Forest,0.4575,MEDIO,2,5.6,1,0.9067,1,4613.0,67
AMB-T2-020,2025-11-07,Random Forest,0.4571,MEDIO,60,0.0,0,1.0,1,6578.0,85
AMB-T2-007,2025-01-24,Random Forest,0.4571,MEDIO,22,0.0,1,1.0,1,4683.0,81
AMB-T2-020,2025-11-14,Random Forest,0.4571,MEDIO,60,0.0,0,1.0,1,6578.0,85
AMB-T2-020,2025-11-21,Random Forest,0.4571,MEDIO,60,0.0,0,1.0,1,6578.0,85
AMB-T2-020,2025-11-28,Random Forest,0.4571,MEDIO,60,0.0,0,1.0,1,6578.0,85
AMB-T2-010,2025-07-25,Random Forest,0.457,MEDIO,10,16.5,4,0.725,0,4428.0,74
AMB-T2-028,2025-01-31,Random Forest,0.4569,MEDIO,17,0.0,1,1.0,1,1929.0,43
AMB-T2-009,2025-05-09,Random Forest,0.4564,MEDIO,14,1.5,1,0.975,1,6201.0,64
AMB-T2-001,2025-09-05,Random Forest,0.4564,MEDIO,60,0.0,0,1.0,1,8973.0,124
AMB-T2-001,2025-09-12,Random Forest,0.4564,MEDIO,60,0.0,0,1.0,1,8973.0,124
AMB-T2-001,2025-09-19,Random Forest,0.4564,MEDIO,60,0.0,0,1.0,1,8973.0,124
AMB-T2-001,2025-09-26,Random Forest,0.4564,MEDIO,60,0.0,0,1.0,1,8973.0,124
AMB-T2-007,2025-10-31,Random Forest,0.4562,MEDIO,60,0.0,0,1.0,1,2498.0,27
AMB-T2-015,2025-02-21,Random Forest,0.4562,MEDIO,16,4.6,2,0.9233,1,5178.0,87
AMB-T2-009,2025-10-03,Random Forest,0.456,MEDIO,15,4.7,1,0.9217,0,3848.0,46
AMB-T2-014,2025-10-31,Random Forest,0.456,MEDIO,53,0.0,1,1.0,1,3121.0,67
AMB-T2-008,2025-02-14,Random Forest,0.4558,MEDIO,43,0.0,0,1.0,1,4422.0,70
AMB-T2-028,2025-10-03,Random Forest,0.4556,MEDIO,22,0.0,1,1.0,0,2696.0,60
AMB-T2-009,2025-05-02,Random Forest,0.4555,MEDIO,7,1.5,1,0.975,1,6201.0,64
AMB-T2-022,2025-08-22,Random Forest,0.4552,MEDIO,14,9.6,3,0.84,0,8123.0,113
AMB-T2-008,2025-07-25,Random Forest,0.4551,MEDIO,18,0.0,1,1.0,1,4498.0,87
AMB-T2-011,2025-10-17,Random Forest,0.4551,MEDIO,33,5.7,1,0.905,1,4655.0,78
AMB-T2-028,2025-02-28,Random Forest,0.455,MEDIO,45,0.0,1,1.0,1,3186.0,80
AMB-T2-022,2025-11-21,Random Forest,0.4544,MEDIO,13,0.0,1,1.0,1,6941.0,92
AMB-T2-004,2025-07-18,Random Forest,0.4543,MEDIO,9,0.0,2,1.0,1,3573.0,48
AMB-T2-016,2025-11-21,Random Forest,0.454,MEDIO,12,0.0,1,1.0,1,3953.0,90
AMB-T2-015,2025-01-24,Random Forest,0.4537,MEDIO,22,0.0,1,1.0,1,4506.0,89
AMB-T2-008,2025-04-25,Random Forest,0.4536,MEDIO,60,0.0,0,1.0,1,3615.0,44
AMB-T2-006,2025-07-18,Random Forest,0.4531,MEDIO,17,0.0,2,1.0,0,3073.0,57
AMB-T2-007,2025-07-11,Random Forest,0.4529,MEDIO,19,3.6,1,0.94,1,4591.0,78
AMB-T2-013,2025-05-23,Random Forest,0.4529,MEDIO,16,5.3,2,0.9117,0,3433.0,76
AMB-T2-016,2025-02-28,Random Forest,0.4528,MEDIO,57,0.0,0,1.0,1,4832.0,70
AMB-T2-026,2025-07-11,Random Forest,0.4525,MEDIO,0,0.0,1,1.0,1,7974.0,125
AMB-T2-024,2025-08-01,Random Forest,0.4523,MEDIO,0,8.9,5,0.8517,0,6708.0,84
AMB-T2-026,2025-07-04,Random Forest,0.4522,MEDIO,56,3.6,1,0.94,1,7974.0,125
AMB-T2-013,2025-06-27,Random Forest,0.452,MEDIO,22,0.0,1,1.0,0,4297.0,59
AMB-T2-025,2025-01-24,Random Forest,0.4515,MEDIO,13,0.0,1,1.0,1,4693.0,90
AMB-T2-029,2025-07-25,Random Forest,0.4514,MEDIO,20,0.0,1,1.0,1,4211.0,55
AMB-T2-002,2025-10-03,Random Forest,0.4513,MEDIO,5,14.7,3,0.755,0,5877.0,111
AMB-T2-016,2025-03-28,Random Forest,0.451,MEDIO,22,0.0,1,1.0,1,5758.0,76
AMB-T2-007,2025-07-04,Random Forest,0.451,MEDIO,12,3.6,1,0.94,1,4591.0,78
AMB-T2-003,2025-01-24,Random Forest,0.4508,MEDIO,10,0.0,0,1.0,1,4949.0,85
AMB-T2-032,2025-10-17,Random Forest,0.4506,MEDIO,21,6.7,3,0.8883,1,4876.0,84
AMB-T2-023,2025-07-18,Random Forest,0.4502,MEDIO,23,10.2,2,0.83,1,3935.0,53
AMB-T2-025,2025-01-31,Random Forest,0.4498,MEDIO,20,0.0,1,1.0,1,2388.0,36
AMB-T2-015,2025-01-10,Random Forest,0.4497,MEDIO,8,0.0,1,1.0,1,4506.0,89
AMB-T2-027,2025-05-09,Random Forest,0.4496,MEDIO,12,7.9,4,0.8683,0,4537.0,68
AMB-T2-023,2025-01-10,Random Forest,0.4494,MEDIO,4,12.6,3,0.79,1,4860.0,61
AMB-T2-016,2025-03-14,Random Forest,0.4489,MEDIO,8,0.0,1,1.0,1,5758.0,76
AMB-T2-029,2025-08-22,Random Forest,0.4486,MEDIO,48,0.0,0,1.0,1,4373.0,51
AMB-T2-021,2025-11-28,Random Forest,0.4485,MEDIO,23,0.0,2,1.0,1,8427.0,116
AMB-T2-003,2025-01-17,Random Forest,0.4479,MEDIO,3,0.0,0,1.0,1,4949.0,85
AMB-T2-003,2025-07-11,Random Forest,0.4477,MEDIO,2,4.0,1,0.9333,0,2763.0,100
AMB-T2-009,2025-01-31,Random Forest,0.4476,MEDIO,1,5.7,3,0.905,0,2005.0,42
AMB-T2-004,2025-01-03,Random Forest,0.4476,MEDIO,3,4.1,2,0.9317,0,5496.0,63
AMB-T2-001,2025-12-05,Random Forest,0.4475,MEDIO,31,10.4,2,0.8267,0,9054.0,112
AMB-T2-023,2025-06-27,Random Forest,0.4474,MEDIO,2,10.2,2,0.83,1,3920.0,45
AMB-T2-018,2025-11-07,Random Forest,0.4474,MEDIO,16,1.9,1,0.9683,1,6087.0,87
AMB-T2-019,2025-09-12,Random Forest,0.4473,MEDIO,60,0.0,0,1.0,1,5527.0,64
AMB-T2-019,2025-09-05,Random Forest,0.4473,MEDIO,60,0.0,0,1.0,1,5527.0,64
AMB-T2-019,2025-09-26,Random Forest,0.4473,MEDIO,60,0.0,0,1.0,1,5527.0,64
AMB-T2-019,2025-09-19,Random Forest,0.4473,MEDIO,60,0.0,0,1.0,1,5527.0,64
AMB-T2-019,2025-08-08,Random Forest,0.4471,MEDIO,48,0.0,0,1.0,1,5728.0,69
AMB-T2-010,2025-09-26,Random Forest,0.4469,MEDIO,4,9.3,4,0.845,0,5115.0,48
AMB-T2-002,2025-05-02,Random Forest,0.4468,MEDIO,23,2.8,1,0.9533,1,6653.0,105
AMB-T2-021,2025-08-22,Random Forest,0.4468,MEDIO,11,9.4,4,0.8433,0,6649.0,112
AMB-T2-019,2025-01-03,Random Forest,0.4466,MEDIO,9,0.0,1,1.0,1,5271.0,80
AMB-T2-024,2025-05-30,Random Forest,0.4465,MEDIO,7,0.0,2,1.0,0,7872.0,80
AMB-T2-030,2025-07-18,Random Forest,0.4465,MEDIO,10,0.0,1,1.0,1,3846.0,94
AMB-T2-028,2025-06-20,Random Forest,0.4462,MEDIO,4,0.0,2,1.0,1,2122.0,55
AMB-T2-028,2025-09-26,Random Forest,0.446,MEDIO,15,0.0,1,1.0,0,2857.0,73
AMB-T2-006,2025-07-25,Random Forest,0.4456,MEDIO,24,0.0,2,1.0,0,3073.0,57
AMB-T2-008,2025-03-07,Random Forest,0.4455,MEDIO,11,0.0,1,1.0,1,4326.0,65
AMB-T2-015,2025-02-07,Random Forest,0.4452,MEDIO,2,4.6,2,0.9233,1,5178.0,87
AMB-T2-028,2025-10-17,Random Forest,0.4451,MEDIO,36,0.0,1,1.0,0,2696.0,60
AMB-T2-001,2025-11-07,Random Forest,0.4449,MEDIO,3,10.9,3,0.8183,0,8013.0,132
AMB-T2-006,2025-09-12,Random Forest,0.4445,MEDIO,60,0.0,0,1.0,1,3300.0,34
AMB-T2-005,2025-01-31,Random Forest,0.4445,MEDIO,8,0.0,1,1.0,1,4011.0,71
AMB-T2-006,2025-09-05,Random Forest,0.4445,MEDIO,60,0.0,0,1.0,1,3300.0,34
AMB-T2-010,2025-07-11,Random Forest,0.4445,MEDIO,5,14.0,3,0.7667,0,4428.0,74
AMB-T2-029,2025-03-07,Random Forest,0.4444,MEDIO,10,5.9,3,0.9017,1,5197.0,92
AMB-T2-007,2025-07-25,Random Forest,0.4441,MEDIO,3,3.6,2,0.94,0,4591.0,78
AMB-T2-024,2025-05-16,Random Forest,0.444,MEDIO,10,0.0,2,1.0,0,7872.0,80
AMB-T2-026,2025-01-03,Random Forest,0.4439,MEDIO,7,10.3,2,0.8283,1,7375.0,135
AMB-T2-001,2025-03-14,Random Forest,0.4434,MEDIO,0,1.5,1,0.975,1,7873.0,120
AMB-T2-030,2025-10-17,Random Forest,0.4433,MEDIO,19,0.0,1,1.0,1,4553.0,95
AMB-T2-003,2025-09-19,Random Forest,0.4432,MEDIO,60,0.0,0,1.0,1,2987.0,73
AMB-T2-028,2025-09-05,Random Forest,0.4432,MEDIO,60,0.0,0,1.0,1,2857.0,73
AMB-T2-003,2025-09-26,Random Forest,0.4432,MEDIO,60,0.0,0,1.0,1,2987.0,73
AMB-T2-021,2025-03-07,Random Forest,0.4431,MEDIO,4,13.5,4,0.775,0,6606.0,113
AMB-T2-025,2025-01-03,Random Forest,0.4429,MEDIO,7,0.0,1,1.0,1,4693.0,90
AMB-T2-020,2025-01-24,Random Forest,0.4424,MEDIO,26,0.9,2,0.985,0,5182.0,78
AMB-T2-012,2025-11-07,Random Forest,0.4423,MEDIO,5,8.4,4,0.86,0,6158.0,96
AMB-T2-023,2025-11-28,Random Forest,0.4422,MEDIO,1,7.2,2,0.88,1,3936.0,66
AMB-T2-024,2025-04-11,Random Forest,0.442,MEDIO,18,1.0,1,0.9833,1,8441.0,109
AMB-T2-022,2025-05-09,Random Forest,0.4417,MEDIO,8,0.0,1,1.0,1,7375.0,118
AMB-T2-010,2025-03-21,Random Forest,0.4414,MEDIO,19,5.1,1,0.915,1,5813.0,79
AMB-T2-030,2025-10-10,Random Forest,0.4414,MEDIO,12,0.0,1,1.0,1,4553.0,95
AMB-T2-011,2025-04-25,Random Forest,0.4414,MEDIO,9,2.5,2,0.9583,1,4685.0,61
AMB-T2-013,2025-06-20,Random Forest,0.4413,MEDIO,15,0.0,1,1.0,0,4297.0,59
AMB-T2-010,2025-05-23,Random Forest,0.4409,MEDIO,34,5.7,1,0.905,1,5431.0,62
AMB-T2-030,2025-01-24,Random Forest,0.4405,MEDIO,39,0.0,1,1.0,0,3456.0,60
AMB-T2-006,2025-01-24,Random Forest,0.4405,MEDIO,0,9.9,3,0.835,0,5283.0,54
AMB-T2-009,2025-07-04,Random Forest,0.4403,MEDIO,3,0.0,0,1.0,1,3464.0,32
AMB-T2-001,2025-07-18,Random Forest,0.44,MEDIO,19,0.0,1,1.0,1,7480.0,86
AMB-T2-010,2025-08-08,Random Forest,0.4399,MEDIO,9,18.1,5,0.6983,0,6022.0,78
AMB-T2-012,2025-07-11,Random Forest,0.4398,MEDIO,0,0.0,2,1.0,0,5110.0,103
AMB-T2-016,2025-10-10,Random Forest,0.4397,MEDIO,60,0.0,0,1.0,1,3587.0,91
AMB-T2-016,2025-10-17,Random Forest,0.4397,MEDIO,60,0.0,0,1.0,1,3587.0,91
AMB-T2-016,2025-10-24,Random Forest,0.4397,MEDIO,60,0.0,0,1.0,1,3587.0,91
AMB-T2-016,2025-10-03,Random Forest,0.4397,MEDIO,60,0.0,0,1.0,1,3587.0,91
AMB-T2-033,2025-08-29,Random Forest,0.4397,MEDIO,2,10.9,3,0.8183,1,6549.0,94
AMB-T2-008,2025-07-18,Random Forest,0.4397,MEDIO,11,0.0,1,1.0,1,4498.0,87
AMB-T2-009,2025-09-05,Random Forest,0.4395,MEDIO,50,0.0,1,1.0,0,3070.0,38
AMB-T2-009,2025-11-28,Random Forest,0.4394,MEDIO,60,0.0,0,1.0,1,5108.0,58
AMB-T2-009,2025-11-21,Random Forest,0.4394,MEDIO,60,0.0,0,1.0,1,5108.0,58
AMB-T2-033,2025-11-28,Random Forest,0.4388,MEDIO,6,11.9,3,0.8017,0,6108.0,93
AMB-T2-019,2025-04-25,Random Forest,0.4387,MEDIO,60,0.0,0,1.0,1,2950.0,87
AMB-T2-012,2025-04-04,Random Forest,0.4385,MEDIO,3,10.3,3,0.8283,0,4468.0,104
AMB-T2-001,2025-10-24,Random Forest,0.4383,MEDIO,2,6.5,2,0.8917,0,8230.0,140
AMB-T2-007,2025-03-28,Random Forest,0.4379,MEDIO,60,0.0,0,1.0,1,4307.0,65
AMB-T2-011,2025-07-18,Random Forest,0.4379,MEDIO,26,4.5,1,0.925,1,4644.0,71
AMB-T2-029,2025-07-11,Random Forest,0.4378,MEDIO,6,0.0,1,1.0,1,4211.0,55
AMB-T2-001,2025-07-04,Random Forest,0.4376,MEDIO,5,0.0,1,1.0,1,7480.0,86
AMB-T2-014,2025-01-24,Random Forest,0.4372,MEDIO,16,0.0,1,1.0,1,7516.0,85
AMB-T2-028,2025-02-07,Random Forest,0.4371,MEDIO,24,0.0,1,1.0,1,3186.0,80
AMB-T2-014,2025-06-27,Random Forest,0.4369,MEDIO,60,0.0,0,1.0,1,7674.0,132
AMB-T2-014,2025-06-20,Random Forest,0.4369,MEDIO,60,0.0,0,1.0,1,7674.0,132
AMB-T2-014,2025-06-13,Random Forest,0.4369,MEDIO,60,0.0,0,1.0,1,7674.0,132
AMB-T2-014,2025-06-06,Random Forest,0.4369,MEDIO,60,0.0,0,1.0,1,7674.0,132
AMB-T2-003,2025-10-31,Random Forest,0.4369,MEDIO,14,0.0,1,1.0,1,1998.0,23
AMB-T2-008,2025-02-28,Random Forest,0.4367,MEDIO,4,0.0,1,1.0,1,4422.0,70
AMB-T2-003,2025-04-25,Random Forest,0.4364,MEDIO,5,0.0,1,1.0,1,3429.0,71
AMB-T2-008,2025-03-14,Random Forest,0.4363,MEDIO,18,0.0,1,1.0,1,4326.0,65
AMB-T2-009,2025-07-11,Random Forest,0.4362,MEDIO,10,0.0,0,1.0,1,3464.0,32
AMB-T2-019,2025-04-11,Random Forest,0.4359,MEDIO,47,0.0,1,1.0,1,2950.0,87
AMB-T2-004,2025-03-21,Random Forest,0.4358,MEDIO,55,3.4,1,0.9433,0,4875.0,50
AMB-T2-027,2025-07-04,Random Forest,0.4358,MEDIO,60,0.0,0,1.0,1,6024.0,54
AMB-T2-028,2025-10-10,Random Forest,0.4353,MEDIO,29,0.0,1,1.0,0,2696.0,60
AMB-T2-008,2025-05-16,Random Forest,0.4351,MEDIO,15,0.0,1,1.0,1,4462.0,55
AMB-T2-013,2025-11-07,Random Forest,0.435,MEDIO,4,0.0,1,1.0,0,5510.0,62
AMB-T2-015,2025-02-28,Random Forest,0.435,MEDIO,23,4.6,2,0.9233,1,5178.0,87
AMB-T2-006,2025-01-17,Random Forest,0.435,MEDIO,8,5.5,2,0.9083,1,5283.0,54
AMB-T2-001,2025-04-04,Random Forest,0.4348,MEDIO,21,1.5,1,0.975,1,7949.0,92
AMB-T2-027,2025-04-18,Random Forest,0.4347,MEDIO,23,15.3,6,0.745,0,4782.0,93
AMB-T2-033,2025-10-03,Random Forest,0.4347,MEDIO,1,17.1,5,0.715,0,7033.0,88
AMB-T2-019,2025-11-14,Random Forest,0.4347,MEDIO,4,2.3,2,0.9617,0,6250.0,60
AMB-T2-011,2025-05-02,Random Forest,0.4343,MEDIO,16,2.5,2,0.9583,1,4865.0,44
AMB-T2-011,2025-09-19,Random Forest,0.4341,MEDIO,5,11.2,3,0.8133,1,4169.0,86
AMB-T2-019,2025-11-28,Random Forest,0.4341,MEDIO,9,4.5,2,0.925,0,6250.0,60
AMB-T2-017,2025-07-18,Random Forest,0.4341,MEDIO,25,1.9,1,0.9683,1,6251.0,90
AMB-T2-033,2025-12-12,Random Forest,0.434,MEDIO,8,14.1,3,0.765,0,5915.0,90
AMB-T2-009,2025-08-08,Random Forest,0.4337,MEDIO,22,0.0,1,1.0,0,3804.0,39
AMB-T2-005,2025-11-28,Random Forest,0.4336,MEDIO,29,2.8,2,0.9533,1,7260.0,141
AMB-T2-032,2025-09-05,Random Forest,0.4335,MEDIO,13,11.7,4,0.805,1,5916.0,100
AMB-T2-021,2025-03-28,Random Forest,0.4332,MEDIO,25,3.2,2,0.9467,1,6606.0,113
AMB-T2-011,2025-08-15,Random Forest,0.4332,MEDIO,20,10.0,3,0.8333,1,4450.0,93
AMB-T2-021,2025-04-04,Random Forest,0.4332,MEDIO,32,3.2,2,0.9467,1,6988.0,120
AMB-T2-014,2025-01-03,Random Forest,0.4327,MEDIO,10,0.0,1,1.0,1,7516.0,85
AMB-T2-003,2025-01-31,Random Forest,0.4323,MEDIO,17,0.0,0,1.0,1,1384.0,37
AMB-T2-033,2025-03-28,Random Forest,0.4323,MEDIO,11,3.8,1,0.9367,1,7293.0,81
AMB-T2-018,2025-02-21,Random Forest,0.4322,MEDIO,53,0.0,0,1.0,1,4514.0,75
AMB-T2-028,2025-04-04,Random Forest,0.4321,MEDIO,2,3.3,2,0.945,1,4029.0,31
AMB-T2-005,2025-02-07,Random Forest,0.432,MEDIO,1,7.3,3,0.8783,1,7634.0,123
AMB-T2-026,2025-08-01,Random Forest,0.4319,MEDIO,21,0.0,1,1.0,1,7472.0,122
AMB-T2-014,2025-11-28,Random Forest,0.431,MEDIO,9,0.0,1,1.0,1,7736.0,113
AMB-T2-003,2025-09-12,Random Forest,0.4309,MEDIO,56,2.6,1,0.9567,1,2987.0,73
AMB-T2-019,2025-04-18,Random Forest,0.4309,MEDIO,54,0.0,1,1.0,1,2950.0,87
AMB-T2-004,2025-06-20,Random Forest,0.4309,MEDIO,6,0.0,1,1.0,1,4750.0,80
AMB-T2-029,2025-07-04,Random Forest,0.4308,MEDIO,31,6.0,2,0.9,1,4211.0,55
AMB-T2-011,2025-04-04,Random Forest,0.4303,MEDIO,60,0.0,0,1.0,1,4685.0,61
AMB-T2-029,2025-04-25,Random Forest,0.4303,MEDIO,59,3.9,1,0.935,1,5589.0,71
AMB-T2-011,2025-04-11,Random Forest,0.4303,MEDIO,60,0.0,0,1.0,1,4685.0,61
AMB-T2-024,2025-06-20,Random Forest,0.43,MEDIO,28,0.0,2,1.0,0,6920.0,104
AMB-T2-029,2025-04-18,Random Forest,0.43,MEDIO,52,3.9,2,0.935,1,5589.0,71
AMB-T2-016,2025-02-21,Random Forest,0.4299,MEDIO,50,0.0,0,1.0,1,4832.0,70
AMB-T2-003,2025-11-07,Random Forest,0.4298,MEDIO,21,0.0,1,1.0,1,3616.0,79
AMB-T2-001,2025-03-07,Random Forest,0.4296,MEDIO,53,0.0,0,1.0,1,7873.0,120
AMB-T2-006,2025-07-11,Random Forest,0.4294,MEDIO,10,0.0,2,1.0,0,3073.0,57
AMB-T2-021,2025-12-12,Random Forest,0.4294,MEDIO,1,0.0,1,1.0,1,6642.0,119
AMB-T2-007,2025-06-13,Random Forest,0.4293,MEDIO,12,3.6,1,0.94,1,5030.0,73
AMB-T2-022,2025-11-07,Random Forest,0.4291,MEDIO,47,5.5,1,0.9083,1,6941.0,92
AMB-T2-013,2025-06-13,Random Forest,0.4291,MEDIO,8,0.0,1,1.0,0,4297.0,59
AMB-T2-016,2025-09-12,Random Forest,0.4288,MEDIO,58,0.0,0,1.0,1,3899.0,83
AMB-T2-014,2025-12-12,Random Forest,0.4286,MEDIO,23,0.0,1,1.0,1,9605.0,112
AMB-T2-009,2025-09-12,Random Forest,0.4283,MEDIO,57,0.0,1,1.0,0,3070.0,38
AMB-T2-005,2025-07-25,Random Forest,0.4281,MEDIO,10,0.0,0,1.0,1,8004.0,105
AMB-T2-007,2025-01-03,Random Forest,0.4281,MEDIO,1,0.0,1,1.0,1,4683.0,81
AMB-T2-008,2025-09-19,Random Forest,0.4279,MEDIO,60,0.0,0,1.0,1,5664.0,44
AMB-T2-008,2025-09-26,Random Forest,0.4279,MEDIO,60,0.0,0,1.0,1,5664.0,44
AMB-T2-008,2025-09-12,Random Forest,0.4279,MEDIO,60,0.0,0,1.0,1,5664.0,44
AMB-T2-008,2025-09-05,Random Forest,0.4279,MEDIO,60,0.0,0,1.0,1,5664.0,44
AMB-T2-031,2025-10-31,Random Forest,0.4279,MEDIO,37,3.1,1,0.9483,0,3577.0,44
AMB-T2-011,2025-03-28,Random Forest,0.4279,MEDIO,60,0.0,0,1.0,1,5791.0,43
AMB-T2-011,2025-03-21,Random Forest,0.4279,MEDIO,60,0.0,0,1.0,1,5791.0,43
AMB-T2-011,2025-03-07,Random Forest,0.4279,MEDIO,60,0.0,0,1.0,1,5791.0,43
AMB-T2-011,2025-03-14,Random Forest,0.4279,MEDIO,60,0.0,0,1.0,1,5791.0,43
AMB-T2-031,2025-11-28,Random Forest,0.4276,MEDIO,2,9.5,3,0.8417,0,7006.0,113
AMB-T2-009,2025-07-25,Random Forest,0.4276,MEDIO,8,0.0,1,1.0,0,3464.0,32
AMB-T2-021,2025-08-08,Random Forest,0.4276,MEDIO,1,7.0,3,0.8833,0,6649.0,112
AMB-T2-028,2025-03-21,Random Forest,0.4272,MEDIO,60,0.0,0,1.0,1,3224.0,47
AMB-T2-004,2025-08-08,Random Forest,0.427,MEDIO,30,0.0,2,1.0,1,4444.0,58
AMB-T2-003,2025-03-21,Random Forest,0.4265,MEDIO,60,0.0,0,1.0,1,5069.0,49
AMB-T2-003,2025-03-28,Random Forest,0.4265,MEDIO,60,0.0,0,1.0,1,5069.0,49
AMB-T2-004,2025-03-28,Random Forest,0.4265,MEDIO,60,0.0,0,1.0,1,4875.0,50
AMB-T2-015,2025-07-25,Random Forest,0.4265,MEDIO,27,0.0,1,1.0,1,6511.0,47
AMB-T2-006,2025-08-01,Random Forest,0.4263,MEDIO,31,0.0,1,1.0,0,2466.0,41
AMB-T2-002,2025-04-11,Random Forest,0.4262,MEDIO,2,8.0,3,0.8667,1,6820.0,100
AMB-T2-005,2025-04-11,Random Forest,0.4261,MEDIO,60,0.0,0,1.0,1,7631.0,130
AMB-T2-005,2025-04-18,Random Forest,0.4261,MEDIO,60,0.0,0,1.0,1,7631.0,130
AMB-T2-010,2025-06-20,Random Forest,0.4259,MEDIO,6,0.0,0,1.0,1,3562.0,63
AMB-T2-004,2025-03-14,Random Forest,0.4258,MEDIO,48,3.4,1,0.9433,0,4875.0,50
AMB-T2-027,2025-03-28,Random Forest,0.4258,MEDIO,2,15.3,6,0.745,0,5186.0,98
AMB-T2-019,2025-02-21,Random Forest,0.4256,MEDIO,45,0.0,1,1.0,1,5719.0,66
AMB-T2-014,2025-01-17,Random Forest,0.4243,MEDIO,9,0.0,1,1.0,1,7516.0,85
AMB-T2-016,2025-01-31,Random Forest,0.4242,MEDIO,29,5.9,1,0.9017,1,2314.0,31
AMB-T2-014,2025-08-15,Random Forest,0.4241,MEDIO,16,0.0,1,1.0,0,6713.0,111
AMB-T2-028,2025-01-24,Random Forest,0.4238,MEDIO,10,0.0,1,1.0,1,4398.0,60
AMB-T2-004,2025-01-10,Random Forest,0.4238,MEDIO,10,4.1,2,0.9317,0,5496.0,63
AMB-T2-021,2025-05-02,Random Forest,0.4236,MEDIO,25,0.0,1,1.0,0,6951.0,107
AMB-T2-024,2025-05-09,Random Forest,0.4234,MEDIO,3,1.0,2,0.9833,0,7872.0,80
AMB-T2-016,2025-11-14,Random Forest,0.4232,MEDIO,5,0.0,1,1.0,1,3953.0,90
AMB-T2-029,2025-11-21,Random Forest,0.4231,MEDIO,60,0.0,0,1.0,1,5758.0,71
AMB-T2-031,2025-12-05,Random Forest,0.4229,MEDIO,3,21.3,5,0.645,0,5935.0,116
AMB-T2-019,2025-03-14,Random Forest,0.4226,MEDIO,19,0.0,1,1.0,1,3743.0,75
AMB-T2-021,2025-12-05,Random Forest,0.4226,MEDIO,30,0.0,1,1.0,1,6642.0,119
AMB-T2-006,2025-08-08,Random Forest,0.4222,MEDIO,38,0.0,1,1.0,0,2466.0,41
AMB-T2-027,2025-05-02,Random Forest,0.422,MEDIO,5,13.2,5,0.78,0,4537.0,68
AMB-T2-003,2025-10-24,Random Forest,0.4219,MEDIO,7,0.0,1,1.0,1,3759.0,62
AMB-T2-014,2025-07-11,Random Forest,0.4215,MEDIO,60,0.0,0,1.0,1,7147.0,119
AMB-T2-014,2025-07-18,Random Forest,0.4215,MEDIO,60,0.0,0,1.0,1,7147.0,119
AMB-T2-014,2025-07-04,Random Forest,0.4215,MEDIO,60,0.0,0,1.0,1,7147.0,119
AMB-T2-002,2025-09-26,Random Forest,0.4214,MEDIO,5,11.8,2,0.8033,0,6522.0,95
AMB-T2-017,2025-10-31,Random Forest,0.4214,MEDIO,48,2.8,1,0.9533,0,2451.0,44
AMB-T2-030,2025-07-11,Random Forest,0.4214,MEDIO,3,0.0,1,1.0,1,3846.0,94
AMB-T2-029,2025-04-11,Random Forest,0.4208,MEDIO,45,3.9,2,0.935,1,5589.0,71
AMB-T2-009,2025-08-29,Random Forest,0.4208,MEDIO,43,0.0,1,1.0,0,3804.0,39
AMB-T2-033,2025-03-21,Random Forest,0.4206,MEDIO,4,3.8,1,0.9367,1,7293.0,81
AMB-T2-005,2025-07-11,Random Forest,0.4204,MEDIO,60,0.0,0,1.0,1,8004.0,105
AMB-T2-022,2025-07-04,Random Forest,0.4201,MEDIO,6,6.6,2,0.89,1,7418.0,121
AMB-T2-031,2025-11-07,Random Forest,0.4201,MEDIO,44,3.1,1,0.9483,0,7006.0,113
AMB-T2-019,2025-04-04,Random Forest,0.4201,MEDIO,40,0.0,1,1.0,1,2950.0,87
AMB-T2-032,2025-10-24,Random Forest,0.42,MEDIO,2,9.7,2,0.8383,0,4876.0,84
AMB-T2-032,2025-08-15,Random Forest,0.4193,MEDIO,26,3.7,1,0.9383,1,5681.0,100
AMB-T2-017,2025-08-15,Random Forest,0.4192,MEDIO,53,0.0,0,1.0,1,7411.0,98
AMB-T2-012,2025-01-03,Random Forest,0.4191,MEDIO,1,5.2,2,0.9133,0,5463.0,106
AMB-T2-006,2025-07-04,Random Forest,0.419,MEDIO,3,0.0,2,1.0,0,3073.0,57
AMB-T2-014,2025-02-28,Random Forest,0.4189,MEDIO,51,2.7,0,0.955,1,8323.0,95
AMB-T2-007,2025-06-06,Random Forest,0.4188,MEDIO,5,3.6,1,0.94,1,5030.0,73
AMB-T2-027,2025-02-28,Random Forest,0.4184,MEDIO,0,13.1,4,0.7817,0,4931.0,77
AMB-T2-013,2025-07-25,Random Forest,0.4179,MEDIO,1,0.0,1,1.0,1,4130.0,69
AMB-T2-019,2025-07-04,Random Forest,0.4178,MEDIO,13,0.0,0,1.0,1,5394.0,67
AMB-T2-010,2025-08-15,Random Forest,0.4177,MEDIO,16,18.1,5,0.6983,0,6022.0,78
AMB-T2-033,2025-05-23,Random Forest,0.4176,MEDIO,3,10.4,4,0.8267,0,6023.0,94
AMB-T2-028,2025-09-19,Random Forest,0.4175,MEDIO,8,0.0,1,1.0,0,2857.0,73
AMB-T2-027,2025-01-03,Random Forest,0.4174,MEDIO,4,0.0,1,1.0,0,4991.0,55
AMB-T2-006,2025-09-26,Random Forest,0.4173,MEDIO,13,0.0,1,1.0,1,3300.0,34
AMB-T2-011,2025-08-08,Random Forest,0.4173,MEDIO,13,10.0,3,0.8333,1,4450.0,93
AMB-T2-023,2025-02-28,Random Forest,0.4172,MEDIO,53,4.5,1,0.925,1,4845.0,67
AMB-T2-016,2025-09-05,Random Forest,0.417,MEDIO,51,0.0,0,1.0,1,3899.0,83
AMB-T2-006,2025-11-07,Random Forest,0.4169,MEDIO,25,0.6,2,0.99,1,5952.0,66
AMB-T2-007,2025-08-29,Random Forest,0.4169,MEDIO,6,2.6,2,0.9567,0,4256.0,92
AMB-T2-002,2025-05-16,Random Forest,0.4167,MEDIO,6,3.3,2,0.945,0,6653.0,105
AMB-T2-025,2025-11-28,Random Forest,0.4166,MEDIO,1,1.5,2,0.975,0,3896.0,76
AMB-T2-025,2025-03-07,Random Forest,0.4164,MEDIO,2,2.2,1,0.9633,1,4685.0,83
AMB-T2-003,2025-10-03,Random Forest,0.4164,MEDIO,60,0.0,0,1.0,1,3759.0,62
AMB-T2-003,2025-10-10,Random Forest,0.4164,MEDIO,60,0.0,0,1.0,1,3759.0,62
AMB-T2-006,2025-05-16,Random Forest,0.4163,MEDIO,17,4.6,2,0.9233,1,2768.0,96
AMB-T2-002,2025-05-23,Random Forest,0.4163,MEDIO,13,3.3,2,0.945,0,6653.0,105
AMB-T2-005,2025-08-01,Random Forest,0.4162,MEDIO,17,0.0,0,1.0,1,6962.0,119
AMB-T2-021,2025-02-28,Random Forest,0.4157,MEDIO,13,11.7,3,0.805,0,5971.0,88
AMB-T2-023,2025-11-07,Random Forest,0.4157,MEDIO,60,0.0,0,1.0,1,3936.0,66
AMB-T2-004,2025-07-11,Random Forest,0.4156,MEDIO,2,0.0,2,1.0,1,3573.0,48
AMB-T2-022,2025-03-14,Random Forest,0.4156,MEDIO,45,10.4,2,0.8267,1,8543.0,118
AMB-T2-018,2025-01-31,Random Forest,0.4156,MEDIO,32,0.0,0,1.0,1,1964.0,28
AMB-T2-019,2025-02-07,Random Forest,0.4155,MEDIO,31,0.0,1,1.0,1,5719.0,66
AMB-T2-031,2025-06-13,Random Forest,0.4155,MEDIO,1,3.3,1,0.945,1,7932.0,85
AMB-T2-021,2025-11-07,Random Forest,0.4155,MEDIO,2,0.0,2,1.0,1,8427.0,116
AMB-T2-009,2025-08-01,Random Forest,0.4152,MEDIO,15,0.0,1,1.0,0,3804.0,39
AMB-T2-003,2025-07-18,Random Forest,0.4147,MEDIO,0,6.6,2,0.89,0,2763.0,100
AMB-T2-009,2025-01-03,Random Forest,0.4145,MEDIO,16,3.5,1,0.9417,0,2882.0,67
AMB-T2-028,2025-02-14,Random Forest,0.4144,MEDIO,31,0.0,1,1.0,1,3186.0,80
AMB-T2-032,2025-03-14,Random Forest,0.4143,MEDIO,2,11.2,4,0.8133,0,7399.0,97
AMB-T2-009,2025-05-16,Random Forest,0.4139,MEDIO,21,1.5,1,0.975,1,6201.0,64
AMB-T2-021,2025-03-21,Random Forest,0.4139,MEDIO,18,9.1,3,0.8483,0,6606.0,113
AMB-T2-005,2025-07-18,Random Forest,0.4129,MEDIO,3,0.0,0,1.0,1,8004.0,105
AMB-T2-030,2025-01-10,Random Forest,0.4128,MEDIO,25,0.0,2,1.0,0,3456.0,60
AMB-T2-010,2025-07-18,Random Forest,0.4127,MEDIO,3,16.5,4,0.725,0,4428.0,74
AMB-T2-016,2025-08-29,Random Forest,0.4125,MEDIO,44,0.0,1,1.0,1,3726.0,92
AMB-T2-006,2025-09-19,Random Forest,0.412,MEDIO,6,0.0,1,1.0,1,3300.0,34
AMB-T2-004,2025-08-29,Random Forest,0.412,MEDIO,51,0.0,1,1.0,1,4444.0,58
AMB-T2-023,2025-12-05,Random Forest,0.4118,MEDIO,8,7.2,2,0.88,1,4390.0,70
AMB-T2-012,2025-06-20,Random Forest,0.4111,MEDIO,10,0.0,1,1.0,0,4394.0,90
AMB-T2-004,2025-09-05,Random Forest,0.4111,MEDIO,58,0.0,0,1.0,1,4778.0,80
AMB-T2-019,2025-02-14,Random Forest,0.4111,MEDIO,38,0.0,1,1.0,1,5719.0,66
AMB-T2-021,2025-08-15,Random Forest,0.4108,MEDIO,4,9.4,4,0.8433,0,6649.0,112
AMB-T2-028,2025-02-21,Random Forest,0.4103,MEDIO,38,0.0,1,1.0,1,3186.0,80
AMB-T2-008,2025-04-18,Random Forest,0.4099,MEDIO,53,0.0,1,1.0,1,3615.0,44
AMB-T2-008,2025-01-03,Random Forest,0.4095,MEDIO,1,0.0,1,1.0,1,3566.0,66
AMB-T2-023,2025-02-21,Random Forest,0.4092,MEDIO,46,4.5,1,0.925,1,4845.0,67
AMB-T2-008,2025-05-09,Random Forest,0.4087,MEDIO,8,0.0,1,1.0,1,4462.0,55
AMB-T2-029,2025-08-01,Random Forest,0.4087,MEDIO,27,0.0,1,1.0,1,4373.0,51
AMB-T2-008,2025-04-11,Random Forest,0.4084,MEDIO,46,0.0,1,1.0,1,3615.0,44
AMB-T2-008,2025-08-22,Random Forest,0.4084,MEDIO,46,0.0,1,1.0,1,4812.0,59
AMB-T2-027,2025-10-31,Random Forest,0.4084,MEDIO,50,3.8,2,0.9367,0,2686.0,54
AMB-T2-012,2025-03-28,Random Forest,0.4081,MEDIO,22,8.3,2,0.8617,0,5382.0,103
AMB-T2-024,2025-01-10,Random Forest,0.4077,MEDIO,12,7.7,3,0.8717,1,8482.0,117
AMB-T2-023,2025-12-12,Random Forest,0.4077,MEDIO,15,7.2,2,0.88,1,4390.0,70
AMB-T2-024,2025-06-27,Random Forest,0.4074,MEDIO,35,0.0,2,1.0,0,6920.0,104
AMB-T2-030,2025-01-03,Random Forest,0.4074,MEDIO,18,0.0,2,1.0,0,3456.0,60
AMB-T2-010,2025-10-31,Random Forest,0.4072,MEDIO,39,3.2,2,0.9467,0,2975.0,51
AMB-T2-027,2025-06-27,Random Forest,0.4068,MEDIO,60,0.0,0,1.0,1,4665.0,46
AMB-T2-020,2025-07-25,Random Forest,0.4068,MEDIO,15,0.0,0,1.0,1,7404.0,118
AMB-T2-026,2025-06-27,Random Forest,0.4068,MEDIO,49,6.7,2,0.8883,0,6649.0,110
AMB-T2-019,2025-07-11,Random Forest,0.4066,MEDIO,20,0.0,0,1.0,1,5394.0,67
AMB-T2-020,2025-02-14,Random Forest,0.4065,MEDIO,47,0.0,0,1.0,1,5203.0,120
AMB-T2-008,2025-12-12,Random Forest,0.4063,MEDIO,60,0.0,0,1.0,1,4544.0,42
AMB-T2-008,2025-12-05,Random Forest,0.4063,MEDIO,60,0.0,0,1.0,1,4544.0,42
AMB-T2-017,2025-09-19,Random Forest,0.4063,MEDIO,6,3.7,2,0.9383,0,6546.0,101
AMB-T2-009,2025-01-10,Random Forest,0.4059,MEDIO,23,3.5,1,0.9417,0,2882.0,67
AMB-T2-025,2025-09-19,Random Forest,0.4049,MEDIO,59,0.0,0,1.0,1,2544.0,56
AMB-T2-021,2025-03-14,Random Forest,0.4044,MEDIO,11,9.1,3,0.8483,0,6606.0,113
AMB-T2-004,2025-04-11,Random Forest,0.4042,MEDIO,60,0.0,0,1.0,1,4131.0,46
AMB-T2-004,2025-04-25,Random Forest,0.4042,MEDIO,60,0.0,0,1.0,1,4131.0,46
AMB-T2-004,2025-04-18,Random Forest,0.4042,MEDIO,60,0.0,0,1.0,1,4131.0,46
AMB-T2-004,2025-04-04,Random Forest,0.4042,MEDIO,60,0.0,0,1.0,1,4131.0,46
AMB-T2-016,2025-01-03,Random Forest,0.4032,MEDIO,1,9.2,3,0.8467,0,5565.0,53
AMB-T2-026,2025-05-02,Random Forest,0.4024,MEDIO,14,6.0,4,0.9,1,5801.0,102
AMB-T2-005,2025-08-29,Random Forest,0.4022,MEDIO,7,4.6,2,0.9233,0,6962.0,119
AMB-T2-002,2025-08-29,Random Forest,0.4017,MEDIO,17,10.1,1,0.8317,1,4801.0,112
AMB-T2-024,2025-02-28,Random Forest,0.4011,MEDIO,20,4.8,1,0.92,1,7972.0,128
AMB-T2-027,2025-08-01,Random Forest,0.4006,MEDIO,23,0.0,0,1.0,1,6263.0,66
AMB-T2-017,2025-07-25,Random Forest,0.4003,MEDIO,32,1.9,1,0.9683,1,6251.0,90
AMB-T2-015,2025-05-02,Random Forest,0.4002,MEDIO,8,1.4,1,0.9767,1,6151.0,60
AMB-T2-028,2025-12-12,Random Forest,0.4001,MEDIO,24,5.0,2,0.9167,0,3566.0,65
AMB-T2-028,2025-01-17,Random Forest,0.4,MEDIO,3,0.0,1,1.0,1,4398.0,60
AMB-T2-004,2025-03-07,Random Forest,0.3999,MEDIO,41,3.4,1,0.9433,0,4875.0,50
AMB-T2-008,2025-05-23,Random Forest,0.3998,MEDIO,22,0.0,1,1.0,1,4462.0,55
AMB-T2-025,2025-01-17,Random Forest,0.3996,MEDIO,6,0.0,1,1.0,1,4693.0,90
AMB-T2-017,2025-09-26,Random Forest,0.3994,MEDIO,13,3.7,2,0.9383,0,6546.0,101
AMB-T2-030,2025-01-17,Random Forest,0.3992,MEDIO,32,0.0,2,1.0,0,3456.0,60
AMB-T2-004,2025-07-04,Random Forest,0.3991,MEDIO,20,0.0,1,1.0,1,3573.0,48
AMB-T2-018,2025-07-18,Random Forest,0.399,MEDIO,8,0.0,0,1.0,1,5985.0,94
AMB-T2-032,2025-08-29,Random Forest,0.3989,MEDIO,6,11.7,4,0.805,1,5681.0,100
AMB-T2-009,2025-06-27,Random Forest,0.3988,MEDIO,60,0.0,0,1.0,1,4086.0,46
AMB-T2-030,2025-10-03,Random Forest,0.3988,MEDIO,5,0.0,2,1.0,1,4553.0,95
AMB-T2-013,2025-07-04,Random Forest,0.3988,MEDIO,29,0.0,1,1.0,0,4130.0,69
AMB-T2-022,2025-03-07,Random Forest,0.3987,MEDIO,38,10.4,2,0.8267,1,8543.0,118
AMB-T2-012,2025-06-06,Random Forest,0.3987,MEDIO,53,3.6,1,0.94,1,4394.0,90
AMB-T2-007,2025-07-18,Random Forest,0.3983,MEDIO,26,3.6,1,0.94,1,4591.0,78
AMB-T2-010,2025-08-01,Random Forest,0.3981,MEDIO,2,18.1,5,0.6983,0,6022.0,78
AMB-T2-010,2025-08-22,Random Forest,0.3981,MEDIO,6,22.6,6,0.6233,0,6022.0,78
AMB-T2-008,2025-07-11,Random Forest,0.3978,MEDIO,4,0.0,1,1.0,1,4498.0,87
AMB-T2-015,2025-05-09,Random Forest,0.3978,MEDIO,15,1.4,1,0.9767,1,6151.0,60
AMB-T2-028,2025-03-07,Random Forest,0.3975,MEDIO,52,0.0,1,1.0,1,3224.0,47
AMB-T2-013,2025-11-14,Random Forest,0.3975,MEDIO,4,0.0,2,1.0,0,5510.0,62
AMB-T2-016,2025-02-14,Random Forest,0.3973,MEDIO,43,0.0,0,1.0,1,4832.0,70
AMB-T2-024,2025-05-23,Random Forest,0.3973,MEDIO,0,0.0,2,1.0,0,7872.0,80
AMB-T2-032,2025-04-04,Random Forest,0.3971,MEDIO,23,3.2,1,0.9467,1,7482.0,110
AMB-T2-005,2025-09-05,Random Forest,0.3968,MEDIO,14,4.6,2,0.9233,0,6844.0,117
AMB-T2-014,2025-08-08,Random Forest,0.3967,MEDIO,9,0.0,1,1.0,0,6713.0,111
AMB-T2-025,2025-02-28,Random Forest,0.3967,MEDIO,48,0.0,0,1.0,1,4914.0,79
AMB-T2-028,2025-03-14,Random Forest,0.3967,MEDIO,59,0.0,1,1.0,1,3224.0,47
AMB-T2-003,2025-11-21,Random Forest,0.3964,MEDIO,35,0.0,1,1.0,1,3616.0,79
AMB-T2-026,2025-06-20,Random Forest,0.3963,MEDIO,42,6.7,2,0.8883,0,6649.0,110
AMB-T2-014,2025-11-14,Random Forest,0.3962,MEDIO,60,0.0,0,1.0,1,7736.0,113
AMB-T2-016,2025-06-27,Random Forest,0.3962,MEDIO,29,0.0,1,1.0,1,6458.0,62
AMB-T2-014,2025-11-07,Random Forest,0.3962,MEDIO,60,0.0,0,1.0,1,7736.0,113
AMB-T2-020,2025-07-04,Random Forest,0.3961,MEDIO,60,0.0,0,1.0,1,7404.0,118
AMB-T2-002,2025-09-12,Random Forest,0.396,MEDIO,31,10.1,1,0.8317,1,6522.0,95
AMB-T2-019,2025-01-31,Random Forest,0.3958,MEDIO,24,0.0,1,1.0,1,2687.0,33
AMB-T2-003,2025-11-14,Random Forest,0.3956,MEDIO,28,0.0,1,1.0,1,3616.0,79
AMB-T2-033,2025-11-21,Random Forest,0.3955,MEDIO,35,6.7,2,0.8883,0,6108.0,93
AMB-T2-012,2025-07-04,Random Forest,0.395,MEDIO,24,0.0,1,1.0,0,5110.0,103
AMB-T2-012,2025-06-13,Random Forest,0.3947,MEDIO,3,0.0,1,1.0,0,4394.0,90
AMB-T2-012,2025-01-10,Random Forest,0.3947,MEDIO,8,5.2,1,0.9133,1,5463.0,106
AMB-T2-004,2025-08-22,Random Forest,0.3944,MEDIO,44,0.0,1,1.0,1,4444.0,58
AMB-T2-009,2025-08-15,Random Forest,0.3943,MEDIO,29,0.0,1,1.0,0,3804.0,39
AMB-T2-016,2025-08-15,Random Forest,0.3942,MEDIO,30,0.0,1,1.0,1,3726.0,92
AMB-T2-025,2025-09-12,Random Forest,0.3941,MEDIO,52,0.0,0,1.0,1,2544.0,56
AMB-T2-028,2025-04-25,Random Forest,0.3939,MEDIO,23,3.3,2,0.945,1,4029.0,31
AMB-T2-012,2025-03-21,Random Forest,0.3936,MEDIO,15,8.3,2,0.8617,0,5382.0,103
AMB-T2-033,2025-12-05,Random Forest,0.3934,MEDIO,1,14.1,3,0.765,0,5915.0,90
AMB-T2-025,2025-03-21,Random Forest,0.393,MEDIO,16,2.2,1,0.9633,1,4685.0,83
AMB-T2-019,2025-08-29,Random Forest,0.3929,MEDIO,60,0.0,0,1.0,1,5728.0,69
AMB-T2-019,2025-08-22,Random Forest,0.3929,MEDIO,60,0.0,0,1.0,1,5728.0,69
AMB-T2-020,2025-07-18,Random Forest,0.3925,MEDIO,8,0.0,0,1.0,1,7404.0,118
AMB-T2-002,2025-09-19,Random Forest,0.3922,MEDIO,38,11.8,1,0.8033,1,6522.0,95
AMB-T2-017,2025-08-22,Random Forest,0.3922,MEDIO,60,0.0,0,1.0,1,7411.0,98
AMB-T2-017,2025-08-29,Random Forest,0.3922,MEDIO,60,0.0,0,1.0,1,7411.0,98
AMB-T2-009,2025-10-31,Random Forest,0.3921,MEDIO,43,4.7,1,0.9217,0,2407.0,36
AMB-T2-007,2025-06-20,Random Forest,0.3919,MEDIO,19,3.6,1,0.94,1,5030.0,73
AMB-T2-008,2025-08-01,Random Forest,0.3917,MEDIO,25,0.0,1,1.0,1,4812.0,59
AMB-T2-024,2025-07-04,Random Forest,0.3917,MEDIO,42,0.0,2,1.0,0,6113.0,127
AMB-T2-014,2025-05-30,Random Forest,0.3915,MEDIO,60,0.0,0,1.0,1,7760.0,119
AMB-T2-025,2025-02-07,Random Forest,0.3913,MEDIO,27,0.0,1,1.0,1,4914.0,79
AMB-T2-007,2025-08-15,Random Forest,0.3911,MEDIO,24,0.0,1,1.0,0,4256.0,92
AMB-T2-014,2025-03-07,Random Forest,0.3907,MEDIO,58,2.7,0,0.955,1,8100.0,115
AMB-T2-015,2025-08-15,Random Forest,0.3906,MEDIO,15,2.1,2,0.965,0,5944.0,67
AMB-T2-027,2025-10-24,Random Forest,0.3906,MEDIO,43,3.8,2,0.9367,0,4182.0,67
AMB-T2-031,2025-11-21,Random Forest,0.3905,MEDIO,2,8.1,3,0.865,0,7006.0,113
AMB-T2-004,2025-01-17,Random Forest,0.3901,MEDIO,17,4.1,2,0.9317,0,5496.0,63
AMB-T2-026,2025-11-28,Random Forest,0.3894,MEDIO,58,5.1,2,0.915,0,8193.0,141
AMB-T2-017,2025-01-10,Random Forest,0.3894,MEDIO,14,0.0,0,1.0,1,4978.0,111
AMB-T2-005,2025-04-04,Random Forest,0.3888,MEDIO,57,7.3,2,0.8783,1,7631.0,130
AMB-T2-008,2025-01-31,Random Forest,0.3884,MEDIO,29,0.0,0,1.0,1,1909.0,37
AMB-T2-004,2025-08-15,Random Forest,0.3879,MEDIO,37,0.0,1,1.0,1,4444.0,58
AMB-T2-013,2025-07-18,Random Forest,0.3878,MEDIO,43,0.0,0,1.0,1,4130.0,69
AMB-T2-025,2025-12-12,Random Forest,0.3877,MEDIO,15,1.5,2,0.975,0,5286.0,75
AMB-T2-027,2025-11-28,Random Forest,0.3877,MEDIO,60,0.0,0,1.0,1,4481.0,70
AMB-T2-027,2025-11-21,Random Forest,0.3877,MEDIO,60,0.0,0,1.0,1,4481.0,70
AMB-T2-027,2025-11-14,Random Forest,0.3877,MEDIO,60,0.0,0,1.0,1,4481.0,70
AMB-T2-018,2025-11-14,Random Forest,0.3877,MEDIO,23,1.9,1,0.9683,1,6087.0,87
AMB-T2-002,2025-08-22,Random Forest,0.3877,MEDIO,10,10.1,1,0.8317,1,4801.0,112
AMB-T2-012,2025-01-24,Random Forest,0.3876,MEDIO,22,6.2,1,0.8967,1,5463.0,106
AMB-T2-019,2025-10-24,Random Forest,0.3876,MEDIO,26,0.0,1,1.0,1,6003.0,65
AMB-T2-024,2025-11-21,Random Forest,0.3874,MEDIO,7,6.6,2,0.89,0,8358.0,115
AMB-T2-011,2025-04-18,Random Forest,0.387,MEDIO,2,2.5,2,0.9583,1,4685.0,61
AMB-T2-017,2025-09-12,Random Forest,0.387,MEDIO,11,0.9,1,0.985,0,6546.0,101
AMB-T2-003,2025-02-28,Random Forest,0.3869,MEDIO,45,0.0,0,1.0,1,4333.0,52
AMB-T2-019,2025-12-05,Random Forest,0.3869,MEDIO,16,4.5,2,0.925,0,6008.0,55
AMB-T2-016,2025-08-22,Random Forest,0.3869,MEDIO,37,0.0,1,1.0,1,3726.0,92
AMB-T2-025,2025-03-14,Random Forest,0.3862,MEDIO,9,2.2,1,0.9633,1,4685.0,83
AMB-T2-011,2025-02-28,Random Forest,0.386,MEDIO,59,0.0,0,1.0,1,6849.0,59
AMB-T2-014,2025-10-03,Random Forest,0.3858,MEDIO,25,0.0,1,1.0,1,7743.0,123
AMB-T2-007,2025-08-08,Random Forest,0.3857,MEDIO,17,0.0,1,1.0,0,4256.0,92
AMB-T2-027,2025-04-11,Random Forest,0.3857,MEDIO,16,15.3,6,0.745,0,4782.0,93
AMB-T2-008,2025-10-24,Random Forest,0.3856,MEDIO,60,0.0,0,1.0,1,4247.0,68
AMB-T2-008,2025-10-17,Random Forest,0.3856,MEDIO,60,0.0,0,1.0,1,4247.0,68
AMB-T2-008,2025-10-10,Random Forest,0.3856,MEDIO,60,0.0,0,1.0,1,4247.0,68
AMB-T2-018,2025-01-10,Random Forest,0.3856,MEDIO,11,0.0,0,1.0,1,4299.0,52
AMB-T2-008,2025-10-03,Random Forest,0.3856,MEDIO,60,0.0,0,1.0,1,4247.0,68
AMB-T2-025,2025-12-05,Random Forest,0.3855,MEDIO,8,1.5,2,0.975,0,5286.0,75
AMB-T2-010,2025-02-21,Random Forest,0.3853,MEDIO,60,0.0,0,1.0,1,5070.0,67
AMB-T2-010,2025-02-28,Random Forest,0.3853,MEDIO,60,0.0,0,1.0,1,5070.0,67
AMB-T2-010,2025-02-14,Random Forest,0.3853,MEDIO,60,0.0,0,1.0,1,5070.0,67
AMB-T2-003,2025-05-16,Random Forest,0.3851,MEDIO,26,0.0,1,1.0,1,4053.0,88
AMB-T2-003,2025-07-04,Random Forest,0.3849,MEDIO,19,4.0,1,0.9333,0,2763.0,100
AMB-T2-002,2025-05-09,Random Forest,0.3848,MEDIO,30,2.8,1,0.9533,1,6653.0,105
AMB-T2-003,2025-02-07,Random Forest,0.3846,MEDIO,24,0.0,0,1.0,1,4333.0,52
AMB-T2-012,2025-01-17,Random Forest,0.3845,MEDIO,15,5.2,1,0.9133,1,5463.0,106
AMB-T2-005,2025-08-22,Random Forest,0.3845,MEDIO,0,4.6,2,0.9233,0,6962.0,119
AMB-T2-026,2025-09-26,Random Forest,0.3843,MEDIO,3,10.0,2,0.8333,0,7026.0,103
AMB-T2-009,2025-07-18,Random Forest,0.3841,MEDIO,1,0.0,1,1.0,0,3464.0,32
AMB-T2-031,2025-05-02,Random Forest,0.3841,MEDIO,60,0.0,0,1.0,1,8672.0,84
AMB-T2-026,2025-04-25,Random Forest,0.3837,MEDIO,7,6.0,4,0.9,1,7506.0,113
AMB-T2-014,2025-08-22,Random Forest,0.3836,MEDIO,23,0.0,1,1.0,0,6713.0,111
AMB-T2-031,2025-08-15,Random Forest,0.3833,MEDIO,54,0.0,1,1.0,0,6245.0,122
AMB-T2-023,2025-08-15,Random Forest,0.3832,MEDIO,51,6.7,1,0.8883,1,5523.0,76
AMB-T2-030,2025-10-31,Random Forest,0.3831,MEDIO,33,0.0,1,1.0,1,2566.0,49
AMB-T2-006,2025-11-14,Random Forest,0.3827,MEDIO,1,0.6,2,0.99,0,5952.0,66
AMB-T2-008,2025-04-04,Random Forest,0.3823,MEDIO,39,0.0,1,1.0,1,3615.0,44
AMB-T2-014,2025-07-25,Random Forest,0.3823,MEDIO,3,0.0,0,1.0,1,7147.0,119
AMB-T2-006,2025-01-10,Random Forest,0.382,MEDIO,1,5.5,2,0.9083,1,5283.0,54
AMB-T2-006,2025-10-10,Random Forest,0.3818,MEDIO,27,0.0,1,1.0,1,5005.0,66
AMB-T2-032,2025-09-12,Random Forest,0.3815,MEDIO,20,11.7,4,0.805,1,5916.0,100
AMB-T2-021,2025-05-09,Random Forest,0.3815,MEDIO,32,0.0,1,1.0,0,6951.0,107
AMB-T2-005,2025-03-28,Random Forest,0.3815,MEDIO,50,7.3,2,0.8783,1,7942.0,127
AMB-T2-002,2025-07-25,Random Forest,0.3814,MEDIO,11,0.0,1,1.0,0,6055.0,118
AMB-T2-022,2025-10-24,Random Forest,0.3812,MEDIO,33,5.5,1,0.9083,1,6528.0,103
AMB-T2-009,2025-08-22,Random Forest,0.3807,MEDIO,36,0.0,1,1.0,0,3804.0,39
AMB-T2-023,2025-10-24,Random Forest,0.3806,MEDIO,60,0.0,0,1.0,1,4628.0,69
AMB-T2-023,2025-10-17,Random Forest,0.3806,MEDIO,60,0.0,0,1.0,1,4628.0,69
AMB-T2-004,2025-12-12,Random Forest,0.3806,MEDIO,3,0.0,2,1.0,0,5016.0,95
AMB-T2-027,2025-04-04,Random Forest,0.3802,MEDIO,9,15.3,6,0.745,0,4782.0,93
AMB-T2-028,2025-09-12,Random Forest,0.38,MEDIO,1,0.0,1,1.0,0,2857.0,73
AMB-T2-013,2025-06-06,Random Forest,0.3797,MEDIO,1,0.0,1,1.0,0,4297.0,59
AMB-T2-004,2025-05-23,Random Forest,0.3794,MEDIO,60,0.0,0,1.0,1,5454.0,87
AMB-T2-012,2025-01-31,Random Forest,0.3794,MEDIO,29,6.2,1,0.8967,1,2812.0,38
AMB-T2-004,2025-05-16,Random Forest,0.3794,MEDIO,60,0.0,0,1.0,1,5454.0,87
AMB-T2-004,2025-05-30,Random Forest,0.3794,MEDIO,60,0.0,0,1.0,1,5454.0,87
AMB-T2-004,2025-05-09,Random Forest,0.3794,MEDIO,60,0.0,0,1.0,1,5454.0,87
AMB-T2-004,2025-05-02,Random Forest,0.3794,MEDIO,60,0.0,0,1.0,1,5454.0,87
AMB-T2-018,2025-04-04,Random Forest,0.3794,MEDIO,16,0.5,2,0.9917,0,5423.0,82
AMB-T2-004,2025-11-14,Random Forest,0.3783,MEDIO,60,0.0,0,1.0,1,3404.0,108
AMB-T2-017,2025-06-20,Random Forest,0.3783,MEDIO,23,1.9,1,0.9683,1,5934.0,75
AMB-T2-004,2025-11-07,Random Forest,0.3783,MEDIO,60,0.0,0,1.0,1,3404.0,108
AMB-T2-002,2025-08-15,Random Forest,0.3781,MEDIO,3,5.2,1,0.9133,1,4801.0,112
AMB-T2-017,2025-03-07,Random Forest,0.3778,MEDIO,60,0.0,0,1.0,1,8572.0,81
AMB-T2-017,2025-03-14,Random Forest,0.3778,MEDIO,60,0.0,0,1.0,1,8572.0,81
AMB-T2-017,2025-03-21,Random Forest,0.3778,MEDIO,60,0.0,0,1.0,1,8572.0,81
AMB-T2-017,2025-03-28,Random Forest,0.3778,MEDIO,60,0.0,0,1.0,1,8572.0,81
AMB-T2-017,2025-02-28,Random Forest,0.3776,MEDIO,60,0.0,0,1.0,1,7518.0,88
AMB-T2-018,2025-04-11,Random Forest,0.3774,MEDIO,23,0.5,2,0.9917,0,5423.0,82
AMB-T2-023,2025-05-02,Random Forest,0.3772,MEDIO,60,0.0,0,1.0,1,4613.0,67
AMB-T2-023,2025-05-09,Random Forest,0.3772,MEDIO,60,0.0,0,1.0,1,4613.0,67
AMB-T2-023,2025-05-16,Random Forest,0.3772,MEDIO,60,0.0,0,1.0,1,4613.0,67
AMB-T2-021,2025-05-16,Random Forest,0.3765,MEDIO,39,0.0,1,1.0,0,6951.0,107
AMB-T2-017,2025-01-03,Random Forest,0.3763,MEDIO,7,0.0,0,1.0,1,4978.0,111
AMB-T2-012,2025-11-21,Random Forest,0.3758,MEDIO,19,8.4,3,0.86,1,6158.0,96
AMB-T2-009,2025-04-25,Random Forest,0.3751,MEDIO,0,1.5,1,0.975,1,4505.0,67
AMB-T2-021,2025-02-21,Random Forest,0.3748,MEDIO,6,11.7,3,0.805,0,5971.0,88
AMB-T2-023,2025-08-22,Random Forest,0.3748,MEDIO,58,6.7,1,0.8883,1,5523.0,76
AMB-T2-021,2025-05-30,Random Forest,0.3746,MEDIO,53,0.0,1,1.0,0,6951.0,107
AMB-T2-020,2025-04-04,Random Forest,0.3743,MEDIO,60,0.0,0,1.0,1,5175.0,88
AMB-T2-020,2025-04-11,Random Forest,0.3743,MEDIO,60,0.0,0,1.0,1,5175.0,88
AMB-T2-020,2025-04-18,Random Forest,0.3743,MEDIO,60,0.0,0,1.0,1,5175.0,88
AMB-T2-013,2025-10-17,Random Forest,0.374,MEDIO,60,0.0,0,1.0,1,5396.0,90
AMB-T2-013,2025-10-24,Random Forest,0.374,MEDIO,60,0.0,0,1.0,1,5396.0,90
AMB-T2-013,2025-10-10,Random Forest,0.374,MEDIO,60,0.0,0,1.0,1,5396.0,90
AMB-T2-013,2025-10-03,Random Forest,0.374,MEDIO,60,0.0,0,1.0,1,5396.0,90
AMB-T2-017,2025-09-05,Random Forest,0.3738,MEDIO,4,0.9,1,0.985,0,6546.0,101
AMB-T2-019,2025-10-31,Random Forest,0.3737,MEDIO,33,0.0,1,1.0,1,3282.0,34
AMB-T2-016,2025-03-07,Random Forest,0.3736,MEDIO,1,0.0,1,1.0,1,5758.0,76
AMB-T2-018,2025-01-03,Random Forest,0.3735,MEDIO,4,0.0,0,1.0,1,4299.0,52
AMB-T2-021,2025-05-23,Random Forest,0.3731,MEDIO,46,0.0,1,1.0,0,6951.0,107
AMB-T2-003,2025-11-28,Random Forest,0.3729,MEDIO,2,0.0,2,1.0,1,3616.0,79
AMB-T2-029,2025-08-15,Random Forest,0.3726,MEDIO,41,0.0,0,1.0,1,4373.0,51
AMB-T2-008,2025-03-21,Random Forest,0.3726,MEDIO,25,0.0,1,1.0,1,4326.0,65
AMB-T2-030,2025-05-23,Random Forest,0.372,MEDIO,60,0.0,0,1.0,1,3791.0,69
AMB-T2-030,2025-05-02,Random Forest,0.372,MEDIO,60,0.0,0,1.0,1,3791.0,69
AMB-T2-030,2025-05-30,Random Forest,0.372,MEDIO,60,0.0,0,1.0,1,3791.0,69
AMB-T2-027,2025-06-20,Random Forest,0.372,MEDIO,54,0.0,1,1.0,0,4665.0,46
AMB-T2-030,2025-05-09,Random Forest,0.372,MEDIO,60,0.0,0,1.0,1,3791.0,69
AMB-T2-030,2025-05-16,Random Forest,0.372,MEDIO,60,0.0,0,1.0,1,3791.0,69
AMB-T2-029,2025-04-04,Random Forest,0.3717,MEDIO,38,3.9,2,0.935,1,5589.0,71
AMB-T2-012,2025-03-14,Random Forest,0.3715,MEDIO,8,9.3,2,0.845,0,5382.0,103
AMB-T2-018,2025-01-17,Random Forest,0.3715,MEDIO,18,0.0,0,1.0,1,4299.0,52
AMB-T2-003,2025-10-17,Random Forest,0.3714,MEDIO,0,0.0,1,1.0,1,3759.0,62
AMB-T2-011,2025-08-01,Random Forest,0.3712,MEDIO,6,10.0,3,0.8333,1,4450.0,93
AMB-T2-025,2025-09-05,Random Forest,0.3709,MEDIO,45,0.0,0,1.0,1,2544.0,56
AMB-T2-016,2025-04-04,Random Forest,0.3709,MEDIO,29,0.0,1,1.0,1,6497.0,72
AMB-T2-031,2025-09-26,Random Forest,0.3707,MEDIO,2,3.1,1,0.9483,0,6745.0,106
AMB-T2-020,2025-08-29,Random Forest,0.3707,MEDIO,50,0.0,0,1.0,1,6984.0,95
AMB-T2-011,2025-05-09,Random Forest,0.3707,MEDIO,23,2.5,2,0.9583,1,4865.0,44
AMB-T2-025,2025-05-30,Random Forest,0.3704,MEDIO,60,0.0,0,1.0,1,5482.0,86
AMB-T2-025,2025-05-23,Random Forest,0.3704,MEDIO,60,0.0,0,1.0,1,5482.0,86
AMB-T2-025,2025-05-09,Random Forest,0.3704,MEDIO,60,0.0,0,1.0,1,5482.0,86
AMB-T2-025,2025-05-16,Random Forest,0.3704,MEDIO,60,0.0,0,1.0,1,5482.0,86
AMB-T2-013,2025-05-30,Random Forest,0.3702,MEDIO,23,5.3,2,0.9117,0,3433.0,76
AMB-T2-030,2025-11-28,Random Forest,0.37,MEDIO,27,0.0,1,1.0,1,5132.0,67
AMB-T2-011,2025-02-21,Random Forest,0.3698,MEDIO,52,0.0,0,1.0,1,6849.0,59
AMB-T2-028,2025-03-28,Random Forest,0.3696,MEDIO,0,0.0,1,1.0,1,3224.0,47
AMB-T2-015,2025-04-04,Random Forest,0.3696,MEDIO,58,4.6,1,0.9233,1,5409.0,74
AMB-T2-004,2025-11-28,Random Forest,0.3696,MEDIO,8,0.0,1,1.0,0,3404.0,108
AMB-T2-017,2025-08-08,Random Forest,0.3694,MEDIO,46,0.0,0,1.0,1,7411.0,98
AMB-T2-019,2025-08-01,Random Forest,0.3692,MEDIO,41,0.0,0,1.0,1,5728.0,69
AMB-T2-030,2025-03-07,Random Forest,0.369,MEDIO,9,3.4,2,0.9433,0,4577.0,49
AMB-T2-026,2025-04-18,Random Forest,0.3687,MEDIO,0,6.0,4,0.9,1,7506.0,113
AMB-T2-025,2025-08-01,Random Forest,0.3683,MEDIO,10,0.0,0,1.0,1,3742.0,79
AMB-T2-021,2025-09-19,Random Forest,0.368,MEDIO,39,9.4,3,0.8433,1,7165.0,100
AMB-T2-006,2025-03-28,Random Forest,0.3679,MEDIO,35,2.2,1,0.9633,0,3165.0,66
AMB-T2-026,2025-03-28,Random Forest,0.3679,MEDIO,2,6.0,4,0.9,1,8346.0,95
AMB-T2-014,2025-03-14,Random Forest,0.3673,MEDIO,60,2.7,0,0.955,1,8100.0,115
AMB-T2-014,2025-03-28,Random Forest,0.3673,MEDIO,60,2.7,0,0.955,1,8100.0,115
AMB-T2-014,2025-03-21,Random Forest,0.3673,MEDIO,60,2.7,0,0.955,1,8100.0,115
AMB-T2-017,2025-01-17,Random Forest,0.3669,MEDIO,21,0.0,0,1.0,1,4978.0,111
AMB-T2-011,2025-07-25,Random Forest,0.3663,MEDIO,1,6.1,2,0.8983,1,4644.0,71
AMB-T2-015,2025-01-03,Random Forest,0.3662,MEDIO,1,0.0,1,1.0,1,4506.0,89
AMB-T2-032,2025-01-24,Random Forest,0.3661,MEDIO,3,5.9,2,0.9017,0,6749.0,56
AMB-T2-027,2025-06-13,Random Forest,0.3659,MEDIO,47,0.0,1,1.0,0,4665.0,46
AMB-T2-001,2025-07-25,Random Forest,0.3658,MEDIO,26,0.0,1,1.0,1,7480.0,86
AMB-T2-032,2025-09-19,Random Forest,0.3658,MEDIO,27,8.0,3,0.8667,1,5916.0,100
AMB-T2-008,2025-08-15,Random Forest,0.3658,MEDIO,39,0.0,1,1.0,1,4812.0,59
AMB-T2-008,2025-02-07,Random Forest,0.3656,MEDIO,36,0.0,0,1.0,1,4422.0,70
AMB-T2-008,2025-08-08,Random Forest,0.3654,MEDIO,32,0.0,1,1.0,1,4812.0,59
AMB-T2-028,2025-01-10,Random Forest,0.3651,MEDIO,9,0.0,0,1.0,1,4398.0,60
AMB-T2-030,2025-12-05,Random Forest,0.3643,MEDIO,34,0.0,1,1.0,1,6184.0,60
AMB-T2-022,2025-05-02,Random Forest,0.3643,MEDIO,1,0.0,1,1.0,1,7375.0,118
AMB-T2-032,2025-08-22,Random Forest,0.3638,MEDIO,3,9.9,3,0.835,1,5681.0,100
AMB-T2-007,2025-08-22,Random Forest,0.3628,MEDIO,31,0.0,1,1.0,0,4256.0,92
AMB-T2-026,2025-08-08,Random Forest,0.3628,MEDIO,28,0.0,1,1.0,1,7472.0,122
AMB-T2-014,2025-01-10,Random Forest,0.3625,MEDIO,2,0.0,1,1.0,1,7516.0,85
AMB-T2-007,2025-11-14,Random Forest,0.3622,MEDIO,60,0.0,0,1.0,1,4269.0,91
AMB-T2-007,2025-11-07,Random Forest,0.3622,MEDIO,60,0.0,0,1.0,1,4269.0,91
AMB-T2-007,2025-11-21,Random Forest,0.3622,MEDIO,60,0.0,0,1.0,1,4269.0,91
AMB-T2-007,2025-11-28,Random Forest,0.3622,MEDIO,60,0.0,0,1.0,1,4269.0,91
AMB-T2-018,2025-02-14,Random Forest,0.3619,MEDIO,46,0.0,0,1.0,1,4514.0,75
AMB-T2-019,2025-06-27,Random Forest,0.3619,MEDIO,6,0.0,0,1.0,1,6242.0,96
AMB-T2-014,2025-08-01,Random Forest,0.3618,MEDIO,2,0.0,1,1.0,0,6713.0,111
AMB-T2-033,2025-03-14,Random Forest,0.3614,MEDIO,60,0.0,0,1.0,1,7293.0,81
AMB-T2-016,2025-11-07,Random Forest,0.3612,MEDIO,60,0.0,0,1.0,1,3953.0,90
AMB-T2-020,2025-08-01,Random Forest,0.3608,MEDIO,22,0.0,0,1.0,1,6984.0,95
AMB-T2-031,2025-03-28,Random Forest,0.3605,MEDIO,28,0.0,1,1.0,1,5550.0,104
AMB-T2-012,2025-03-07,Random Forest,0.3604,MEDIO,1,9.3,2,0.845,0,5382.0,103
AMB-T2-028,2025-05-02,Random Forest,0.3604,MEDIO,30,3.3,2,0.945,1,3352.0,53
AMB-T2-010,2025-04-18,Random Forest,0.3603,MEDIO,47,5.1,1,0.915,1,5730.0,66
AMB-T2-021,2025-09-12,Random Forest,0.3601,MEDIO,32,9.4,3,0.8433,1,7165.0,100
AMB-T2-015,2025-01-31,Random Forest,0.3601,MEDIO,29,0.0,1,1.0,1,2481.0,38
AMB-T2-018,2025-03-28,Random Forest,0.36,MEDIO,9,0.5,2,0.9917,0,5537.0,84
AMB-T2-006,2025-05-23,Random Forest,0.36,MEDIO,24,4.6,2,0.9233,1,2768.0,96
AMB-T2-024,2025-01-03,Random Forest,0.36,MEDIO,5,7.7,3,0.8717,1,8482.0,117
AMB-T2-032,2025-05-09,Random Forest,0.3598,MEDIO,9,5.9,3,0.9017,1,6740.0,86
AMB-T2-020,2025-06-27,Random Forest,0.3589,MEDIO,60,0.0,0,1.0,1,4980.0,91
AMB-T2-020,2025-06-20,Random Forest,0.3589,MEDIO,60,0.0,0,1.0,1,4980.0,91
AMB-T2-013,2025-08-22,Random Forest,0.3578,MEDIO,29,0.0,1,1.0,1,5021.0,93
AMB-T2-028,2025-11-07,Random Forest,0.3576,MEDIO,57,0.0,1,1.0,0,4113.0,55
AMB-T2-014,2025-11-21,Random Forest,0.3568,MEDIO,2,0.0,1,1.0,1,7736.0,113
AMB-T2-009,2025-10-10,Random Forest,0.3561,MEDIO,22,4.7,1,0.9217,0,3848.0,46
AMB-T2-030,2025-12-12,Random Forest,0.356,MEDIO,41,0.0,1,1.0,1,6184.0,60
AMB-T2-016,2025-02-07,Random Forest,0.356,MEDIO,36,0.0,0,1.0,1,4832.0,70
AMB-T2-007,2025-04-11,Random Forest,0.356,MEDIO,60,0.0,0,1.0,1,4786.0,91
AMB-T2-007,2025-04-18,Random Forest,0.356,MEDIO,60,0.0,0,1.0,1,4786.0,91
AMB-T2-007,2025-04-04,Random Forest,0.356,MEDIO,60,0.0,0,1.0,1,4786.0,91
AMB-T2-007,2025-04-25,Random Forest,0.356,MEDIO,60,0.0,0,1.0,1,4786.0,91
AMB-T2-015,2025-04-25,Random Forest,0.3557,MEDIO,1,1.4,1,0.9767,1,5409.0,74
AMB-T2-018,2025-06-27,Random Forest,0.3557,MEDIO,60,0.0,0,1.0,1,5327.0,91
AMB-T2-018,2025-06-20,Random Forest,0.3557,MEDIO,60,0.0,0,1.0,1,5327.0,91
AMB-T2-025,2025-02-21,Random Forest,0.3556,MEDIO,41,0.0,1,1.0,1,4914.0,79
AMB-T2-027,2025-06-06,Random Forest,0.3556,MEDIO,40,0.0,1,1.0,0,4665.0,46
AMB-T2-032,2025-10-10,Random Forest,0.3555,MEDIO,14,12.4,4,0.7933,1,4876.0,84
AMB-T2-032,2025-03-28,Random Forest,0.3554,MEDIO,16,7.8,3,0.87,1,7399.0,97
AMB-T2-030,2025-03-14,Random Forest,0.3548,MEDIO,16,3.4,2,0.9433,0,4577.0,49
AMB-T2-001,2025-08-22,Random Forest,0.3547,MEDIO,54,0.0,0,1.0,1,7720.0,84
AMB-T2-021,2025-10-31,Random Forest,0.3545,MEDIO,28,0.0,1,1.0,1,4882.0,53
AMB-T2-029,2025-08-08,Random Forest,0.3541,MEDIO,34,0.0,0,1.0,1,4373.0,51
AMB-T2-025,2025-02-14,Random Forest,0.3537,MEDIO,34,0.0,1,1.0,1,4914.0,79
AMB-T2-005,2025-06-06,Random Forest,0.3534,MEDIO,27,2.9,2,0.9517,1,7962.0,127
AMB-T2-022,2025-10-03,Random Forest,0.3529,MEDIO,12,12.0,3,0.8,1,6528.0,103
AMB-T2-031,2025-01-24,Random Forest,0.352,MEDIO,24,0.0,0,1.0,1,7572.0,102
AMB-T2-019,2025-03-21,Random Forest,0.352,MEDIO,26,0.0,1,1.0,1,3743.0,75
AMB-T2-018,2025-07-11,Random Forest,0.3517,MEDIO,1,0.0,0,1.0,1,5985.0,94
AMB-T2-025,2025-08-08,Random Forest,0.351,MEDIO,17,0.0,0,1.0,1,3742.0,79
AMB-T2-029,2025-03-21,Random Forest,0.3509,MEDIO,24,3.9,2,0.935,1,5197.0,92
AMB-T2-003,2025-05-23,Random Forest,0.3508,MEDIO,33,0.0,1,1.0,1,4053.0,88
AMB-T2-001,2025-08-29,Random Forest,0.3508,MEDIO,60,0.0,0,1.0,1,7720.0,84
AMB-T2-031,2025-04-04,Random Forest,0.3507,MEDIO,35,0.0,1,1.0,1,6627.0,97
AMB-T2-026,2025-04-11,Random Forest,0.3501,MEDIO,16,6.0,3,0.9,1,7506.0,113
AMB-T2-026,2025-04-04,Random Forest,0.35,MEDIO,9,6.0,3,0.9,1,7506.0,113
AMB-T2-030,2025-04-25,Random Forest,0.3499,MEDIO,58,3.4,2,0.9433,0,3882.0,45
AMB-T2-028,2025-11-14,Random Forest,0.349,MEDIO,2,0.0,1,1.0,0,4113.0,55
AMB-T2-020,2025-12-05,Random Forest,0.3489,MEDIO,60,0.0,0,1.0,1,7492.0,84
AMB-T2-020,2025-12-12,Random Forest,0.3489,MEDIO,60,0.0,0,1.0,1,7492.0,84
AMB-T2-018,2025-01-24,Random Forest,0.3488,MEDIO,25,0.0,0,1.0,1,4299.0,52
AMB-T2-021,2025-09-26,Random Forest,0.3488,MEDIO,46,6.9,2,0.885,1,7165.0,100
AMB-T2-006,2025-05-30,Random Forest,0.3486,MEDIO,31,4.6,2,0.9233,1,2768.0,96
AMB-T2-031,2025-05-30,Random Forest,0.3482,MEDIO,60,2.2,0,0.9633,1,8672.0,84
AMB-T2-008,2025-05-02,Random Forest,0.3482,MEDIO,1,0.0,1,1.0,1,4462.0,55
AMB-T2-031,2025-05-23,Random Forest,0.3482,MEDIO,60,2.2,0,0.9633,1,8672.0,84
AMB-T2-031,2025-05-16,Random Forest,0.3482,MEDIO,60,2.2,0,0.9633,1,8672.0,84
AMB-T2-020,2025-01-31,Random Forest,0.3482,MEDIO,33,0.9,1,0.985,0,2170.0,54
AMB-T2-031,2025-05-09,Random Forest,0.3482,MEDIO,60,2.2,0,0.9633,1,8672.0,84
AMB-T2-020,2025-10-24,Random Forest,0.348,MEDIO,60,0.0,0,1.0,1,5569.0,92
AMB-T2-020,2025-10-17,Random Forest,0.348,MEDIO,60,0.0,0,1.0,1,5569.0,92
AMB-T2-020,2025-10-10,Random Forest,0.348,MEDIO,60,0.0,0,1.0,1,5569.0,92
AMB-T2-020,2025-10-03,Random Forest,0.348,MEDIO,60,0.0,0,1.0,1,5569.0,92
AMB-T2-019,2025-11-07,Random Forest,0.3479,MEDIO,40,0.0,1,1.0,1,6250.0,60
AMB-T2-030,2025-04-18,Random Forest,0.3475,MEDIO,51,3.4,2,0.9433,0,3882.0,45
AMB-T2-027,2025-11-07,Random Forest,0.3474,MEDIO,57,0.0,1,1.0,0,4481.0,70
AMB-T2-027,2025-05-30,Random Forest,0.3473,MEDIO,33,0.0,1,1.0,0,4537.0,68
AMB-T2-016,2025-12-05,Random Forest,0.3473,MEDIO,26,0.0,1,1.0,1,4367.0,95
AMB-T2-030,2025-10-24,Random Forest,0.3467,MEDIO,26,0.0,1,1.0,1,4553.0,95
AMB-T2-007,2025-05-23,Random Forest,0.3464,MEDIO,60,0.0,0,1.0,1,4663.0,94
AMB-T2-002,2025-06-13,Random Forest,0.3464,MEDIO,15,0.5,2,0.9917,0,7455.0,99
AMB-T2-030,2025-06-20,Random Forest,0.3464,MEDIO,60,0.0,0,1.0,1,4517.0,92
AMB-T2-030,2025-06-06,Random Forest,0.3464,MEDIO,60,0.0,0,1.0,1,4517.0,92
AMB-T2-030,2025-06-13,Random Forest,0.3464,MEDIO,60,0.0,0,1.0,1,4517.0,92
AMB-T2-007,2025-05-30,Random Forest,0.3464,MEDIO,60,0.0,0,1.0,1,4663.0,94
AMB-T2-007,2025-05-09,Random Forest,0.3464,MEDIO,60,0.0,0,1.0,1,4663.0,94
AMB-T2-007,2025-05-02,Random Forest,0.3464,MEDIO,60,0.0,0,1.0,1,4663.0,94
AMB-T2-007,2025-05-16,Random Forest,0.3464,MEDIO,60,0.0,0,1.0,1,4663.0,94
AMB-T2-011,2025-02-14,Random Forest,0.3463,MEDIO,45,0.0,0,1.0,1,6849.0,59
AMB-T2-031,2025-10-10,Random Forest,0.346,MEDIO,16,3.1,1,0.9483,0,7441.0,100
AMB-T2-010,2025-10-17,Random Forest,0.346,MEDIO,25,3.2,2,0.9467,0,5112.0,68
AMB-T2-018,2025-07-04,Random Forest,0.346,MEDIO,60,0.0,0,1.0,1,5985.0,94
AMB-T2-017,2025-05-30,Random Forest,0.3459,MEDIO,2,1.9,1,0.9683,1,5624.0,108
AMB-T2-018,2025-10-24,Random Forest,0.3456,MEDIO,2,1.9,1,0.9683,1,5692.0,112
AMB-T2-003,2025-02-21,Random Forest,0.3452,MEDIO,38,0.0,0,1.0,1,4333.0,52
AMB-T2-015,2025-11-07,Random Forest,0.3451,MEDIO,60,0.0,0,1.0,1,5251.0,93
AMB-T2-010,2025-10-24,Random Forest,0.345,MEDIO,32,3.2,2,0.9467,0,5112.0,68
AMB-T2-030,2025-04-11,Random Forest,0.3448,MEDIO,44,3.4,2,0.9433,0,3882.0,45
AMB-T2-003,2025-02-14,Random Forest,0.3447,MEDIO,31,0.0,0,1.0,1,4333.0,52
AMB-T2-028,2025-08-29,Random Forest,0.3445,MEDIO,54,0.0,1,1.0,1,4983.0,87
AMB-T2-018,2025-05-02,Random Forest,0.3443,MEDIO,13,2.8,2,0.9533,0,4265.0,100
AMB-T2-003,2025-01-10,Random Forest,0.344,MEDIO,60,0.0,0,1.0,1,4949.0,85
AMB-T2-011,2025-01-31,Random Forest,0.344,MEDIO,31,0.0,0,1.0,1,3467.0,49
AMB-T2-003,2025-01-03,Random Forest,0.344,MEDIO,60,0.0,0,1.0,1,4949.0,85
AMB-T2-011,2025-09-12,Random Forest,0.3435,MEDIO,48,5.5,2,0.9083,1,4169.0,86
AMB-T2-007,2025-10-24,Random Forest,0.3434,MEDIO,60,0.0,0,1.0,1,4471.0,79
AMB-T2-003,2025-05-30,Random Forest,0.3432,MEDIO,40,0.0,1,1.0,1,4053.0,88
AMB-T2-019,2025-07-25,Random Forest,0.343,MEDIO,34,0.0,0,1.0,1,5394.0,67
AMB-T2-002,2025-03-28,Random Forest,0.3429,MEDIO,28,5.2,2,0.9133,1,6089.0,84
AMB-T2-013,2025-07-11,Random Forest,0.3429,MEDIO,36,0.0,0,1.0,1,4130.0,69
AMB-T2-009,2025-05-23,Random Forest,0.3424,MEDIO,28,1.5,1,0.975,1,6201.0,64
AMB-T2-016,2025-04-11,Random Forest,0.3416,MEDIO,36,0.0,1,1.0,1,6497.0,72
AMB-T2-008,2025-03-28,Random Forest,0.3411,MEDIO,32,0.0,1,1.0,1,4326.0,65
AMB-T2-029,2025-03-28,Random Forest,0.3406,MEDIO,31,3.9,2,0.935,1,5197.0,92
AMB-T2-004,2025-10-10,Random Forest,0.3405,MEDIO,60,0.0,0,1.0,1,4009.0,95
AMB-T2-004,2025-10-03,Random Forest,0.3405,MEDIO,60,0.0,0,1.0,1,4009.0,95
AMB-T2-004,2025-10-17,Random Forest,0.3405,MEDIO,60,0.0,0,1.0,1,4009.0,95
AMB-T2-004,2025-10-24,Random Forest,0.3405,MEDIO,60,0.0,0,1.0,1,4009.0,95
AMB-T2-007,2025-08-01,Random Forest,0.3404,MEDIO,10,0.0,1,1.0,0,4256.0,92
AMB-T2-022,2025-09-26,Random Forest,0.3404,MEDIO,5,12.0,3,0.8,1,7586.0,121
AMB-T2-020,2025-07-11,Random Forest,0.3402,MEDIO,1,0.0,0,1.0,1,7404.0,118
AMB-T2-019,2025-07-18,Random Forest,0.3401,MEDIO,27,0.0,0,1.0,1,5394.0,67
AMB-T2-031,2025-06-06,Random Forest,0.3396,MEDIO,60,2.2,0,0.9633,1,7932.0,85
AMB-T2-001,2025-04-11,Random Forest,0.3392,MEDIO,28,1.5,1,0.975,1,7949.0,92
AMB-T2-031,2025-10-03,Random Forest,0.3388,MEDIO,9,3.1,1,0.9483,0,7441.0,100
AMB-T2-002,2025-07-11,Random Forest,0.3385,MEDIO,43,0.0,1,1.0,0,6055.0,118
AMB-T2-004,2025-11-21,Random Forest,0.3384,MEDIO,1,0.0,1,1.0,0,3404.0,108
AMB-T2-028,2025-06-06,Random Forest,0.3373,MEDIO,31,0.0,1,1.0,1,2122.0,55
AMB-T2-030,2025-09-19,Random Forest,0.3372,MEDIO,41,0.0,2,1.0,1,4119.0,73
AMB-T2-011,2025-06-06,Random Forest,0.3367,MEDIO,51,2.5,2,0.9583,1,5182.0,44
AMB-T2-016,2025-04-18,Random Forest,0.3359,MEDIO,43,0.0,1,1.0,1,6497.0,72
AMB-T2-017,2025-01-24,Random Forest,0.3354,MEDIO,28,0.0,0,1.0,1,4978.0,111
AMB-T2-016,2025-05-30,Random Forest,0.3352,MEDIO,1,0.0,1,1.0,1,6245.0,76
AMB-T2-011,2025-09-05,Random Forest,0.3348,MEDIO,41,5.5,2,0.9083,1,4169.0,86
AMB-T2-011,2025-05-23,Random Forest,0.3344,MEDIO,37,2.5,2,0.9583,1,4865.0,44
AMB-T2-020,2025-08-22,Random Forest,0.3343,MEDIO,43,0.0,0,1.0,1,6984.0,95
AMB-T2-011,2025-05-16,Random Forest,0.3343,MEDIO,30,2.5,2,0.9583,1,4865.0,44
AMB-T2-002,2025-04-04,Random Forest,0.3339,MEDIO,35,5.2,2,0.9133,1,6820.0,100
AMB-T2-023,2025-04-11,Random Forest,0.3338,MEDIO,60,0.0,0,1.0,1,3976.0,82
AMB-T2-023,2025-04-18,Random Forest,0.3338,MEDIO,60,0.0,0,1.0,1,3976.0,82
AMB-T2-023,2025-04-25,Random Forest,0.3338,MEDIO,60,0.0,0,1.0,1,3976.0,82
AMB-T2-023,2025-04-04,Random Forest,0.3338,MEDIO,60,0.0,0,1.0,1,3976.0,82
AMB-T2-013,2025-08-29,Random Forest,0.3337,MEDIO,36,0.0,1,1.0,1,5021.0,93
AMB-T2-021,2025-10-03,Random Forest,0.3334,MEDIO,0,6.9,3,0.885,1,8390.0,93
AMB-T2-014,2025-10-10,Random Forest,0.3333,MEDIO,32,0.0,1,1.0,1,7743.0,123
AMB-T2-019,2025-03-28,Random Forest,0.3332,MEDIO,33,0.0,1,1.0,1,3743.0,75
AMB-T2-030,2025-09-12,Random Forest,0.3332,MEDIO,34,0.0,2,1.0,1,4119.0,73
AMB-T2-025,2025-11-21,Random Forest,0.333,MEDIO,60,0.0,0,1.0,1,3896.0,76
AMB-T2-025,2025-11-14,Random Forest,0.333,MEDIO,60,0.0,0,1.0,1,3896.0,76
AMB-T2-025,2025-11-07,Random Forest,0.333,MEDIO,60,0.0,0,1.0,1,3896.0,76
AMB-T2-018,2025-03-21,Random Forest,0.333,MEDIO,2,0.5,2,0.9917,0,5537.0,84
AMB-T2-023,2025-08-01,Random Forest,0.3329,MEDIO,37,4.6,1,0.9233,1,5523.0,76
AMB-T2-025,2025-06-20,Random Forest,0.3328,MEDIO,60,0.0,0,1.0,1,5410.0,84
AMB-T2-025,2025-06-27,Random Forest,0.3328,MEDIO,60,0.0,0,1.0,1,5410.0,84
AMB-T2-025,2025-06-06,Random Forest,0.3328,MEDIO,60,0.0,0,1.0,1,5410.0,84
AMB-T2-025,2025-06-13,Random Forest,0.3328,MEDIO,60,0.0,0,1.0,1,5410.0,84
AMB-T2-031,2025-04-25,Random Forest,0.3321,MEDIO,56,0.0,1,1.0,1,6627.0,97
AMB-T2-011,2025-05-30,Random Forest,0.3318,MEDIO,44,2.5,2,0.9583,1,4865.0,44
AMB-T2-023,2025-03-14,Random Forest,0.3311,MEDIO,60,0.0,0,1.0,1,4104.0,82
AMB-T2-015,2025-04-18,Random Forest,0.3311,MEDIO,60,0.0,0,1.0,1,5409.0,74
AMB-T2-015,2025-04-11,Random Forest,0.3311,MEDIO,60,0.0,0,1.0,1,5409.0,74
AMB-T2-023,2025-03-21,Random Forest,0.3311,MEDIO,60,0.0,0,1.0,1,4104.0,82
AMB-T2-023,2025-03-07,Random Forest,0.3311,MEDIO,60,0.0,0,1.0,1,4104.0,82
AMB-T2-023,2025-03-28,Random Forest,0.3311,MEDIO,60,0.0,0,1.0,1,4104.0,82
AMB-T2-002,2025-07-18,Random Forest,0.331,MEDIO,4,0.0,1,1.0,0,6055.0,118
AMB-T2-030,2025-04-04,Random Forest,0.331,MEDIO,37,3.4,2,0.9433,0,3882.0,45
AMB-T2-020,2025-09-26,Random Forest,0.3301,MEDIO,60,0.0,0,1.0,1,5635.0,77
AMB-T2-020,2025-09-19,Random Forest,0.3301,MEDIO,60,0.0,0,1.0,1,5635.0,77
AMB-T2-020,2025-09-12,Random Forest,0.3301,MEDIO,60,0.0,0,1.0,1,5635.0,77
AMB-T2-031,2025-04-11,Random Forest,0.3299,MEDIO,42,0.0,1,1.0,1,6627.0,97
AMB-T2-008,2025-11-28,Random Forest,0.3296,MEDIO,60,0.0,0,1.0,1,4872.0,79
AMB-T2-008,2025-11-21,Random Forest,0.3296,MEDIO,60,0.0,0,1.0,1,4872.0,79
AMB-T2-008,2025-11-07,Random Forest,0.3296,MEDIO,60,0.0,0,1.0,1,4872.0,79
AMB-T2-008,2025-11-14,Random Forest,0.3296,MEDIO,60,0.0,0,1.0,1,4872.0,79
AMB-T2-010,2025-04-11,Random Forest,0.3295,MEDIO,40,5.1,1,0.915,1,5730.0,66
AMB-T2-023,2025-07-25,Random Forest,0.3295,MEDIO,30,4.6,1,0.9233,1,3935.0,53
AMB-T2-002,2025-08-01,Random Forest,0.3294,MEDIO,18,0.0,0,1.0,1,4801.0,112
AMB-T2-014,2025-08-29,Random Forest,0.3294,MEDIO,30,0.0,1,1.0,0,6713.0,111
AMB-T2-015,2025-08-22,Random Forest,0.3293,MEDIO,22,2.1,2,0.965,0,5944.0,67
AMB-T2-024,2025-03-07,Random Forest,0.3293,MEDIO,27,4.8,1,0.92,1,7625.0,127
AMB-T2-032,2025-05-02,Random Forest,0.3292,MEDIO,2,5.9,3,0.9017,1,6740.0,86
AMB-T2-017,2025-08-01,Random Forest,0.3292,MEDIO,39,0.0,0,1.0,1,7411.0,98
AMB-T2-016,2025-09-19,Random Forest,0.3291,MEDIO,60,0.0,0,1.0,1,3899.0,83
AMB-T2-016,2025-04-25,Random Forest,0.3291,MEDIO,50,0.0,1,1.0,1,6497.0,72
AMB-T2-015,2025-10-03,Random Forest,0.3291,MEDIO,60,0.0,0,1.0,1,4835.0,72
AMB-T2-015,2025-10-10,Random Forest,0.3291,MEDIO,60,0.0,0,1.0,1,4835.0,72
AMB-T2-015,2025-10-24,Random Forest,0.3291,MEDIO,60,0.0,0,1.0,1,4835.0,72
AMB-T2-015,2025-10-17,Random Forest,0.3291,MEDIO,60,0.0,0,1.0,1,4835.0,72
AMB-T2-016,2025-09-26,Random Forest,0.3291,MEDIO,60,0.0,0,1.0,1,3899.0,83
AMB-T2-025,2025-07-04,Random Forest,0.329,MEDIO,60,0.0,0,1.0,1,5099.0,81
AMB-T2-025,2025-07-11,Random Forest,0.329,MEDIO,60,0.0,0,1.0,1,5099.0,81
AMB-T2-025,2025-07-18,Random Forest,0.329,MEDIO,60,0.0,0,1.0,1,5099.0,81
AMB-T2-031,2025-04-18,Random Forest,0.3286,MEDIO,49,0.0,1,1.0,1,6627.0,97
AMB-T2-013,2025-02-28,Random Forest,0.3276,MEDIO,45,0.0,1,1.0,1,5693.0,69
AMB-T2-008,2025-07-04,Random Forest,0.327,MEDIO,1,0.0,0,1.0,1,4498.0,87
AMB-T2-018,2025-02-28,Random Forest,0.3264,MEDIO,60,0.0,0,1.0,1,4514.0,75
AMB-T2-032,2025-09-26,Random Forest,0.3262,MEDIO,0,12.4,4,0.7933,1,5916.0,100
AMB-T2-004,2025-09-26,Random Forest,0.326,MEDIO,60,0.0,0,1.0,1,4778.0,80
AMB-T2-029,2025-05-02,Random Forest,0.326,MEDIO,60,0.0,0,1.0,1,4690.0,80
AMB-T2-004,2025-09-12,Random Forest,0.326,MEDIO,60,0.0,0,1.0,1,4778.0,80
AMB-T2-004,2025-09-19,Random Forest,0.326,MEDIO,60,0.0,0,1.0,1,4778.0,80
AMB-T2-004,2025-06-13,Random Forest,0.326,MEDIO,60,0.0,0,1.0,1,4750.0,80
AMB-T2-004,2025-06-06,Random Forest,0.326,MEDIO,60,0.0,0,1.0,1,4750.0,80
AMB-T2-007,2025-12-12,Random Forest,0.3255,MEDIO,7,0.0,0,1.0,1,4231.0,116
AMB-T2-009,2025-12-12,Random Forest,0.3252,MEDIO,60,0.0,0,1.0,1,5390.0,76
AMB-T2-009,2025-12-05,Random Forest,0.3252,MEDIO,60,0.0,0,1.0,1,5390.0,76
AMB-T2-016,2025-12-12,Random Forest,0.3244,MEDIO,33,0.0,1,1.0,1,4367.0,95
AMB-T2-030,2025-09-26,Random Forest,0.3241,MEDIO,48,0.0,1,1.0,1,4119.0,73
AMB-T2-011,2025-01-24,Random Forest,0.324,MEDIO,24,0.0,0,1.0,1,6439.0,92
AMB-T2-019,2025-06-13,Random Forest,0.3234,MEDIO,60,0.0,0,1.0,1,6242.0,96
AMB-T2-019,2025-06-20,Random Forest,0.3234,MEDIO,60,0.0,0,1.0,1,6242.0,96
AMB-T2-019,2025-06-06,Random Forest,0.3234,MEDIO,60,0.0,0,1.0,1,6242.0,96
AMB-T2-013,2025-09-05,Random Forest,0.3233,MEDIO,43,0.0,1,1.0,1,6134.0,99
AMB-T2-008,2025-05-30,Random Forest,0.3232,MEDIO,29,0.0,1,1.0,1,4462.0,55
AMB-T2-032,2025-10-03,Random Forest,0.3231,MEDIO,7,12.4,4,0.7933,1,4876.0,84
AMB-T2-022,2025-09-19,Random Forest,0.3224,MEDIO,27,6.5,2,0.8917,1,7586.0,121
AMB-T2-013,2025-09-12,Random Forest,0.322,MEDIO,50,0.0,1,1.0,1,6134.0,99
AMB-T2-025,2025-08-15,Random Forest,0.322,MEDIO,24,0.0,0,1.0,1,3742.0,79
AMB-T2-002,2025-06-20,Random Forest,0.322,MEDIO,22,0.5,2,0.9917,0,7455.0,99
AMB-T2-009,2025-06-20,Random Forest,0.3211,MEDIO,56,0.0,1,1.0,1,4086.0,46
AMB-T2-024,2025-11-28,Random Forest,0.3205,MEDIO,2,4.3,2,0.9283,0,8358.0,115
AMB-T2-005,2025-08-08,Random Forest,0.3204,MEDIO,24,0.0,0,1.0,1,6962.0,119
AMB-T2-009,2025-06-13,Random Forest,0.3204,MEDIO,49,1.5,1,0.975,1,4086.0,46
AMB-T2-028,2025-08-15,Random Forest,0.32,MEDIO,40,1.3,2,0.9783,1,4983.0,87
AMB-T2-018,2025-05-09,Random Forest,0.3199,MEDIO,20,2.8,2,0.9533,0,4265.0,100
AMB-T2-015,2025-05-16,Random Forest,0.3198,MEDIO,22,1.4,1,0.9767,1,6151.0,60
AMB-T2-008,2025-06-13,Random Forest,0.3187,MEDIO,43,0.0,1,1.0,1,5858.0,102
AMB-T2-013,2025-09-19,Random Forest,0.3185,MEDIO,57,0.0,1,1.0,1,6134.0,99
AMB-T2-001,2025-08-01,Random Forest,0.3184,MEDIO,33,0.0,1,1.0,1,7720.0,84
AMB-T2-014,2025-04-11,Random Forest,0.3181,MEDIO,11,4.7,1,0.9217,1,8088.0,109
AMB-T2-028,2025-01-03,Random Forest,0.318,MEDIO,2,0.0,0,1.0,1,4398.0,60
AMB-T2-005,2025-06-13,Random Forest,0.3176,MEDIO,34,2.9,2,0.9517,1,7962.0,127
AMB-T2-020,2025-08-08,Random Forest,0.3171,MEDIO,29,0.0,0,1.0,1,6984.0,95
AMB-T2-020,2025-02-07,Random Forest,0.3167,MEDIO,40,0.0,0,1.0,1,5203.0,120
AMB-T2-011,2025-02-07,Random Forest,0.3167,MEDIO,38,0.0,0,1.0,1,6849.0,59
AMB-T2-018,2025-04-18,Random Forest,0.3167,MEDIO,30,0.5,2,0.9917,0,5423.0,82
AMB-T2-022,2025-03-21,Random Forest,0.3165,MEDIO,52,5.4,1,0.91,1,8543.0,118
AMB-T2-014,2025-10-17,Random Forest,0.3164,MEDIO,39,0.0,1,1.0,1,7743.0,123
AMB-T2-013,2025-03-07,Random Forest,0.3158,MEDIO,52,0.0,1,1.0,1,5971.0,96
AMB-T2-024,2025-04-18,Random Forest,0.3157,MEDIO,25,1.0,1,0.9833,1,8441.0,109
AMB-T2-010,2025-11-07,Random Forest,0.3157,MEDIO,46,3.2,2,0.9467,0,6042.0,109
AMB-T2-001,2025-08-08,Random Forest,0.3155,MEDIO,40,0.0,1,1.0,1,7720.0,84
AMB-T2-030,2025-03-21,Random Forest,0.315,MEDIO,23,3.4,2,0.9433,0,4577.0,49
AMB-T2-015,2025-03-28,Random Forest,0.3149,MEDIO,51,4.6,1,0.9233,1,4679.0,100
AMB-T2-017,2025-02-21,Random Forest,0.3149,MEDIO,56,0.0,0,1.0,1,7518.0,88
AMB-T2-031,2025-10-17,Random Forest,0.3149,MEDIO,23,3.1,1,0.9483,0,7441.0,100
AMB-T2-002,2025-08-08,Random Forest,0.3149,MEDIO,25,0.0,0,1.0,1,4801.0,112
AMB-T2-024,2025-03-14,Random Forest,0.3144,MEDIO,34,5.8,1,0.9033,1,7625.0,127
AMB-T2-028,2025-08-22,Random Forest,0.3144,MEDIO,47,1.3,2,0.9783,1,4983.0,87
AMB-T2-006,2025-04-04,Random Forest,0.3139,MEDIO,42,2.2,1,0.9633,0,2920.0,104
AMB-T2-008,2025-06-20,Random Forest,0.3137,MEDIO,50,0.0,1,1.0,1,5858.0,102
AMB-T2-007,2025-10-17,Random Forest,0.3134,MEDIO,55,2.6,1,0.9567,1,4471.0,79
AMB-T2-022,2025-03-28,Random Forest,0.3132,MEDIO,59,5.4,1,0.91,1,8543.0,118
AMB-T2-018,2025-05-16,Random Forest,0.3121,MEDIO,27,2.8,2,0.9533,0,4265.0,100
AMB-T2-019,2025-12-12,Random Forest,0.3121,MEDIO,23,4.5,2,0.925,0,6008.0,55
AMB-T2-029,2025-10-31,Random Forest,0.3121,MEDIO,58,1.7,1,0.9717,1,3142.0,39
AMB-T2-013,2025-09-26,Random Forest,0.3114,MEDIO,60,0.0,0,1.0,1,6134.0,99
AMB-T2-009,2025-06-06,Random Forest,0.3111,MEDIO,42,1.5,1,0.975,1,4086.0,46
AMB-T2-016,2025-07-04,Random Forest,0.3111,MEDIO,36,0.0,1,1.0,1,5204.0,82
AMB-T2-007,2025-10-10,Random Forest,0.3109,MEDIO,48,2.6,1,0.9567,1,4471.0,79
AMB-T2-025,2025-03-28,Random Forest,0.3109,MEDIO,23,2.2,1,0.9633,1,4685.0,83
AMB-T2-008,2025-06-27,Random Forest,0.3108,MEDIO,57,0.0,1,1.0,1,5858.0,102
AMB-T2-001,2025-08-15,Random Forest,0.3099,MEDIO,47,0.0,0,1.0,1,7720.0,84
AMB-T2-023,2025-08-08,Random Forest,0.3092,MEDIO,44,4.6,1,0.9233,1,5523.0,76
AMB-T2-008,2025-06-06,Random Forest,0.3088,MEDIO,36,0.0,1,1.0,1,5858.0,102
AMB-T2-002,2025-07-04,Random Forest,0.3087,MEDIO,36,0.5,2,0.9917,0,6055.0,118
AMB-T2-007,2025-09-05,Random Forest,0.3086,MEDIO,13,2.6,2,0.9567,0,4470.0,104
AMB-T2-002,2025-06-27,Random Forest,0.3079,MEDIO,29,0.5,2,0.9917,0,7455.0,99
AMB-T2-010,2025-04-04,Random Forest,0.3078,MEDIO,33,5.1,1,0.915,1,5730.0,66
AMB-T2-017,2025-01-31,Random Forest,0.3062,MEDIO,35,0.0,0,1.0,1,2926.0,49
AMB-T2-033,2025-04-11,Random Forest,0.3059,MEDIO,12,5.4,2,0.91,1,6260.0,101
AMB-T2-016,2025-05-02,Random Forest,0.3053,MEDIO,57,0.0,1,1.0,1,6245.0,76
AMB-T2-026,2025-08-15,Random Forest,0.3041,MEDIO,35,0.0,1,1.0,1,7472.0,122
AMB-T2-009,2025-11-14,Random Forest,0.3041,MEDIO,57,4.7,1,0.9217,0,5108.0,58
AMB-T2-014,2025-10-24,Random Forest,0.3036,MEDIO,46,0.0,1,1.0,1,7743.0,123
AMB-T2-033,2025-04-04,Random Forest,0.3032,MEDIO,5,5.4,2,0.91,1,6260.0,101
AMB-T2-032,2025-07-04,Random Forest,0.3029,MEDIO,38,0.7,2,0.9883,1,5886.0,76
AMB-T2-017,2025-05-23,Random Forest,0.3028,MEDIO,60,0.0,0,1.0,1,5624.0,108
AMB-T2-017,2025-05-16,Random Forest,0.3028,MEDIO,60,0.0,0,1.0,1,5624.0,108
AMB-T2-017,2025-05-02,Random Forest,0.3028,MEDIO,60,0.0,0,1.0,1,5624.0,108
AMB-T2-017,2025-05-09,Random Forest,0.3028,MEDIO,60,0.0,0,1.0,1,5624.0,108
AMB-T2-006,2025-04-11,Random Forest,0.3027,MEDIO,49,2.2,1,0.9633,0,2920.0,104
AMB-T2-030,2025-07-04,Random Forest,0.3024,MEDIO,8,0.0,0,1.0,1,3846.0,94
AMB-T2-016,2025-05-23,Random Forest,0.3017,MEDIO,60,0.0,0,1.0,1,6245.0,76
AMB-T2-016,2025-05-09,Random Forest,0.3017,MEDIO,60,0.0,0,1.0,1,6245.0,76
AMB-T2-016,2025-05-16,Random Forest,0.3017,MEDIO,60,0.0,0,1.0,1,6245.0,76
AMB-T2-033,2025-02-14,Random Forest,0.3013,MEDIO,35,0.0,1,1.0,1,8325.0,70
AMB-T2-005,2025-08-15,Random Forest,0.3012,MEDIO,31,0.0,0,1.0,1,6962.0,119
AMB-T2-001,2025-04-18,Random Forest,0.301,MEDIO,35,1.5,1,0.975,1,7949.0,92
AMB-T2-026,2025-09-05,Random Forest,0.3001,MEDIO,7,6.3,2,0.895,0,7026.0,103
AMB-T2-020,2025-08-15,Random Forest,0.3,MEDIO,36,0.0,0,1.0,1,6984.0,95
AMB-T2-005,2025-06-20,Random Forest,0.2983,MEDIO,41,0.0,1,1.0,1,7962.0,127
AMB-T2-006,2025-04-18,Random Forest,0.2983,MEDIO,56,2.2,1,0.9633,0,2920.0,104
AMB-T2-031,2025-11-14,Random Forest,0.298,MEDIO,3,5.4,2,0.91,0,7006.0,113
AMB-T2-009,2025-11-07,Random Forest,0.2979,MEDIO,50,4.7,1,0.9217,0,5108.0,58
AMB-T2-009,2025-05-30,Random Forest,0.2976,MEDIO,35,1.5,1,0.975,1,6201.0,64
AMB-T2-015,2025-03-21,Random Forest,0.2976,MEDIO,44,4.6,1,0.9233,1,4679.0,100
AMB-T2-029,2025-01-03,Random Forest,0.2974,MEDIO,60,0.0,0,1.0,1,4274.0,119
AMB-T2-029,2025-01-10,Random Forest,0.2974,MEDIO,60,0.0,0,1.0,1,4274.0,119
AMB-T2-022,2025-10-31,Random Forest,0.2972,MEDIO,40,5.5,1,0.9083,1,3168.0,40
AMB-T2-010,2025-03-28,Random Forest,0.297,MEDIO,26,5.1,1,0.915,1,5813.0,79
AMB-T2-010,2025-11-28,Random Forest,0.297,MEDIO,9,3.7,1,0.9383,0,6042.0,109
AMB-T2-005,2025-06-27,Random Forest,0.2966,MEDIO,48,0.0,1,1.0,1,7962.0,127
AMB-T2-024,2025-12-05,Random Forest,0.2965,MEDIO,9,4.3,2,0.9283,0,7219.0,115
AMB-T2-017,2025-11-21,Random Forest,0.2959,MEDIO,60,0.0,0,1.0,1,4835.0,116
AMB-T2-017,2025-11-28,Random Forest,0.2959,MEDIO,60,0.0,0,1.0,1,4835.0,116
AMB-T2-017,2025-11-14,Random Forest,0.2959,MEDIO,60,0.0,0,1.0,1,4835.0,116
AMB-T2-007,2025-10-03,Random Forest,0.2956,MEDIO,41,2.6,1,0.9567,1,4471.0,79
AMB-T2-033,2025-02-21,Random Forest,0.2954,MEDIO,42,0.0,1,1.0,1,8325.0,70
AMB-T2-009,2025-04-18,Random Forest,0.2952,MEDIO,55,3.4,1,0.9433,0,4505.0,67
AMB-T2-019,2025-05-23,Random Forest,0.2951,MEDIO,60,0.0,0,1.0,1,6009.0,110
AMB-T2-019,2025-05-30,Random Forest,0.2951,MEDIO,60,0.0,0,1.0,1,6009.0,110
AMB-T2-019,2025-05-02,Random Forest,0.2951,MEDIO,60,0.0,0,1.0,1,6009.0,110
AMB-T2-019,2025-05-16,Random Forest,0.2951,MEDIO,60,0.0,0,1.0,1,6009.0,110
AMB-T2-019,2025-05-09,Random Forest,0.2951,MEDIO,60,0.0,0,1.0,1,6009.0,110
AMB-T2-009,2025-10-17,Random Forest,0.295,MEDIO,29,4.7,1,0.9217,0,3848.0,46
AMB-T2-014,2025-04-04,Random Forest,0.2948,MEDIO,4,4.7,1,0.9217,1,8088.0,109
AMB-T2-010,2025-11-21,Random Forest,0.2947,MEDIO,2,3.7,1,0.9383,0,6042.0,109
AMB-T2-014,2025-02-07,Random Forest,0.2942,MEDIO,30,0.0,1,1.0,1,8323.0,95
AMB-T2-014,2025-05-02,Random Forest,0.2938,MEDIO,32,2.0,1,0.9667,1,7760.0,119
AMB-T2-005,2025-12-05,Random Forest,0.2938,MEDIO,36,2.8,1,0.9533,1,7469.0,117
AMB-T2-018,2025-02-07,Random Forest,0.2936,MEDIO,39,0.0,0,1.0,1,4514.0,75
AMB-T2-018,2025-10-10,Random Forest,0.2925,MEDIO,51,4.6,1,0.9233,1,5692.0,112
AMB-T2-031,2025-10-24,Random Forest,0.2925,MEDIO,30,3.1,1,0.9483,0,7441.0,100
AMB-T2-014,2025-04-18,Random Forest,0.2923,MEDIO,18,4.7,1,0.9217,1,8088.0,109
AMB-T2-017,2025-02-14,Random Forest,0.2918,MEDIO,49,0.0,0,1.0,1,7518.0,88
AMB-T2-020,2025-02-28,Random Forest,0.2918,MEDIO,60,0.0,0,1.0,1,5203.0,120
AMB-T2-012,2025-12-05,Random Forest,0.2917,MEDIO,33,9.6,2,0.84,1,6275.0,106
AMB-T2-014,2025-02-21,Random Forest,0.2915,MEDIO,44,0.0,1,1.0,1,8323.0,95
AMB-T2-005,2025-12-12,Random Forest,0.2915,MEDIO,43,2.8,1,0.9533,1,7469.0,117
AMB-T2-014,2025-05-09,Random Forest,0.2915,MEDIO,39,2.0,1,0.9667,1,7760.0,119
AMB-T2-017,2025-10-24,Random Forest,0.2904,MEDIO,41,3.7,2,0.9383,0,4737.0,92
AMB-T2-007,2025-12-05,Random Forest,0.2897,MEDIO,0,0.0,0,1.0,1,4231.0,116
AMB-T2-025,2025-08-29,Random Forest,0.2897,MEDIO,38,0.0,0,1.0,1,3742.0,79
AMB-T2-020,2025-05-16,Random Forest,0.2895,MEDIO,60,1.0,0,0.9833,1,4480.0,87
AMB-T2-020,2025-05-30,Random Forest,0.2895,MEDIO,60,1.0,0,0.9833,1,4480.0,87
AMB-T2-020,2025-05-23,Random Forest,0.2895,MEDIO,60,1.0,0,0.9833,1,4480.0,87
AMB-T2-020,2025-05-02,Random Forest,0.2895,MEDIO,60,1.0,0,0.9833,1,4480.0,87
AMB-T2-020,2025-05-09,Random Forest,0.2895,MEDIO,60,1.0,0,0.9833,1,4480.0,87
AMB-T2-010,2025-12-05,Random Forest,0.2882,MEDIO,16,3.7,1,0.9383,0,5736.0,115
AMB-T2-017,2025-12-05,Random Forest,0.2876,MEDIO,60,0.0,0,1.0,1,4900.0,127
AMB-T2-017,2025-12-12,Random Forest,0.2876,MEDIO,60,0.0,0,1.0,1,4900.0,127
AMB-T2-009,2025-10-24,Random Forest,0.287,MEDIO,36,4.7,1,0.9217,0,3848.0,46
AMB-T2-012,2025-05-30,Random Forest,0.287,MEDIO,46,5.6,2,0.9067,0,5261.0,94
AMB-T2-018,2025-10-17,Random Forest,0.287,MEDIO,58,4.6,1,0.9233,1,5692.0,112
AMB-T2-020,2025-03-14,Random Forest,0.2866,MEDIO,60,0.0,0,1.0,1,5666.0,111
AMB-T2-020,2025-03-07,Random Forest,0.2866,MEDIO,60,0.0,0,1.0,1,5666.0,111
AMB-T2-020,2025-03-28,Random Forest,0.2866,MEDIO,60,0.0,0,1.0,1,5666.0,111
AMB-T2-025,2025-08-22,Random Forest,0.2866,MEDIO,31,0.0,0,1.0,1,3742.0,79
AMB-T2-020,2025-03-21,Random Forest,0.2866,MEDIO,60,0.0,0,1.0,1,5666.0,111
AMB-T2-013,2025-02-21,Random Forest,0.2864,MEDIO,38,0.8,2,0.9867,1,5693.0,69
AMB-T2-012,2025-02-14,Random Forest,0.2863,MEDIO,43,1.0,0,0.9833,1,6153.0,83
AMB-T2-018,2025-09-26,Random Forest,0.2854,MEDIO,37,4.6,2,0.9233,0,5324.0,112
AMB-T2-003,2025-06-20,Random Forest,0.2844,MEDIO,5,4.0,1,0.9333,0,4668.0,114
AMB-T2-002,2025-01-03,Random Forest,0.2825,MEDIO,32,4.6,2,0.9233,0,5688.0,121
AMB-T2-024,2025-05-02,Random Forest,0.2818,MEDIO,39,1.0,1,0.9833,1,7872.0,80
AMB-T2-014,2025-05-23,Random Forest,0.2816,MEDIO,53,2.0,1,0.9667,1,7760.0,119
AMB-T2-012,2025-11-28,Random Forest,0.2812,MEDIO,26,9.6,2,0.84,1,6158.0,96
AMB-T2-026,2025-08-22,Random Forest,0.281,MEDIO,42,0.0,1,1.0,1,7472.0,122
AMB-T2-010,2025-11-14,Random Forest,0.2807,MEDIO,53,0.0,1,1.0,1,6042.0,109
AMB-T2-014,2025-05-16,Random Forest,0.2792,MEDIO,46,2.0,1,0.9667,1,7760.0,119
AMB-T2-031,2025-08-29,Random Forest,0.279,MEDIO,60,0.0,0,1.0,1,6245.0,122
AMB-T2-031,2025-08-22,Random Forest,0.279,MEDIO,60,0.0,0,1.0,1,6245.0,122
AMB-T2-018,2025-12-12,Random Forest,0.278,MEDIO,51,1.9,1,0.9683,1,5515.0,90
AMB-T2-030,2025-03-28,Random Forest,0.2776,MEDIO,30,3.4,2,0.9433,0,4577.0,49
AMB-T2-014,2025-09-05,Random Forest,0.2768,MEDIO,37,0.0,1,1.0,0,8085.0,113
AMB-T2-007,2025-09-12,Random Forest,0.2759,MEDIO,20,2.6,2,0.9567,0,4470.0,104
AMB-T2-018,2025-11-21,Random Forest,0.2755,MEDIO,30,1.9,1,0.9683,1,6087.0,87
AMB-T2-018,2025-10-03,Random Forest,0.2752,MEDIO,44,4.6,1,0.9233,1,5692.0,112
AMB-T2-030,2025-06-27,Random Forest,0.2752,MEDIO,1,0.0,0,1.0,1,4517.0,92
AMB-T2-010,2025-12-12,Random Forest,0.2745,MEDIO,23,3.7,1,0.9383,0,5736.0,115
AMB-T2-033,2025-08-22,Random Forest,0.2741,MEDIO,16,5.9,2,0.9017,1,6549.0,94
AMB-T2-014,2025-02-14,Random Forest,0.2733,MEDIO,37,0.0,1,1.0,1,8323.0,95
AMB-T2-024,2025-04-04,Random Forest,0.2728,MEDIO,11,5.8,2,0.9033,1,8441.0,109
AMB-T2-018,2025-12-05,Random Forest,0.2722,MEDIO,44,1.9,1,0.9683,1,5515.0,90
AMB-T2-012,2025-12-12,Random Forest,0.2705,MEDIO,1,17.0,3,0.7167,1,6275.0,106
AMB-T2-007,2025-09-26,Random Forest,0.2705,MEDIO,34,2.6,1,0.9567,1,4470.0,104
AMB-T2-003,2025-06-13,Random Forest,0.2701,MEDIO,54,0.0,1,1.0,1,4668.0,114
AMB-T2-026,2025-09-12,Random Forest,0.27,MEDIO,14,6.3,1,0.895,0,7026.0,103
AMB-T2-026,2025-02-28,Random Forest,0.2699,MEDIO,28,2.0,2,0.9667,0,7586.0,108
AMB-T2-015,2025-03-14,Random Forest,0.2699,MEDIO,37,4.6,1,0.9233,1,4679.0,100
AMB-T2-026,2025-09-19,Random Forest,0.2699,MEDIO,21,6.3,1,0.895,0,7026.0,103
AMB-T2-011,2025-08-29,Random Forest,0.2695,MEDIO,34,5.5,2,0.9083,1,4450.0,93
AMB-T2-003,2025-06-06,Random Forest,0.2681,MEDIO,47,0.0,1,1.0,1,4668.0,114
AMB-T2-024,2025-04-25,Random Forest,0.268,MEDIO,32,1.0,1,0.9833,1,8441.0,109
AMB-T2-018,2025-11-28,Random Forest,0.2678,MEDIO,37,1.9,1,0.9683,1,6087.0,87
AMB-T2-003,2025-06-27,Random Forest,0.2674,MEDIO,12,4.0,1,0.9333,0,4668.0,114
AMB-T2-017,2025-10-17,Random Forest,0.267,MEDIO,34,3.7,2,0.9383,0,4737.0,92
AMB-T2-012,2025-05-23,Random Forest,0.266,MEDIO,39,5.6,2,0.9067,0,5261.0,94
AMB-T2-020,2025-04-25,Random Forest,0.2633,MEDIO,60,1.0,0,0.9833,1,5175.0,88
AMB-T2-011,2025-08-22,Random Forest,0.2603,MEDIO,27,5.5,2,0.9083,1,4450.0,93
AMB-T2-022,2025-10-10,Random Forest,0.2595,MEDIO,19,6.0,2,0.9,1,6528.0,103
AMB-T2-015,2025-03-07,Random Forest,0.259,MEDIO,30,4.6,1,0.9233,1,4679.0,100
AMB-T2-033,2025-02-28,Random Forest,0.259,MEDIO,49,0.0,1,1.0,1,8325.0,70
AMB-T2-012,2025-02-07,Random Forest,0.2589,MEDIO,36,1.0,0,0.9833,1,6153.0,83
AMB-T2-018,2025-05-30,Random Forest,0.2561,MEDIO,41,2.3,1,0.9617,0,4265.0,100
AMB-T2-020,2025-06-13,Random Forest,0.255,MEDIO,60,1.0,0,0.9833,1,4980.0,91
AMB-T2-020,2025-06-06,Random Forest,0.255,MEDIO,60,1.0,0,0.9833,1,4980.0,91
AMB-T2-009,2025-04-11,Random Forest,0.2545,MEDIO,48,1.9,2,0.9683,0,4505.0,67
AMB-T2-029,2025-11-14,Random Forest,0.2543,MEDIO,60,1.0,0,0.9833,1,5758.0,71
AMB-T2-029,2025-11-07,Random Forest,0.2543,MEDIO,60,1.0,0,0.9833,1,5758.0,71
AMB-T2-017,2025-10-10,Random Forest,0.2542,MEDIO,27,3.7,2,0.9383,0,4737.0,92
AMB-T2-005,2025-07-04,Random Forest,0.2534,MEDIO,55,0.0,1,1.0,1,8004.0,105
AMB-T2-018,2025-05-23,Random Forest,0.2532,MEDIO,34,2.3,1,0.9617,0,4265.0,100
AMB-T2-017,2025-10-03,Random Forest,0.2517,MEDIO,20,3.7,2,0.9383,0,4737.0,92
AMB-T2-015,2025-11-28,Random Forest,0.2507,MEDIO,16,3.1,2,0.9483,0,5251.0,93
AMB-T2-015,2025-11-21,Random Forest,0.2497,BAJO,9,3.1,2,0.9483,0,5251.0,93
AMB-T2-015,2025-11-14,Random Forest,0.249,BAJO,2,3.1,2,0.9483,0,5251.0,93
AMB-T2-032,2025-04-25,Random Forest,0.2457,BAJO,15,5.4,2,0.91,1,7482.0,110
AMB-T2-012,2025-05-16,Random Forest,0.2456,BAJO,32,5.6,2,0.9067,0,5261.0,94
AMB-T2-007,2025-09-19,Random Forest,0.2428,BAJO,27,2.6,2,0.9567,0,4470.0,104
AMB-T2-009,2025-04-04,Random Forest,0.2426,BAJO,41,1.9,2,0.9683,0,4505.0,67
AMB-T2-015,2025-05-23,Random Forest,0.2418,BAJO,29,1.4,1,0.9767,1,6151.0,60
AMB-T2-017,2025-02-07,Random Forest,0.2417,BAJO,42,0.0,0,1.0,1,7518.0,88
AMB-T2-012,2025-05-09,Random Forest,0.2413,BAJO,25,5.6,2,0.9067,0,5261.0,94
AMB-T2-023,2025-10-03,Random Forest,0.2402,BAJO,60,2.1,0,0.965,1,4628.0,69
AMB-T2-023,2025-10-10,Random Forest,0.2402,BAJO,60,2.1,0,0.965,1,4628.0,69
AMB-T2-024,2025-03-28,Random Forest,0.2398,BAJO,4,5.8,2,0.9033,1,7625.0,127
AMB-T2-022,2025-10-17,Random Forest,0.238,BAJO,26,6.0,2,0.9,1,6528.0,103
AMB-T2-032,2025-04-18,Random Forest,0.2368,BAJO,8,5.4,2,0.91,1,7482.0,110
AMB-T2-011,2025-06-13,Random Forest,0.2364,BAJO,58,1.0,1,0.9833,1,5182.0,44
AMB-T2-025,2025-04-04,Random Forest,0.2363,BAJO,30,2.2,1,0.9633,1,5123.0,81
AMB-T2-017,2025-11-07,Random Forest,0.2354,BAJO,55,2.8,1,0.9533,0,4835.0,116
AMB-T2-025,2025-04-11,Random Forest,0.2352,BAJO,37,2.2,1,0.9633,1,5123.0,81
AMB-T2-023,2025-08-29,Random Forest,0.2331,BAJO,60,2.1,0,0.965,1,5523.0,76
AMB-T2-015,2025-12-05,Random Forest,0.2307,BAJO,23,3.1,2,0.9483,0,4881.0,95
AMB-T2-023,2025-09-05,Random Forest,0.2293,BAJO,60,2.1,0,0.965,1,6135.0,84
AMB-T2-023,2025-09-19,Random Forest,0.2293,BAJO,60,2.1,0,0.965,1,6135.0,84
AMB-T2-023,2025-09-12,Random Forest,0.2293,BAJO,60,2.1,0,0.965,1,6135.0,84
AMB-T2-025,2025-05-02,Random Forest,0.2293,BAJO,58,2.2,1,0.9633,1,5482.0,86
AMB-T2-023,2025-09-26,Random Forest,0.2293,BAJO,60,2.1,0,0.965,1,6135.0,84
AMB-T2-026,2025-03-07,Random Forest,0.2292,BAJO,35,2.0,2,0.9667,0,8346.0,95
AMB-T2-014,2025-04-25,Random Forest,0.229,BAJO,25,4.7,1,0.9217,1,8088.0,109
AMB-T2-015,2025-05-30,Random Forest,0.2286,BAJO,36,1.4,1,0.9767,1,6151.0,60
AMB-T2-025,2025-04-25,Random Forest,0.227,BAJO,51,2.2,1,0.9633,1,5123.0,81
AMB-T2-025,2025-04-18,Random Forest,0.2262,BAJO,44,2.2,1,0.9633,1,5123.0,81
AMB-T2-033,2025-03-07,Random Forest,0.2251,BAJO,56,0.0,1,1.0,1,7293.0,81
AMB-T2-027,2025-05-23,Random Forest,0.2237,BAJO,26,5.3,2,0.9117,0,4537.0,68
AMB-T2-015,2025-06-06,Random Forest,0.2215,BAJO,43,1.4,1,0.9767,1,5701.0,63
AMB-T2-032,2025-04-11,Random Forest,0.2209,BAJO,1,5.4,2,0.91,1,7482.0,110
AMB-T2-015,2025-06-13,Random Forest,0.2204,BAJO,50,1.4,1,0.9767,1,5701.0,63
AMB-T2-018,2025-06-06,Random Forest,0.2127,BAJO,48,2.3,1,0.9617,0,5327.0,91
AMB-T2-018,2025-06-13,Random Forest,0.2097,BAJO,55,2.3,1,0.9617,0,5327.0,91
AMB-T2-015,2025-08-29,Random Forest,0.2096,BAJO,29,2.1,1,0.965,0,5944.0,67
AMB-T2-024,2025-03-21,Random Forest,0.2009,BAJO,41,5.8,1,0.9033,1,7625.0,127
AMB-T2-015,2025-09-26,Random Forest,0.1926,BAJO,57,2.1,1,0.965,0,4555.0,76
AMB-T2-015,2025-09-05,Random Forest,0.1923,BAJO,36,2.1,1,0.965,0,4555.0,76
AMB-T2-015,2025-09-12,Random Forest,0.1919,BAJO,43,2.1,1,0.965,0,4555.0,76
AMB-T2-015,2025-09-19,Random Forest,0.1896,BAJO,50,2.1,1,0.965,0,4555.0,76
